CustomLabel,Title,Description,StartPrice,Quantity,PictureURL,ShippingCost
GS,"Pharmacy Bags - GS Design - #25 (6"" x 4"" x 11"")","Pharmacy Bags - GS Design - #25 (6"" x 4"" x 11"")

""
    ""High-quality pharmacy prescription bags featuring the classic design. Strong, dependable paper bags built for everyday pharmacy and retail use.

""
    ""📦 Product Details
""
    ""Design: GS
""
    ""Size: 6"" x 4"" x 11""
""
    ""Quantity: 1
""
    ""Material: Durable paper
""
    ""Condition: Brand new
""
    ""Country of Manufacture: Made in the USA 🇺🇸

""
    ""🚚 Shipping
""
    ""Flat $10 shipping per case.
""
    ""Orders ship within 2 business days — most ship same or next business day.

""
    ""💼 Better Pricing Available
""
    ""Contact bagsupplyco directly for a cheaper rate — even if you are ordering just one case.

""
    ""✔ Sold as a full case only
""
    ""✔ Reliable supply for pharmacies and medical offices

""
    ""Please message with any questions.
",75.80,1,https://www.bagsupplyco.com/catalog/pharmacy/gs/GS-22-FRONT.webp,10.00
GS,"Pharmacy Bags - GS Design - #14 (9"" x 11"")","Pharmacy Bags - GS Design - #14 (9"" x 11"")

""
    ""High-quality pharmacy prescription bags featuring the classic design. Strong, dependable paper bags built for everyday pharmacy and retail use.

""
    ""📦 Product Details
""
    ""Design: GS
""
    ""Size: 9"" x 11""
""
    ""Quantity: 1
""
    ""Material: Durable paper
""
    ""Condition: Brand new
""
    ""Country of Manufacture: Made in the USA 🇺🇸

""
    ""🚚 Shipping
""
    ""Flat $10 shipping per case.
""
    ""Orders ship within 2 business days — most ship same or next business day.

""
    ""💼 Better Pricing Available
""
    ""Contact bagsupplyco directly for a cheaper rate — even if you are ordering just one case.

""
    ""✔ Sold as a full case only
""
    ""✔ Reliable supply for pharmacies and medical offices

""
    ""Please message with any questions.
",114.64,1,https://www.bagsupplyco.com/catalog/pharmacy/gs/GS-22-FRONT.webp,10.00
GS,"Pharmacy Bags - GS Design - #15 (8.5"" x 3.5"" x 14.5"")","Pharmacy Bags - GS Design - #15 (8.5"" x 3.5"" x 14.5"")

""
    ""High-quality pharmacy prescription bags featuring the classic design. Strong, dependable paper bags built for everyday pharmacy and retail use.

""
    ""📦 Product Details
""
    ""Design: GS
""
    ""Size: 8.5"" x 3.5"" x 14.5""
""
    ""Quantity: 1
""
    ""Material: Durable paper
""
    ""Condition: Brand new
""
    ""Country of Manufacture: Made in the USA 🇺🇸

""
    ""🚚 Shipping
""
    ""Flat $10 shipping per case.
""
    ""Orders ship within 2 business days — most ship same or next business day.

""
    ""💼 Better Pricing Available
""
    ""Contact bagsupplyco directly for a cheaper rate — even if you are ordering just one case.

""
    ""✔ Sold as a full case only
""
    ""✔ Reliable supply for pharmacies and medical offices

""
    ""Please message with any questions.
",110.15,1,https://www.bagsupplyco.com/catalog/pharmacy/gs/GS-22-FRONT.webp,10.00
TY,"Pharmacy Bags - TY Design - #22 (4.5"" x 2.25"" x 11"")","Pharmacy Bags - TY Design - #22 (4.5"" x 2.25"" x 11"")

""
    ""High-quality pharmacy prescription bags featuring the classic design. Strong, dependable paper bags built for everyday pharmacy and retail use.

""
    ""📦 Product Details
""
    ""Design: Thank You
""
    ""Size: 4.5"" x 2.25"" x 11""
""
    ""Quantity: 1
""
    ""Material: Durable paper
""
    ""Condition: Brand new
""
    ""Country of Manufacture: Made in the USA 🇺🇸

""
    ""🚚 Shipping
""
    ""Flat $10 shipping per case.
""
    ""Orders ship within 2 business days — most ship same or next business day.

""
    ""💼 Better Pricing Available
""
    ""Contact bagsupplyco directly for a cheaper rate — even if you are ordering just one case.

""
    ""✔ Sold as a full case only
""
    ""✔ Reliable supply for pharmacies and medical offices

""
    ""Please message with any questions.
",137.78,1,https://www.bagsupplyco.com/catalog/pharmacy/ty/TY-22-FRONT.webp,10.00
TY,"Pharmacy Bags - TY Design - #23 (5"" x 2"" x 10"")","Pharmacy Bags - TY Design - #23 (5"" x 2"" x 10"")

""
    ""High-quality pharmacy prescription bags featuring the classic design. Strong, dependable paper bags built for everyday pharmacy and retail use.

""
    ""📦 Product Details
""
    ""Design: Thank You
""
    ""Size: 5"" x 2"" x 10""
""
    ""Quantity: 1
""
    ""Material: Durable paper
""
    ""Condition: Brand new
""
    ""Country of Manufacture: Made in the USA 🇺🇸

""
    ""🚚 Shipping
""
    ""Flat $10 shipping per case.
""
    ""Orders ship within 2 business days — most ship same or next business day.

""
    ""💼 Better Pricing Available
""
    ""Contact bagsupplyco directly for a cheaper rate — even if you are ordering just one case.

""
    ""✔ Sold as a full case only
""
    ""✔ Reliable supply for pharmacies and medical offices

""
    ""Please message with any questions.
",135.02,1,https://www.bagsupplyco.com/catalog/pharmacy/ty/TY-22-FRONT.webp,10.00
TY,"Pharmacy Bags - TY Design - #25 (6"" x 4"" x 11"")","Pharmacy Bags - TY Design - #25 (6"" x 4"" x 11"")

""
    ""High-quality pharmacy prescription bags featuring the classic design. Strong, dependable paper bags built for everyday pharmacy and retail use.

""
    ""📦 Product Details
""
    ""Design: Thank You
""
    ""Size: 6"" x 4"" x 11""
""
    ""Quantity: 1
""
    ""Material: Durable paper
""
    ""Condition: Brand new
""
    ""Country of Manufacture: Made in the USA 🇺🇸

""
    ""🚚 Shipping
""
    ""Flat $10 shipping per case.
""
    ""Orders ship within 2 business days — most ship same or next business day.

""
    ""💼 Better Pricing Available
""
    ""Contact bagsupplyco directly for a cheaper rate — even if you are ordering just one case.

""
    ""✔ Sold as a full case only
""
    ""✔ Reliable supply for pharmacies and medical offices

""
    ""Please message with any questions.
",75.80,1,https://www.bagsupplyco.com/catalog/pharmacy/ty/TY-22-FRONT.webp,10.00
TY,"Pharmacy Bags - TY Design - #26 (7"" x 4"" x 14"")","Pharmacy Bags - TY Design - #26 (7"" x 4"" x 14"")

""
    ""High-quality pharmacy prescription bags featuring the classic design. Strong, dependable paper bags built for everyday pharmacy and retail use.

""
    ""📦 Product Details
""
    ""Design: Thank You
""
    ""Size: 7"" x 4"" x 14""
""
    ""Quantity: 1
""
    ""Material: Durable paper
""
    ""Condition: Brand new
""
    ""Country of Manufacture: Made in the USA 🇺🇸

""
    ""🚚 Shipping
""
    ""Flat $10 shipping per case.
""
    ""Orders ship within 2 business days — most ship same or next business day.

""
    ""💼 Better Pricing Available
""
    ""Contact bagsupplyco directly for a cheaper rate — even if you are ordering just one case.

""
    ""✔ Sold as a full case only
""
    ""✔ Reliable supply for pharmacies and medical offices

""
    ""Please message with any questions.
",117.63,1,https://www.bagsupplyco.com/catalog/pharmacy/ty/TY-22-FRONT.webp,10.00
TY,"Pharmacy Bags - TY Design - #28 (8"" x 5"" x 17"")","Pharmacy Bags - TY Design - #28 (8"" x 5"" x 17"")

""
    ""High-quality pharmacy prescription bags featuring the classic design. Strong, dependable paper bags built for everyday pharmacy and retail use.

""
    ""📦 Product Details
""
    ""Design: Thank You
""
    ""Size: 8"" x 5"" x 17""
""
    ""Quantity: 1
""
    ""Material: Durable paper
""
    ""Condition: Brand new
""
    ""Country of Manufacture: Made in the USA 🇺🇸

""
    ""🚚 Shipping
""
    ""Flat $10 shipping per case.
""
    ""Orders ship within 2 business days — most ship same or next business day.

""
    ""💼 Better Pricing Available
""
    ""Contact bagsupplyco directly for a cheaper rate — even if you are ordering just one case.

""
    ""✔ Sold as a full case only
""
    ""✔ Reliable supply for pharmacies and medical offices

""
    ""Please message with any questions.
",128.91,1,https://www.bagsupplyco.com/catalog/pharmacy/ty/TY-22-FRONT.webp,10.00
TY,"Pharmacy Bags - TY Design - #12 (7"" x 10"")","Pharmacy Bags - TY Design - #12 (7"" x 10"")

""
    ""High-quality pharmacy prescription bags featuring the classic design. Strong, dependable paper bags built for everyday pharmacy and retail use.

""
    ""📦 Product Details
""
    ""Design: Thank You
""
    ""Size: 7"" x 10""
""
    ""Quantity: 1
""
    ""Material: Durable paper
""
    ""Condition: Brand new
""
    ""Country of Manufacture: Made in the USA 🇺🇸

""
    ""🚚 Shipping
""
    ""Flat $10 shipping per case.
""
    ""Orders ship within 2 business days — most ship same or next business day.

""
    ""💼 Better Pricing Available
""
    ""Contact bagsupplyco directly for a cheaper rate — even if you are ordering just one case.

""
    ""✔ Sold as a full case only
""
    ""✔ Reliable supply for pharmacies and medical offices

""
    ""Please message with any questions.
",132.65,1,https://www.bagsupplyco.com/catalog/pharmacy/ty/TY-22-FRONT.webp,10.00
TY,"Pharmacy Bags - TY Design - #14 (9"" x 11"")","Pharmacy Bags - TY Design - #14 (9"" x 11"")

""
    ""High-quality pharmacy prescription bags featuring the classic design. Strong, dependable paper bags built for everyday pharmacy and retail use.

""
    ""📦 Product Details
""
    ""Design: Thank You
""
    ""Size: 9"" x 11""
""
    ""Quantity: 1
""
    ""Material: Durable paper
""
    ""Condition: Brand new
""
    ""Country of Manufacture: Made in the USA 🇺🇸

""
    ""🚚 Shipping
""
    ""Flat $10 shipping per case.
""
    ""Orders ship within 2 business days — most ship same or next business day.

""
    ""💼 Better Pricing Available
""
    ""Contact bagsupplyco directly for a cheaper rate — even if you are ordering just one case.

""
    ""✔ Sold as a full case only
""
    ""✔ Reliable supply for pharmacies and medical offices

""
    ""Please message with any questions.
",114.64,1,https://www.bagsupplyco.com/catalog/pharmacy/ty/TY-22-FRONT.webp,10.00
TY,"Pharmacy Bags - TY Design - #15 (8.5"" x 3.5"" x 14.5"")","Pharmacy Bags - TY Design - #15 (8.5"" x 3.5"" x 14.5"")

""
    ""High-quality pharmacy prescription bags featuring the classic design. Strong, dependable paper bags built for everyday pharmacy and retail use.

""
    ""📦 Product Details
""
    ""Design: Thank You
""
    ""Size: 8.5"" x 3.5"" x 14.5""
""
    ""Quantity: 1
""
    ""Material: Durable paper
""
    ""Condition: Brand new
""
    ""Country of Manufacture: Made in the USA 🇺🇸

""
    ""🚚 Shipping
""
    ""Flat $10 shipping per case.
""
    ""Orders ship within 2 business days — most ship same or next business day.

""
    ""💼 Better Pricing Available
""
    ""Contact bagsupplyco directly for a cheaper rate — even if you are ordering just one case.

""
    ""✔ Sold as a full case only
""
    ""✔ Reliable supply for pharmacies and medical offices

""
    ""Please message with any questions.
",110.15,1,https://www.bagsupplyco.com/catalog/pharmacy/ty/TY-22-FRONT.webp,10.00
VB6,"Veterinary Bag Design #VB6 - Pinch bottom #22 (4.5"" x 2.25"" x 11"")","Veterinary Bag Design #VB6 - Pinch bottom #22 (4.5"" x 2.25"" x 11"")

""
    ""High-quality pharmacy prescription bags featuring the classic design. Strong, dependable paper bags built for everyday pharmacy and retail use.

""
    ""📦 Product Details
""
    ""Design: Veterinary
""
    ""Size: 4.5"" x 2.25"" x 11""
""
    ""Quantity: 1
""
    ""Material: Durable paper
""
    ""Condition: Brand new
""
    ""Country of Manufacture: Made in the USA 🇺🇸

""
    ""🚚 Shipping
""
    ""Flat $10 shipping per case.
""
    ""Orders ship within 2 business days — most ship same or next business day.

""
    ""💼 Better Pricing Available
""
    ""Contact bagsupplyco directly for a cheaper rate — even if you are ordering just one case.

""
    ""✔ Sold as a full case only
""
    ""✔ Reliable supply for pharmacies and medical offices

""
    ""Please message with any questions.
",137.78,1,https://www.bagsupplyco.com/catalog/veterinary/vb6/VB6-22-FRONT.webp,10.00
VB6,"Veterinary Bag Design #VB6 - Flat bag #12 (7"" x 10"")","Veterinary Bag Design #VB6 - Flat bag #12 (7"" x 10"")

""
    ""High-quality pharmacy prescription bags featuring the classic design. Strong, dependable paper bags built for everyday pharmacy and retail use.

""
    ""📦 Product Details
""
    ""Design: Veterinary
""
    ""Size: 7"" x 10""
""
    ""Quantity: 1
""
    ""Material: Durable paper
""
    ""Condition: Brand new
""
    ""Country of Manufacture: Made in the USA 🇺🇸

""
    ""🚚 Shipping
""
    ""Flat $10 shipping per case.
""
    ""Orders ship within 2 business days — most ship same or next business day.

""
    ""💼 Better Pricing Available
""
    ""Contact bagsupplyco directly for a cheaper rate — even if you are ordering just one case.

""
    ""✔ Sold as a full case only
""
    ""✔ Reliable supply for pharmacies and medical offices

""
    ""Please message with any questions.
",132.65,1,https://www.bagsupplyco.com/catalog/veterinary/vb6/VB6-22-FRONT.webp,10.00
VB6,"Veterinary Bag Design #VB6 - Square bottom #25 (6"" x 4"" x 11"")","Veterinary Bag Design #VB6 - Square bottom #25 (6"" x 4"" x 11"")

""
    ""High-quality pharmacy prescription bags featuring the classic design. Strong, dependable paper bags built for everyday pharmacy and retail use.

""
    ""📦 Product Details
""
    ""Design: Veterinary
""
    ""Size: 6"" x 4"" x 11""
""
    ""Quantity: 1
""
    ""Material: Durable paper
""
    ""Condition: Brand new
""
    ""Country of Manufacture: Made in the USA 🇺🇸

""
    ""🚚 Shipping
""
    ""Flat $10 shipping per case.
""
    ""Orders ship within 2 business days — most ship same or next business day.

""
    ""💼 Better Pricing Available
""
    ""Contact bagsupplyco directly for a cheaper rate — even if you are ordering just one case.

""
    ""✔ Sold as a full case only
""
    ""✔ Reliable supply for pharmacies and medical offices

""
    ""Please message with any questions.
",75.80,1,https://www.bagsupplyco.com/catalog/veterinary/vb6/VB6-22-FRONT.webp,10.00
DISPENSARY-PRESCRIPTION-EXIT-BAG,"Classic RX Prescription Pharmacy Bags - Classic RX (10"" x 5"" x 1"")","Classic RX Prescription Pharmacy Bags - Classic RX (10"" x 5"" x 1"")

""
    ""High-quality pharmacy prescription bags featuring the classic design. Strong, dependable paper bags built for everyday pharmacy and retail use.

""
    ""📦 Product Details
""
    ""Design: DISPENSARY-PRESCRIPTION-EXIT-BAG
""
    ""Size: 10"" x 5"" x 1""
""
    ""Quantity: 1
""
    ""Material: Durable paper
""
    ""Condition: Brand new
""
    ""Country of Manufacture: Made in the USA 🇺🇸

""
    ""🚚 Shipping
""
    ""Flat $10 shipping per case.
""
    ""Orders ship within 2 business days — most ship same or next business day.

""
    ""💼 Better Pricing Available
""
    ""Contact bagsupplyco directly for a cheaper rate — even if you are ordering just one case.

""
    ""✔ Sold as a full case only
""
    ""✔ Reliable supply for pharmacies and medical offices

""
    ""Please message with any questions.
",126.50,1,https://www.bagsupplyco.com/catalog/dispensary/4947165f2c_21-ds_f4603711.jpg,10.00
DISPENSARY-PRESCRIPTION-EXIT-BAG,"Classic RX Prescription Pharmacy Bags - #12-DS (7"" x 10"")","Classic RX Prescription Pharmacy Bags - #12-DS (7"" x 10"")

""
    ""High-quality pharmacy prescription bags featuring the classic design. Strong, dependable paper bags built for everyday pharmacy and retail use.

""
    ""📦 Product Details
""
    ""Design: DISPENSARY-PRESCRIPTION-EXIT-BAG
""
    ""Size: 7"" x 10""
""
    ""Quantity: 1
""
    ""Material: Durable paper
""
    ""Condition: Brand new
""
    ""Country of Manufacture: Made in the USA 🇺🇸

""
    ""🚚 Shipping
""
    ""Flat $10 shipping per case.
""
    ""Orders ship within 2 business days — most ship same or next business day.

""
    ""💼 Better Pricing Available
""
    ""Contact bagsupplyco directly for a cheaper rate — even if you are ordering just one case.

""
    ""✔ Sold as a full case only
""
    ""✔ Reliable supply for pharmacies and medical offices

""
    ""Please message with any questions.
",51.75,1,https://www.bagsupplyco.com/catalog/dispensary/4947165f2c_21-ds_f4603711.jpg,10.00
DS-10,"Dispensary Bag Design #10 - Classic RX (10"" x 5"" x 1"")","Dispensary Bag Design #10 - Classic RX (10"" x 5"" x 1"")

""
    ""High-quality pharmacy prescription bags featuring the classic design. Strong, dependable paper bags built for everyday pharmacy and retail use.

""
    ""📦 Product Details
""
    ""Design: DS-10
""
    ""Size: 10"" x 5"" x 1""
""
    ""Quantity: 1
""
    ""Material: Durable paper
""
    ""Condition: Brand new
""
    ""Country of Manufacture: Made in the USA 🇺🇸

""
    ""🚚 Shipping
""
    ""Flat $10 shipping per case.
""
    ""Orders ship within 2 business days — most ship same or next business day.

""
    ""💼 Better Pricing Available
""
    ""Contact bagsupplyco directly for a cheaper rate — even if you are ordering just one case.

""
    ""✔ Sold as a full case only
""
    ""✔ Reliable supply for pharmacies and medical offices

""
    ""Please message with any questions.
",49.91,1,https://www.bagsupplyco.com/images/catalog/smoke-shop/dispensary-bag-design-10.webp,10.00
DS-10,"Dispensary Bag Design #10 - #12-DS (7"" x 10"")","Dispensary Bag Design #10 - #12-DS (7"" x 10"")

""
    ""High-quality pharmacy prescription bags featuring the classic design. Strong, dependable paper bags built for everyday pharmacy and retail use.

""
    ""📦 Product Details
""
    ""Design: DS-10
""
    ""Size: 7"" x 10""
""
    ""Quantity: 1
""
    ""Material: Durable paper
""
    ""Condition: Brand new
""
    ""Country of Manufacture: Made in the USA 🇺🇸

""
    ""🚚 Shipping
""
    ""Flat $10 shipping per case.
""
    ""Orders ship within 2 business days — most ship same or next business day.

""
    ""💼 Better Pricing Available
""
    ""Contact bagsupplyco directly for a cheaper rate — even if you are ordering just one case.

""
    ""✔ Sold as a full case only
""
    ""✔ Reliable supply for pharmacies and medical offices

""
    ""Please message with any questions.
",49.91,1,https://www.bagsupplyco.com/images/catalog/smoke-shop/dispensary-bag-design-10.webp,10.00
DS-11,"Dispensary Bag Design #11 - Classic RX (10"" x 5"" x 1"")","Dispensary Bag Design #11 - Classic RX (10"" x 5"" x 1"")

""
    ""High-quality pharmacy prescription bags featuring the classic design. Strong, dependable paper bags built for everyday pharmacy and retail use.

""
    ""📦 Product Details
""
    ""Design: DS-11
""
    ""Size: 10"" x 5"" x 1""
""
    ""Quantity: 1
""
    ""Material: Durable paper
""
    ""Condition: Brand new
""
    ""Country of Manufacture: Made in the USA 🇺🇸

""
    ""🚚 Shipping
""
    ""Flat $10 shipping per case.
""
    ""Orders ship within 2 business days — most ship same or next business day.

""
    ""💼 Better Pricing Available
""
    ""Contact bagsupplyco directly for a cheaper rate — even if you are ordering just one case.

""
    ""✔ Sold as a full case only
""
    ""✔ Reliable supply for pharmacies and medical offices

""
    ""Please message with any questions.
",49.91,1,https://www.bagsupplyco.com/images/catalog/smoke-shop/dispensary-bag-design-11.webp,10.00
DS-11,"Dispensary Bag Design #11 - #12-DS (7"" x 10"")","Dispensary Bag Design #11 - #12-DS (7"" x 10"")

""
    ""High-quality pharmacy prescription bags featuring the classic design. Strong, dependable paper bags built for everyday pharmacy and retail use.

""
    ""📦 Product Details
""
    ""Design: DS-11
""
    ""Size: 7"" x 10""
""
    ""Quantity: 1
""
    ""Material: Durable paper
""
    ""Condition: Brand new
""
    ""Country of Manufacture: Made in the USA 🇺🇸

""
    ""🚚 Shipping
""
    ""Flat $10 shipping per case.
""
    ""Orders ship within 2 business days — most ship same or next business day.

""
    ""💼 Better Pricing Available
""
    ""Contact bagsupplyco directly for a cheaper rate — even if you are ordering just one case.

""
    ""✔ Sold as a full case only
""
    ""✔ Reliable supply for pharmacies and medical offices

""
    ""Please message with any questions.
",49.91,1,https://www.bagsupplyco.com/images/catalog/smoke-shop/dispensary-bag-design-11.webp,10.00
DS-12,"Dispensary Bag Design #12 - Classic RX (10"" x 5"" x 1"")","Dispensary Bag Design #12 - Classic RX (10"" x 5"" x 1"")

""
    ""High-quality pharmacy prescription bags featuring the classic design. Strong, dependable paper bags built for everyday pharmacy and retail use.

""
    ""📦 Product Details
""
    ""Design: DS-12
""
    ""Size: 10"" x 5"" x 1""
""
    ""Quantity: 1
""
    ""Material: Durable paper
""
    ""Condition: Brand new
""
    ""Country of Manufacture: Made in the USA 🇺🇸

""
    ""🚚 Shipping
""
    ""Flat $10 shipping per case.
""
    ""Orders ship within 2 business days — most ship same or next business day.

""
    ""💼 Better Pricing Available
""
    ""Contact bagsupplyco directly for a cheaper rate — even if you are ordering just one case.

""
    ""✔ Sold as a full case only
""
    ""✔ Reliable supply for pharmacies and medical offices

""
    ""Please message with any questions.
",49.91,1,https://www.bagsupplyco.com/images/catalog/smoke-shop/dispensary-bag-design-12.webp,10.00
DS-12,"Dispensary Bag Design #12 - #12-DS (7"" x 10"")","Dispensary Bag Design #12 - #12-DS (7"" x 10"")

""
    ""High-quality pharmacy prescription bags featuring the classic design. Strong, dependable paper bags built for everyday pharmacy and retail use.

""
    ""📦 Product Details
""
    ""Design: DS-12
""
    ""Size: 7"" x 10""
""
    ""Quantity: 1
""
    ""Material: Durable paper
""
    ""Condition: Brand new
""
    ""Country of Manufacture: Made in the USA 🇺🇸

""
    ""🚚 Shipping
""
    ""Flat $10 shipping per case.
""
    ""Orders ship within 2 business days — most ship same or next business day.

""
    ""💼 Better Pricing Available
""
    ""Contact bagsupplyco directly for a cheaper rate — even if you are ordering just one case.

""
    ""✔ Sold as a full case only
""
    ""✔ Reliable supply for pharmacies and medical offices

""
    ""Please message with any questions.
",49.91,1,https://www.bagsupplyco.com/images/catalog/smoke-shop/dispensary-bag-design-12.webp,10.00
DS-13,"Dispensary Bag Design #13 - Classic RX (10"" x 5"" x 1"")","Dispensary Bag Design #13 - Classic RX (10"" x 5"" x 1"")

""
    ""High-quality pharmacy prescription bags featuring the classic design. Strong, dependable paper bags built for everyday pharmacy and retail use.

""
    ""📦 Product Details
""
    ""Design: DS-13
""
    ""Size: 10"" x 5"" x 1""
""
    ""Quantity: 1
""
    ""Material: Durable paper
""
    ""Condition: Brand new
""
    ""Country of Manufacture: Made in the USA 🇺🇸

""
    ""🚚 Shipping
""
    ""Flat $10 shipping per case.
""
    ""Orders ship within 2 business days — most ship same or next business day.

""
    ""💼 Better Pricing Available
""
    ""Contact bagsupplyco directly for a cheaper rate — even if you are ordering just one case.

""
    ""✔ Sold as a full case only
""
    ""✔ Reliable supply for pharmacies and medical offices

""
    ""Please message with any questions.
",49.91,1,https://www.bagsupplyco.com/images/catalog/smoke-shop/dispensary-bag-design-13.webp,10.00
DS-13,"Dispensary Bag Design #13 - #12-DS (7"" x 10"")","Dispensary Bag Design #13 - #12-DS (7"" x 10"")

""
    ""High-quality pharmacy prescription bags featuring the classic design. Strong, dependable paper bags built for everyday pharmacy and retail use.

""
    ""📦 Product Details
""
    ""Design: DS-13
""
    ""Size: 7"" x 10""
""
    ""Quantity: 1
""
    ""Material: Durable paper
""
    ""Condition: Brand new
""
    ""Country of Manufacture: Made in the USA 🇺🇸

""
    ""🚚 Shipping
""
    ""Flat $10 shipping per case.
""
    ""Orders ship within 2 business days — most ship same or next business day.

""
    ""💼 Better Pricing Available
""
    ""Contact bagsupplyco directly for a cheaper rate — even if you are ordering just one case.

""
    ""✔ Sold as a full case only
""
    ""✔ Reliable supply for pharmacies and medical offices

""
    ""Please message with any questions.
",49.91,1,https://www.bagsupplyco.com/images/catalog/smoke-shop/dispensary-bag-design-13.webp,10.00
DS-14,"Dispensary Bag Design #14 - Classic RX (10"" x 5"" x 1"")","Dispensary Bag Design #14 - Classic RX (10"" x 5"" x 1"")

""
    ""High-quality pharmacy prescription bags featuring the classic design. Strong, dependable paper bags built for everyday pharmacy and retail use.

""
    ""📦 Product Details
""
    ""Design: DS-14
""
    ""Size: 10"" x 5"" x 1""
""
    ""Quantity: 1
""
    ""Material: Durable paper
""
    ""Condition: Brand new
""
    ""Country of Manufacture: Made in the USA 🇺🇸

""
    ""🚚 Shipping
""
    ""Flat $10 shipping per case.
""
    ""Orders ship within 2 business days — most ship same or next business day.

""
    ""💼 Better Pricing Available
""
    ""Contact bagsupplyco directly for a cheaper rate — even if you are ordering just one case.

""
    ""✔ Sold as a full case only
""
    ""✔ Reliable supply for pharmacies and medical offices

""
    ""Please message with any questions.
",49.91,1,https://www.bagsupplyco.com/images/catalog/smoke-shop/dispensary-bag-design-14.webp,10.00
DS-14,"Dispensary Bag Design #14 - #12-DS (7"" x 10"")","Dispensary Bag Design #14 - #12-DS (7"" x 10"")

""
    ""High-quality pharmacy prescription bags featuring the classic design. Strong, dependable paper bags built for everyday pharmacy and retail use.

""
    ""📦 Product Details
""
    ""Design: DS-14
""
    ""Size: 7"" x 10""
""
    ""Quantity: 1
""
    ""Material: Durable paper
""
    ""Condition: Brand new
""
    ""Country of Manufacture: Made in the USA 🇺🇸

""
    ""🚚 Shipping
""
    ""Flat $10 shipping per case.
""
    ""Orders ship within 2 business days — most ship same or next business day.

""
    ""💼 Better Pricing Available
""
    ""Contact bagsupplyco directly for a cheaper rate — even if you are ordering just one case.

""
    ""✔ Sold as a full case only
""
    ""✔ Reliable supply for pharmacies and medical offices

""
    ""Please message with any questions.
",49.91,1,https://www.bagsupplyco.com/images/catalog/smoke-shop/dispensary-bag-design-14.webp,10.00
DS-15,"Dispensary Bag Design #15 - Classic RX (10"" x 5"" x 1"")","Dispensary Bag Design #15 - Classic RX (10"" x 5"" x 1"")

""
    ""High-quality pharmacy prescription bags featuring the classic design. Strong, dependable paper bags built for everyday pharmacy and retail use.

""
    ""📦 Product Details
""
    ""Design: DS-15
""
    ""Size: 10"" x 5"" x 1""
""
    ""Quantity: 1
""
    ""Material: Durable paper
""
    ""Condition: Brand new
""
    ""Country of Manufacture: Made in the USA 🇺🇸

""
    ""🚚 Shipping
""
    ""Flat $10 shipping per case.
""
    ""Orders ship within 2 business days — most ship same or next business day.

""
    ""💼 Better Pricing Available
""
    ""Contact bagsupplyco directly for a cheaper rate — even if you are ordering just one case.

""
    ""✔ Sold as a full case only
""
    ""✔ Reliable supply for pharmacies and medical offices

""
    ""Please message with any questions.
",49.91,1,https://www.bagsupplyco.com/images/catalog/smoke-shop/dispensary-bag-design-15.webp,10.00
DS-15,"Dispensary Bag Design #15 - #12-DS (7"" x 10"")","Dispensary Bag Design #15 - #12-DS (7"" x 10"")

""
    ""High-quality pharmacy prescription bags featuring the classic design. Strong, dependable paper bags built for everyday pharmacy and retail use.

""
    ""📦 Product Details
""
    ""Design: DS-15
""
    ""Size: 7"" x 10""
""
    ""Quantity: 1
""
    ""Material: Durable paper
""
    ""Condition: Brand new
""
    ""Country of Manufacture: Made in the USA 🇺🇸

""
    ""🚚 Shipping
""
    ""Flat $10 shipping per case.
""
    ""Orders ship within 2 business days — most ship same or next business day.

""
    ""💼 Better Pricing Available
""
    ""Contact bagsupplyco directly for a cheaper rate — even if you are ordering just one case.

""
    ""✔ Sold as a full case only
""
    ""✔ Reliable supply for pharmacies and medical offices

""
    ""Please message with any questions.
",49.91,1,https://www.bagsupplyco.com/images/catalog/smoke-shop/dispensary-bag-design-15.webp,10.00
DS-16,"Dispensary Bag Design #16 - Classic RX (10"" x 5"" x 1"")","Dispensary Bag Design #16 - Classic RX (10"" x 5"" x 1"")

""
    ""High-quality pharmacy prescription bags featuring the classic design. Strong, dependable paper bags built for everyday pharmacy and retail use.

""
    ""📦 Product Details
""
    ""Design: DS-16
""
    ""Size: 10"" x 5"" x 1""
""
    ""Quantity: 1
""
    ""Material: Durable paper
""
    ""Condition: Brand new
""
    ""Country of Manufacture: Made in the USA 🇺🇸

""
    ""🚚 Shipping
""
    ""Flat $10 shipping per case.
""
    ""Orders ship within 2 business days — most ship same or next business day.

""
    ""💼 Better Pricing Available
""
    ""Contact bagsupplyco directly for a cheaper rate — even if you are ordering just one case.

""
    ""✔ Sold as a full case only
""
    ""✔ Reliable supply for pharmacies and medical offices

""
    ""Please message with any questions.
",49.91,1,https://www.bagsupplyco.com/images/catalog/smoke-shop/dispensary-bag-design-16.webp,10.00
DS-16,"Dispensary Bag Design #16 - #12-DS (7"" x 10"")","Dispensary Bag Design #16 - #12-DS (7"" x 10"")

""
    ""High-quality pharmacy prescription bags featuring the classic design. Strong, dependable paper bags built for everyday pharmacy and retail use.

""
    ""📦 Product Details
""
    ""Design: DS-16
""
    ""Size: 7"" x 10""
""
    ""Quantity: 1
""
    ""Material: Durable paper
""
    ""Condition: Brand new
""
    ""Country of Manufacture: Made in the USA 🇺🇸

""
    ""🚚 Shipping
""
    ""Flat $10 shipping per case.
""
    ""Orders ship within 2 business days — most ship same or next business day.

""
    ""💼 Better Pricing Available
""
    ""Contact bagsupplyco directly for a cheaper rate — even if you are ordering just one case.

""
    ""✔ Sold as a full case only
""
    ""✔ Reliable supply for pharmacies and medical offices

""
    ""Please message with any questions.
",49.91,1,https://www.bagsupplyco.com/images/catalog/smoke-shop/dispensary-bag-design-16.webp,10.00
DS-17,"Dispensary Bag Design #17 - Classic RX (10"" x 5"" x 1"")","Dispensary Bag Design #17 - Classic RX (10"" x 5"" x 1"")

""
    ""High-quality pharmacy prescription bags featuring the classic design. Strong, dependable paper bags built for everyday pharmacy and retail use.

""
    ""📦 Product Details
""
    ""Design: DS-17
""
    ""Size: 10"" x 5"" x 1""
""
    ""Quantity: 1
""
    ""Material: Durable paper
""
    ""Condition: Brand new
""
    ""Country of Manufacture: Made in the USA 🇺🇸

""
    ""🚚 Shipping
""
    ""Flat $10 shipping per case.
""
    ""Orders ship within 2 business days — most ship same or next business day.

""
    ""💼 Better Pricing Available
""
    ""Contact bagsupplyco directly for a cheaper rate — even if you are ordering just one case.

""
    ""✔ Sold as a full case only
""
    ""✔ Reliable supply for pharmacies and medical offices

""
    ""Please message with any questions.
",49.91,1,https://www.bagsupplyco.com/images/catalog/smoke-shop/dispensary-bag-design-17.webp,10.00
DS-17,"Dispensary Bag Design #17 - #12-DS (7"" x 10"")","Dispensary Bag Design #17 - #12-DS (7"" x 10"")

""
    ""High-quality pharmacy prescription bags featuring the classic design. Strong, dependable paper bags built for everyday pharmacy and retail use.

""
    ""📦 Product Details
""
    ""Design: DS-17
""
    ""Size: 7"" x 10""
""
    ""Quantity: 1
""
    ""Material: Durable paper
""
    ""Condition: Brand new
""
    ""Country of Manufacture: Made in the USA 🇺🇸

""
    ""🚚 Shipping
""
    ""Flat $10 shipping per case.
""
    ""Orders ship within 2 business days — most ship same or next business day.

""
    ""💼 Better Pricing Available
""
    ""Contact bagsupplyco directly for a cheaper rate — even if you are ordering just one case.

""
    ""✔ Sold as a full case only
""
    ""✔ Reliable supply for pharmacies and medical offices

""
    ""Please message with any questions.
",49.91,1,https://www.bagsupplyco.com/images/catalog/smoke-shop/dispensary-bag-design-17.webp,10.00
DS-18,"Dispensary Bag Design #18 - Classic RX (10"" x 5"" x 1"")","Dispensary Bag Design #18 - Classic RX (10"" x 5"" x 1"")

""
    ""High-quality pharmacy prescription bags featuring the classic design. Strong, dependable paper bags built for everyday pharmacy and retail use.

""
    ""📦 Product Details
""
    ""Design: DS-18
""
    ""Size: 10"" x 5"" x 1""
""
    ""Quantity: 1
""
    ""Material: Durable paper
""
    ""Condition: Brand new
""
    ""Country of Manufacture: Made in the USA 🇺🇸

""
    ""🚚 Shipping
""
    ""Flat $10 shipping per case.
""
    ""Orders ship within 2 business days — most ship same or next business day.

""
    ""💼 Better Pricing Available
""
    ""Contact bagsupplyco directly for a cheaper rate — even if you are ordering just one case.

""
    ""✔ Sold as a full case only
""
    ""✔ Reliable supply for pharmacies and medical offices

""
    ""Please message with any questions.
",49.91,1,https://www.bagsupplyco.com/images/catalog/smoke-shop/dispensary-bag-design-18.webp,10.00
DS-18,"Dispensary Bag Design #18 - #12-DS (7"" x 10"")","Dispensary Bag Design #18 - #12-DS (7"" x 10"")

""
    ""High-quality pharmacy prescription bags featuring the classic design. Strong, dependable paper bags built for everyday pharmacy and retail use.

""
    ""📦 Product Details
""
    ""Design: DS-18
""
    ""Size: 7"" x 10""
""
    ""Quantity: 1
""
    ""Material: Durable paper
""
    ""Condition: Brand new
""
    ""Country of Manufacture: Made in the USA 🇺🇸

""
    ""🚚 Shipping
""
    ""Flat $10 shipping per case.
""
    ""Orders ship within 2 business days — most ship same or next business day.

""
    ""💼 Better Pricing Available
""
    ""Contact bagsupplyco directly for a cheaper rate — even if you are ordering just one case.

""
    ""✔ Sold as a full case only
""
    ""✔ Reliable supply for pharmacies and medical offices

""
    ""Please message with any questions.
",49.91,1,https://www.bagsupplyco.com/images/catalog/smoke-shop/dispensary-bag-design-18.webp,10.00
DS-19,"Dispensary Bag Design #19 - Classic RX (10"" x 5"" x 1"")","Dispensary Bag Design #19 - Classic RX (10"" x 5"" x 1"")

""
    ""High-quality pharmacy prescription bags featuring the classic design. Strong, dependable paper bags built for everyday pharmacy and retail use.

""
    ""📦 Product Details
""
    ""Design: DS-19
""
    ""Size: 10"" x 5"" x 1""
""
    ""Quantity: 1
""
    ""Material: Durable paper
""
    ""Condition: Brand new
""
    ""Country of Manufacture: Made in the USA 🇺🇸

""
    ""🚚 Shipping
""
    ""Flat $10 shipping per case.
""
    ""Orders ship within 2 business days — most ship same or next business day.

""
    ""💼 Better Pricing Available
""
    ""Contact bagsupplyco directly for a cheaper rate — even if you are ordering just one case.

""
    ""✔ Sold as a full case only
""
    ""✔ Reliable supply for pharmacies and medical offices

""
    ""Please message with any questions.
",49.91,1,https://www.bagsupplyco.com/images/catalog/smoke-shop/dispensary-bag-design-19.webp,10.00
DS-19,"Dispensary Bag Design #19 - #12-DS (7"" x 10"")","Dispensary Bag Design #19 - #12-DS (7"" x 10"")

""
    ""High-quality pharmacy prescription bags featuring the classic design. Strong, dependable paper bags built for everyday pharmacy and retail use.

""
    ""📦 Product Details
""
    ""Design: DS-19
""
    ""Size: 7"" x 10""
""
    ""Quantity: 1
""
    ""Material: Durable paper
""
    ""Condition: Brand new
""
    ""Country of Manufacture: Made in the USA 🇺🇸

""
    ""🚚 Shipping
""
    ""Flat $10 shipping per case.
""
    ""Orders ship within 2 business days — most ship same or next business day.

""
    ""💼 Better Pricing Available
""
    ""Contact bagsupplyco directly for a cheaper rate — even if you are ordering just one case.

""
    ""✔ Sold as a full case only
""
    ""✔ Reliable supply for pharmacies and medical offices

""
    ""Please message with any questions.
",49.91,1,https://www.bagsupplyco.com/images/catalog/smoke-shop/dispensary-bag-design-19.webp,10.00
DS-20,"Dispensary Bag Design #20 - Classic RX (10"" x 5"" x 1"")","Dispensary Bag Design #20 - Classic RX (10"" x 5"" x 1"")

""
    ""High-quality pharmacy prescription bags featuring the classic design. Strong, dependable paper bags built for everyday pharmacy and retail use.

""
    ""📦 Product Details
""
    ""Design: DS-20
""
    ""Size: 10"" x 5"" x 1""
""
    ""Quantity: 1
""
    ""Material: Durable paper
""
    ""Condition: Brand new
""
    ""Country of Manufacture: Made in the USA 🇺🇸

""
    ""🚚 Shipping
""
    ""Flat $10 shipping per case.
""
    ""Orders ship within 2 business days — most ship same or next business day.

""
    ""💼 Better Pricing Available
""
    ""Contact bagsupplyco directly for a cheaper rate — even if you are ordering just one case.

""
    ""✔ Sold as a full case only
""
    ""✔ Reliable supply for pharmacies and medical offices

""
    ""Please message with any questions.
",49.91,1,https://www.bagsupplyco.com/images/catalog/smoke-shop/dispensary-bag-design-20.webp,10.00
DS-20,"Dispensary Bag Design #20 - #12-DS (7"" x 10"")","Dispensary Bag Design #20 - #12-DS (7"" x 10"")

""
    ""High-quality pharmacy prescription bags featuring the classic design. Strong, dependable paper bags built for everyday pharmacy and retail use.

""
    ""📦 Product Details
""
    ""Design: DS-20
""
    ""Size: 7"" x 10""
""
    ""Quantity: 1
""
    ""Material: Durable paper
""
    ""Condition: Brand new
""
    ""Country of Manufacture: Made in the USA 🇺🇸

""
    ""🚚 Shipping
""
    ""Flat $10 shipping per case.
""
    ""Orders ship within 2 business days — most ship same or next business day.

""
    ""💼 Better Pricing Available
""
    ""Contact bagsupplyco directly for a cheaper rate — even if you are ordering just one case.

""
    ""✔ Sold as a full case only
""
    ""✔ Reliable supply for pharmacies and medical offices

""
    ""Please message with any questions.
",49.91,1,https://www.bagsupplyco.com/images/catalog/smoke-shop/dispensary-bag-design-20.webp,10.00
DS-21,"Dispensary Bag Design #21 - Classic RX (10"" x 5"" x 1"")","Dispensary Bag Design #21 - Classic RX (10"" x 5"" x 1"")

""
    ""High-quality pharmacy prescription bags featuring the classic design. Strong, dependable paper bags built for everyday pharmacy and retail use.

""
    ""📦 Product Details
""
    ""Design: DS-21
""
    ""Size: 10"" x 5"" x 1""
""
    ""Quantity: 1
""
    ""Material: Durable paper
""
    ""Condition: Brand new
""
    ""Country of Manufacture: Made in the USA 🇺🇸

""
    ""🚚 Shipping
""
    ""Flat $10 shipping per case.
""
    ""Orders ship within 2 business days — most ship same or next business day.

""
    ""💼 Better Pricing Available
""
    ""Contact bagsupplyco directly for a cheaper rate — even if you are ordering just one case.

""
    ""✔ Sold as a full case only
""
    ""✔ Reliable supply for pharmacies and medical offices

""
    ""Please message with any questions.
",49.91,1,https://www.bagsupplyco.com/images/catalog/smoke-shop/dispensary-bag-design-21.webp,10.00
DS-21,"Dispensary Bag Design #21 - #12-DS (7"" x 10"")","Dispensary Bag Design #21 - #12-DS (7"" x 10"")

""
    ""High-quality pharmacy prescription bags featuring the classic design. Strong, dependable paper bags built for everyday pharmacy and retail use.

""
    ""📦 Product Details
""
    ""Design: DS-21
""
    ""Size: 7"" x 10""
""
    ""Quantity: 1
""
    ""Material: Durable paper
""
    ""Condition: Brand new
""
    ""Country of Manufacture: Made in the USA 🇺🇸

""
    ""🚚 Shipping
""
    ""Flat $10 shipping per case.
""
    ""Orders ship within 2 business days — most ship same or next business day.

""
    ""💼 Better Pricing Available
""
    ""Contact bagsupplyco directly for a cheaper rate — even if you are ordering just one case.

""
    ""✔ Sold as a full case only
""
    ""✔ Reliable supply for pharmacies and medical offices

""
    ""Please message with any questions.
",49.91,1,https://www.bagsupplyco.com/images/catalog/smoke-shop/dispensary-bag-design-21.webp,10.00
DS-22,"Dispensary Bag Design #22 - Classic RX (10"" x 5"" x 1"")","Dispensary Bag Design #22 - Classic RX (10"" x 5"" x 1"")

""
    ""High-quality pharmacy prescription bags featuring the classic design. Strong, dependable paper bags built for everyday pharmacy and retail use.

""
    ""📦 Product Details
""
    ""Design: DS-22
""
    ""Size: 10"" x 5"" x 1""
""
    ""Quantity: 1
""
    ""Material: Durable paper
""
    ""Condition: Brand new
""
    ""Country of Manufacture: Made in the USA 🇺🇸

""
    ""🚚 Shipping
""
    ""Flat $10 shipping per case.
""
    ""Orders ship within 2 business days — most ship same or next business day.

""
    ""💼 Better Pricing Available
""
    ""Contact bagsupplyco directly for a cheaper rate — even if you are ordering just one case.

""
    ""✔ Sold as a full case only
""
    ""✔ Reliable supply for pharmacies and medical offices

""
    ""Please message with any questions.
",49.91,1,https://www.bagsupplyco.com/images/catalog/smoke-shop/dispensary-bag-design-22.webp,10.00
DS-22,"Dispensary Bag Design #22 - #12-DS (7"" x 10"")","Dispensary Bag Design #22 - #12-DS (7"" x 10"")

""
    ""High-quality pharmacy prescription bags featuring the classic design. Strong, dependable paper bags built for everyday pharmacy and retail use.

""
    ""📦 Product Details
""
    ""Design: DS-22
""
    ""Size: 7"" x 10""
""
    ""Quantity: 1
""
    ""Material: Durable paper
""
    ""Condition: Brand new
""
    ""Country of Manufacture: Made in the USA 🇺🇸

""
    ""🚚 Shipping
""
    ""Flat $10 shipping per case.
""
    ""Orders ship within 2 business days — most ship same or next business day.

""
    ""💼 Better Pricing Available
""
    ""Contact bagsupplyco directly for a cheaper rate — even if you are ordering just one case.

""
    ""✔ Sold as a full case only
""
    ""✔ Reliable supply for pharmacies and medical offices

""
    ""Please message with any questions.
",49.91,1,https://www.bagsupplyco.com/images/catalog/smoke-shop/dispensary-bag-design-22.webp,10.00
DS-23,"Dispensary Bag Design #23 - Classic RX (10"" x 5"" x 1"")","Dispensary Bag Design #23 - Classic RX (10"" x 5"" x 1"")

""
    ""High-quality pharmacy prescription bags featuring the classic design. Strong, dependable paper bags built for everyday pharmacy and retail use.

""
    ""📦 Product Details
""
    ""Design: DS-23
""
    ""Size: 10"" x 5"" x 1""
""
    ""Quantity: 1
""
    ""Material: Durable paper
""
    ""Condition: Brand new
""
    ""Country of Manufacture: Made in the USA 🇺🇸

""
    ""🚚 Shipping
""
    ""Flat $10 shipping per case.
""
    ""Orders ship within 2 business days — most ship same or next business day.

""
    ""💼 Better Pricing Available
""
    ""Contact bagsupplyco directly for a cheaper rate — even if you are ordering just one case.

""
    ""✔ Sold as a full case only
""
    ""✔ Reliable supply for pharmacies and medical offices

""
    ""Please message with any questions.
",49.91,1,https://www.bagsupplyco.com/images/catalog/smoke-shop/dispensary-bag-design-23.webp,10.00
DS-23,"Dispensary Bag Design #23 - #12-DS (7"" x 10"")","Dispensary Bag Design #23 - #12-DS (7"" x 10"")

""
    ""High-quality pharmacy prescription bags featuring the classic design. Strong, dependable paper bags built for everyday pharmacy and retail use.

""
    ""📦 Product Details
""
    ""Design: DS-23
""
    ""Size: 7"" x 10""
""
    ""Quantity: 1
""
    ""Material: Durable paper
""
    ""Condition: Brand new
""
    ""Country of Manufacture: Made in the USA 🇺🇸

""
    ""🚚 Shipping
""
    ""Flat $10 shipping per case.
""
    ""Orders ship within 2 business days — most ship same or next business day.

""
    ""💼 Better Pricing Available
""
    ""Contact bagsupplyco directly for a cheaper rate — even if you are ordering just one case.

""
    ""✔ Sold as a full case only
""
    ""✔ Reliable supply for pharmacies and medical offices

""
    ""Please message with any questions.
",49.91,1,https://www.bagsupplyco.com/images/catalog/smoke-shop/dispensary-bag-design-23.webp,10.00
DS-24,"Dispensary Bag Design #24 - Classic RX (10"" x 5"" x 1"")","Dispensary Bag Design #24 - Classic RX (10"" x 5"" x 1"")

""
    ""High-quality pharmacy prescription bags featuring the classic design. Strong, dependable paper bags built for everyday pharmacy and retail use.

""
    ""📦 Product Details
""
    ""Design: DS-24
""
    ""Size: 10"" x 5"" x 1""
""
    ""Quantity: 1
""
    ""Material: Durable paper
""
    ""Condition: Brand new
""
    ""Country of Manufacture: Made in the USA 🇺🇸

""
    ""🚚 Shipping
""
    ""Flat $10 shipping per case.
""
    ""Orders ship within 2 business days — most ship same or next business day.

""
    ""💼 Better Pricing Available
""
    ""Contact bagsupplyco directly for a cheaper rate — even if you are ordering just one case.

""
    ""✔ Sold as a full case only
""
    ""✔ Reliable supply for pharmacies and medical offices

""
    ""Please message with any questions.
",49.91,1,https://www.bagsupplyco.com/images/catalog/smoke-shop/dispensary-bag-design-24.webp,10.00
DS-24,"Dispensary Bag Design #24 - #12-DS (7"" x 10"")","Dispensary Bag Design #24 - #12-DS (7"" x 10"")

""
    ""High-quality pharmacy prescription bags featuring the classic design. Strong, dependable paper bags built for everyday pharmacy and retail use.

""
    ""📦 Product Details
""
    ""Design: DS-24
""
    ""Size: 7"" x 10""
""
    ""Quantity: 1
""
    ""Material: Durable paper
""
    ""Condition: Brand new
""
    ""Country of Manufacture: Made in the USA 🇺🇸

""
    ""🚚 Shipping
""
    ""Flat $10 shipping per case.
""
    ""Orders ship within 2 business days — most ship same or next business day.

""
    ""💼 Better Pricing Available
""
    ""Contact bagsupplyco directly for a cheaper rate — even if you are ordering just one case.

""
    ""✔ Sold as a full case only
""
    ""✔ Reliable supply for pharmacies and medical offices

""
    ""Please message with any questions.
",49.91,1,https://www.bagsupplyco.com/images/catalog/smoke-shop/dispensary-bag-design-24.webp,10.00
FC1C,"Full-Custom, 1-Color Bags - #21 (3.5"" x 1.5"" x 10"")","Full-Custom, 1-Color Bags - #21 (3.5"" x 1.5"" x 10"")

""
    ""High-quality pharmacy prescription bags featuring the classic design. Strong, dependable paper bags built for everyday pharmacy and retail use.

""
    ""📦 Product Details
""
    ""Design: FC1C
""
    ""Size: 3.5"" x 1.5"" x 10""
""
    ""Quantity: 1
""
    ""Material: Durable paper
""
    ""Condition: Brand new
""
    ""Country of Manufacture: Made in the USA 🇺🇸

""
    ""🚚 Shipping
""
    ""Flat $10 shipping per case.
""
    ""Orders ship within 2 business days — most ship same or next business day.

""
    ""💼 Better Pricing Available
""
    ""Contact bagsupplyco directly for a cheaper rate — even if you are ordering just one case.

""
    ""✔ Sold as a full case only
""
    ""✔ Reliable supply for pharmacies and medical offices

""
    ""Please message with any questions.
",109.89,1,https://www.bagsupplyco.com/catalog/custom/1-color/CBC-22-FC1C.webp,10.00
FC1C,"Full-Custom, 1-Color Bags - #22 (4.5"" x 2.25"" x 11"")","Full-Custom, 1-Color Bags - #22 (4.5"" x 2.25"" x 11"")

""
    ""High-quality pharmacy prescription bags featuring the classic design. Strong, dependable paper bags built for everyday pharmacy and retail use.

""
    ""📦 Product Details
""
    ""Design: FC1C
""
    ""Size: 4.5"" x 2.25"" x 11""
""
    ""Quantity: 1
""
    ""Material: Durable paper
""
    ""Condition: Brand new
""
    ""Country of Manufacture: Made in the USA 🇺🇸

""
    ""🚚 Shipping
""
    ""Flat $10 shipping per case.
""
    ""Orders ship within 2 business days — most ship same or next business day.

""
    ""💼 Better Pricing Available
""
    ""Contact bagsupplyco directly for a cheaper rate — even if you are ordering just one case.

""
    ""✔ Sold as a full case only
""
    ""✔ Reliable supply for pharmacies and medical offices

""
    ""Please message with any questions.
",137.77,1,https://www.bagsupplyco.com/catalog/custom/1-color/CBC-22-FC1C.webp,10.00
FC1C,"Full-Custom, 1-Color Bags - #23 (5"" x 2"" x 10"")","Full-Custom, 1-Color Bags - #23 (5"" x 2"" x 10"")

""
    ""High-quality pharmacy prescription bags featuring the classic design. Strong, dependable paper bags built for everyday pharmacy and retail use.

""
    ""📦 Product Details
""
    ""Design: FC1C
""
    ""Size: 5"" x 2"" x 10""
""
    ""Quantity: 1
""
    ""Material: Durable paper
""
    ""Condition: Brand new
""
    ""Country of Manufacture: Made in the USA 🇺🇸

""
    ""🚚 Shipping
""
    ""Flat $10 shipping per case.
""
    ""Orders ship within 2 business days — most ship same or next business day.

""
    ""💼 Better Pricing Available
""
    ""Contact bagsupplyco directly for a cheaper rate — even if you are ordering just one case.

""
    ""✔ Sold as a full case only
""
    ""✔ Reliable supply for pharmacies and medical offices

""
    ""Please message with any questions.
",135.01,1,https://www.bagsupplyco.com/catalog/custom/1-color/CBC-22-FC1C.webp,10.00
FC1C,"Full-Custom, 1-Color Bags - #25 (6"" x 4"" x 11"")","Full-Custom, 1-Color Bags - #25 (6"" x 4"" x 11"")

""
    ""High-quality pharmacy prescription bags featuring the classic design. Strong, dependable paper bags built for everyday pharmacy and retail use.

""
    ""📦 Product Details
""
    ""Design: FC1C
""
    ""Size: 6"" x 4"" x 11""
""
    ""Quantity: 1
""
    ""Material: Durable paper
""
    ""Condition: Brand new
""
    ""Country of Manufacture: Made in the USA 🇺🇸

""
    ""🚚 Shipping
""
    ""Flat $10 shipping per case.
""
    ""Orders ship within 2 business days — most ship same or next business day.

""
    ""💼 Better Pricing Available
""
    ""Contact bagsupplyco directly for a cheaper rate — even if you are ordering just one case.

""
    ""✔ Sold as a full case only
""
    ""✔ Reliable supply for pharmacies and medical offices

""
    ""Please message with any questions.
",153.04,1,https://www.bagsupplyco.com/catalog/custom/1-color/CBC-22-FC1C.webp,10.00
FC1C,"Full-Custom, 1-Color Bags - #26 (7"" x 4"" x 14"")","Full-Custom, 1-Color Bags - #26 (7"" x 4"" x 14"")

""
    ""High-quality pharmacy prescription bags featuring the classic design. Strong, dependable paper bags built for everyday pharmacy and retail use.

""
    ""📦 Product Details
""
    ""Design: FC1C
""
    ""Size: 7"" x 4"" x 14""
""
    ""Quantity: 1
""
    ""Material: Durable paper
""
    ""Condition: Brand new
""
    ""Country of Manufacture: Made in the USA 🇺🇸

""
    ""🚚 Shipping
""
    ""Flat $10 shipping per case.
""
    ""Orders ship within 2 business days — most ship same or next business day.

""
    ""💼 Better Pricing Available
""
    ""Contact bagsupplyco directly for a cheaper rate — even if you are ordering just one case.

""
    ""✔ Sold as a full case only
""
    ""✔ Reliable supply for pharmacies and medical offices

""
    ""Please message with any questions.
",117.63,1,https://www.bagsupplyco.com/catalog/custom/1-color/CBC-22-FC1C.webp,10.00
FC1C,"Full-Custom, 1-Color Bags - #28 (8"" x 5"" x 17"")","Full-Custom, 1-Color Bags - #28 (8"" x 5"" x 17"")

""
    ""High-quality pharmacy prescription bags featuring the classic design. Strong, dependable paper bags built for everyday pharmacy and retail use.

""
    ""📦 Product Details
""
    ""Design: FC1C
""
    ""Size: 8"" x 5"" x 17""
""
    ""Quantity: 1
""
    ""Material: Durable paper
""
    ""Condition: Brand new
""
    ""Country of Manufacture: Made in the USA 🇺🇸

""
    ""🚚 Shipping
""
    ""Flat $10 shipping per case.
""
    ""Orders ship within 2 business days — most ship same or next business day.

""
    ""💼 Better Pricing Available
""
    ""Contact bagsupplyco directly for a cheaper rate — even if you are ordering just one case.

""
    ""✔ Sold as a full case only
""
    ""✔ Reliable supply for pharmacies and medical offices

""
    ""Please message with any questions.
",128.91,1,https://www.bagsupplyco.com/catalog/custom/1-color/CBC-22-FC1C.webp,10.00
FC1C,"Full-Custom, 1-Color Bags - #12 (7"" x 10"")","Full-Custom, 1-Color Bags - #12 (7"" x 10"")

""
    ""High-quality pharmacy prescription bags featuring the classic design. Strong, dependable paper bags built for everyday pharmacy and retail use.

""
    ""📦 Product Details
""
    ""Design: FC1C
""
    ""Size: 7"" x 10""
""
    ""Quantity: 1
""
    ""Material: Durable paper
""
    ""Condition: Brand new
""
    ""Country of Manufacture: Made in the USA 🇺🇸

""
    ""🚚 Shipping
""
    ""Flat $10 shipping per case.
""
    ""Orders ship within 2 business days — most ship same or next business day.

""
    ""💼 Better Pricing Available
""
    ""Contact bagsupplyco directly for a cheaper rate — even if you are ordering just one case.

""
    ""✔ Sold as a full case only
""
    ""✔ Reliable supply for pharmacies and medical offices

""
    ""Please message with any questions.
",132.65,1,https://www.bagsupplyco.com/catalog/custom/1-color/CBC-22-FC1C.webp,10.00
FC1C,"Full-Custom, 1-Color Bags - #14 (9"" x 11"")","Full-Custom, 1-Color Bags - #14 (9"" x 11"")

""
    ""High-quality pharmacy prescription bags featuring the classic design. Strong, dependable paper bags built for everyday pharmacy and retail use.

""
    ""📦 Product Details
""
    ""Design: FC1C
""
    ""Size: 9"" x 11""
""
    ""Quantity: 1
""
    ""Material: Durable paper
""
    ""Condition: Brand new
""
    ""Country of Manufacture: Made in the USA 🇺🇸

""
    ""🚚 Shipping
""
    ""Flat $10 shipping per case.
""
    ""Orders ship within 2 business days — most ship same or next business day.

""
    ""💼 Better Pricing Available
""
    ""Contact bagsupplyco directly for a cheaper rate — even if you are ordering just one case.

""
    ""✔ Sold as a full case only
""
    ""✔ Reliable supply for pharmacies and medical offices

""
    ""Please message with any questions.
",114.63,1,https://www.bagsupplyco.com/catalog/custom/1-color/CBC-22-FC1C.webp,10.00
FC1C,"Full-Custom, 1-Color Bags - #15 (8.5"" x 3.5"" x 14.5"")","Full-Custom, 1-Color Bags - #15 (8.5"" x 3.5"" x 14.5"")

""
    ""High-quality pharmacy prescription bags featuring the classic design. Strong, dependable paper bags built for everyday pharmacy and retail use.

""
    ""📦 Product Details
""
    ""Design: FC1C
""
    ""Size: 8.5"" x 3.5"" x 14.5""
""
    ""Quantity: 1
""
    ""Material: Durable paper
""
    ""Condition: Brand new
""
    ""Country of Manufacture: Made in the USA 🇺🇸

""
    ""🚚 Shipping
""
    ""Flat $10 shipping per case.
""
    ""Orders ship within 2 business days — most ship same or next business day.

""
    ""💼 Better Pricing Available
""
    ""Contact bagsupplyco directly for a cheaper rate — even if you are ordering just one case.

""
    ""✔ Sold as a full case only
""
    ""✔ Reliable supply for pharmacies and medical offices

""
    ""Please message with any questions.
",110.15,1,https://www.bagsupplyco.com/catalog/custom/1-color/CBC-22-FC1C.webp,10.00
FC2C,"Full-Custom, 2-Color Bags - #21 (3.5"" x 1.5"" x 10"")","Full-Custom, 2-Color Bags - #21 (3.5"" x 1.5"" x 10"")

""
    ""High-quality pharmacy prescription bags featuring the classic design. Strong, dependable paper bags built for everyday pharmacy and retail use.

""
    ""📦 Product Details
""
    ""Design: FC2C
""
    ""Size: 3.5"" x 1.5"" x 10""
""
    ""Quantity: 1
""
    ""Material: Durable paper
""
    ""Condition: Brand new
""
    ""Country of Manufacture: Made in the USA 🇺🇸

""
    ""🚚 Shipping
""
    ""Flat $10 shipping per case.
""
    ""Orders ship within 2 business days — most ship same or next business day.

""
    ""💼 Better Pricing Available
""
    ""Contact bagsupplyco directly for a cheaper rate — even if you are ordering just one case.

""
    ""✔ Sold as a full case only
""
    ""✔ Reliable supply for pharmacies and medical offices

""
    ""Please message with any questions.
",109.89,1,https://www.bagsupplyco.com/catalog/custom/2-color/CBC-22-FC2C.webp,10.00
FC2C,"Full-Custom, 2-Color Bags - #22 (4.5"" x 2.25"" x 11"")","Full-Custom, 2-Color Bags - #22 (4.5"" x 2.25"" x 11"")

""
    ""High-quality pharmacy prescription bags featuring the classic design. Strong, dependable paper bags built for everyday pharmacy and retail use.

""
    ""📦 Product Details
""
    ""Design: FC2C
""
    ""Size: 4.5"" x 2.25"" x 11""
""
    ""Quantity: 1
""
    ""Material: Durable paper
""
    ""Condition: Brand new
""
    ""Country of Manufacture: Made in the USA 🇺🇸

""
    ""🚚 Shipping
""
    ""Flat $10 shipping per case.
""
    ""Orders ship within 2 business days — most ship same or next business day.

""
    ""💼 Better Pricing Available
""
    ""Contact bagsupplyco directly for a cheaper rate — even if you are ordering just one case.

""
    ""✔ Sold as a full case only
""
    ""✔ Reliable supply for pharmacies and medical offices

""
    ""Please message with any questions.
",137.77,1,https://www.bagsupplyco.com/catalog/custom/2-color/CBC-22-FC2C.webp,10.00
FC2C,"Full-Custom, 2-Color Bags - #23 (5"" x 2"" x 10"")","Full-Custom, 2-Color Bags - #23 (5"" x 2"" x 10"")

""
    ""High-quality pharmacy prescription bags featuring the classic design. Strong, dependable paper bags built for everyday pharmacy and retail use.

""
    ""📦 Product Details
""
    ""Design: FC2C
""
    ""Size: 5"" x 2"" x 10""
""
    ""Quantity: 1
""
    ""Material: Durable paper
""
    ""Condition: Brand new
""
    ""Country of Manufacture: Made in the USA 🇺🇸

""
    ""🚚 Shipping
""
    ""Flat $10 shipping per case.
""
    ""Orders ship within 2 business days — most ship same or next business day.

""
    ""💼 Better Pricing Available
""
    ""Contact bagsupplyco directly for a cheaper rate — even if you are ordering just one case.

""
    ""✔ Sold as a full case only
""
    ""✔ Reliable supply for pharmacies and medical offices

""
    ""Please message with any questions.
",135.01,1,https://www.bagsupplyco.com/catalog/custom/2-color/CBC-22-FC2C.webp,10.00
FC2C,"Full-Custom, 2-Color Bags - #25 (6"" x 4"" x 11"")","Full-Custom, 2-Color Bags - #25 (6"" x 4"" x 11"")

""
    ""High-quality pharmacy prescription bags featuring the classic design. Strong, dependable paper bags built for everyday pharmacy and retail use.

""
    ""📦 Product Details
""
    ""Design: FC2C
""
    ""Size: 6"" x 4"" x 11""
""
    ""Quantity: 1
""
    ""Material: Durable paper
""
    ""Condition: Brand new
""
    ""Country of Manufacture: Made in the USA 🇺🇸

""
    ""🚚 Shipping
""
    ""Flat $10 shipping per case.
""
    ""Orders ship within 2 business days — most ship same or next business day.

""
    ""💼 Better Pricing Available
""
    ""Contact bagsupplyco directly for a cheaper rate — even if you are ordering just one case.

""
    ""✔ Sold as a full case only
""
    ""✔ Reliable supply for pharmacies and medical offices

""
    ""Please message with any questions.
",153.04,1,https://www.bagsupplyco.com/catalog/custom/2-color/CBC-22-FC2C.webp,10.00
FC2C,"Full-Custom, 2-Color Bags - #26 (7"" x 4"" x 14"")","Full-Custom, 2-Color Bags - #26 (7"" x 4"" x 14"")

""
    ""High-quality pharmacy prescription bags featuring the classic design. Strong, dependable paper bags built for everyday pharmacy and retail use.

""
    ""📦 Product Details
""
    ""Design: FC2C
""
    ""Size: 7"" x 4"" x 14""
""
    ""Quantity: 1
""
    ""Material: Durable paper
""
    ""Condition: Brand new
""
    ""Country of Manufacture: Made in the USA 🇺🇸

""
    ""🚚 Shipping
""
    ""Flat $10 shipping per case.
""
    ""Orders ship within 2 business days — most ship same or next business day.

""
    ""💼 Better Pricing Available
""
    ""Contact bagsupplyco directly for a cheaper rate — even if you are ordering just one case.

""
    ""✔ Sold as a full case only
""
    ""✔ Reliable supply for pharmacies and medical offices

""
    ""Please message with any questions.
",117.63,1,https://www.bagsupplyco.com/catalog/custom/2-color/CBC-22-FC2C.webp,10.00
FC2C,"Full-Custom, 2-Color Bags - #28 (8"" x 5"" x 17"")","Full-Custom, 2-Color Bags - #28 (8"" x 5"" x 17"")

""
    ""High-quality pharmacy prescription bags featuring the classic design. Strong, dependable paper bags built for everyday pharmacy and retail use.

""
    ""📦 Product Details
""
    ""Design: FC2C
""
    ""Size: 8"" x 5"" x 17""
""
    ""Quantity: 1
""
    ""Material: Durable paper
""
    ""Condition: Brand new
""
    ""Country of Manufacture: Made in the USA 🇺🇸

""
    ""🚚 Shipping
""
    ""Flat $10 shipping per case.
""
    ""Orders ship within 2 business days — most ship same or next business day.

""
    ""💼 Better Pricing Available
""
    ""Contact bagsupplyco directly for a cheaper rate — even if you are ordering just one case.

""
    ""✔ Sold as a full case only
""
    ""✔ Reliable supply for pharmacies and medical offices

""
    ""Please message with any questions.
",128.91,1,https://www.bagsupplyco.com/catalog/custom/2-color/CBC-22-FC2C.webp,10.00
FC2C,"Full-Custom, 2-Color Bags - #12 (7"" x 10"")","Full-Custom, 2-Color Bags - #12 (7"" x 10"")

""
    ""High-quality pharmacy prescription bags featuring the classic design. Strong, dependable paper bags built for everyday pharmacy and retail use.

""
    ""📦 Product Details
""
    ""Design: FC2C
""
    ""Size: 7"" x 10""
""
    ""Quantity: 1
""
    ""Material: Durable paper
""
    ""Condition: Brand new
""
    ""Country of Manufacture: Made in the USA 🇺🇸

""
    ""🚚 Shipping
""
    ""Flat $10 shipping per case.
""
    ""Orders ship within 2 business days — most ship same or next business day.

""
    ""💼 Better Pricing Available
""
    ""Contact bagsupplyco directly for a cheaper rate — even if you are ordering just one case.

""
    ""✔ Sold as a full case only
""
    ""✔ Reliable supply for pharmacies and medical offices

""
    ""Please message with any questions.
",132.65,1,https://www.bagsupplyco.com/catalog/custom/2-color/CBC-22-FC2C.webp,10.00
FC2C,"Full-Custom, 2-Color Bags - #14 (9"" x 11"")","Full-Custom, 2-Color Bags - #14 (9"" x 11"")

""
    ""High-quality pharmacy prescription bags featuring the classic design. Strong, dependable paper bags built for everyday pharmacy and retail use.

""
    ""📦 Product Details
""
    ""Design: FC2C
""
    ""Size: 9"" x 11""
""
    ""Quantity: 1
""
    ""Material: Durable paper
""
    ""Condition: Brand new
""
    ""Country of Manufacture: Made in the USA 🇺🇸

""
    ""🚚 Shipping
""
    ""Flat $10 shipping per case.
""
    ""Orders ship within 2 business days — most ship same or next business day.

""
    ""💼 Better Pricing Available
""
    ""Contact bagsupplyco directly for a cheaper rate — even if you are ordering just one case.

""
    ""✔ Sold as a full case only
""
    ""✔ Reliable supply for pharmacies and medical offices

""
    ""Please message with any questions.
",114.63,1,https://www.bagsupplyco.com/catalog/custom/2-color/CBC-22-FC2C.webp,10.00
FC2C,"Full-Custom, 2-Color Bags - #15 (8.5"" x 3.5"" x 14.5"")","Full-Custom, 2-Color Bags - #15 (8.5"" x 3.5"" x 14.5"")

""
    ""High-quality pharmacy prescription bags featuring the classic design. Strong, dependable paper bags built for everyday pharmacy and retail use.

""
    ""📦 Product Details
""
    ""Design: FC2C
""
    ""Size: 8.5"" x 3.5"" x 14.5""
""
    ""Quantity: 1
""
    ""Material: Durable paper
""
    ""Condition: Brand new
""
    ""Country of Manufacture: Made in the USA 🇺🇸

""
    ""🚚 Shipping
""
    ""Flat $10 shipping per case.
""
    ""Orders ship within 2 business days — most ship same or next business day.

""
    ""💼 Better Pricing Available
""
    ""Contact bagsupplyco directly for a cheaper rate — even if you are ordering just one case.

""
    ""✔ Sold as a full case only
""
    ""✔ Reliable supply for pharmacies and medical offices

""
    ""Please message with any questions.
",110.15,1,https://www.bagsupplyco.com/catalog/custom/2-color/CBC-22-FC2C.webp,10.00
FC3C,"Full-Custom, 3-Color Bags - #21 (3.5"" x 1.5"" x 10"")","Full-Custom, 3-Color Bags - #21 (3.5"" x 1.5"" x 10"")

""
    ""High-quality pharmacy prescription bags featuring the classic design. Strong, dependable paper bags built for everyday pharmacy and retail use.

""
    ""📦 Product Details
""
    ""Design: FC3C
""
    ""Size: 3.5"" x 1.5"" x 10""
""
    ""Quantity: 1
""
    ""Material: Durable paper
""
    ""Condition: Brand new
""
    ""Country of Manufacture: Made in the USA 🇺🇸

""
    ""🚚 Shipping
""
    ""Flat $10 shipping per case.
""
    ""Orders ship within 2 business days — most ship same or next business day.

""
    ""💼 Better Pricing Available
""
    ""Contact bagsupplyco directly for a cheaper rate — even if you are ordering just one case.

""
    ""✔ Sold as a full case only
""
    ""✔ Reliable supply for pharmacies and medical offices

""
    ""Please message with any questions.
",137.38,1,https://www.bagsupplyco.com/catalog/custom/3-color/CBC-22-FC3C.webp,10.00
FC3C,"Full-Custom, 3-Color Bags - #22 (4.5"" x 2.25"" x 11"")","Full-Custom, 3-Color Bags - #22 (4.5"" x 2.25"" x 11"")

""
    ""High-quality pharmacy prescription bags featuring the classic design. Strong, dependable paper bags built for everyday pharmacy and retail use.

""
    ""📦 Product Details
""
    ""Design: FC3C
""
    ""Size: 4.5"" x 2.25"" x 11""
""
    ""Quantity: 1
""
    ""Material: Durable paper
""
    ""Condition: Brand new
""
    ""Country of Manufacture: Made in the USA 🇺🇸

""
    ""🚚 Shipping
""
    ""Flat $10 shipping per case.
""
    ""Orders ship within 2 business days — most ship same or next business day.

""
    ""💼 Better Pricing Available
""
    ""Contact bagsupplyco directly for a cheaper rate — even if you are ordering just one case.

""
    ""✔ Sold as a full case only
""
    ""✔ Reliable supply for pharmacies and medical offices

""
    ""Please message with any questions.
",172.22,1,https://www.bagsupplyco.com/catalog/custom/3-color/CBC-22-FC3C.webp,10.00
FC3C,"Full-Custom, 3-Color Bags - #23 (5"" x 2"" x 10"")","Full-Custom, 3-Color Bags - #23 (5"" x 2"" x 10"")

""
    ""High-quality pharmacy prescription bags featuring the classic design. Strong, dependable paper bags built for everyday pharmacy and retail use.

""
    ""📦 Product Details
""
    ""Design: FC3C
""
    ""Size: 5"" x 2"" x 10""
""
    ""Quantity: 1
""
    ""Material: Durable paper
""
    ""Condition: Brand new
""
    ""Country of Manufacture: Made in the USA 🇺🇸

""
    ""🚚 Shipping
""
    ""Flat $10 shipping per case.
""
    ""Orders ship within 2 business days — most ship same or next business day.

""
    ""💼 Better Pricing Available
""
    ""Contact bagsupplyco directly for a cheaper rate — even if you are ordering just one case.

""
    ""✔ Sold as a full case only
""
    ""✔ Reliable supply for pharmacies and medical offices

""
    ""Please message with any questions.
",168.77,1,https://www.bagsupplyco.com/catalog/custom/3-color/CBC-22-FC3C.webp,10.00
FC3C,"Full-Custom, 3-Color Bags - #25 (6"" x 4"" x 11"")","Full-Custom, 3-Color Bags - #25 (6"" x 4"" x 11"")

""
    ""High-quality pharmacy prescription bags featuring the classic design. Strong, dependable paper bags built for everyday pharmacy and retail use.

""
    ""📦 Product Details
""
    ""Design: FC3C
""
    ""Size: 6"" x 4"" x 11""
""
    ""Quantity: 1
""
    ""Material: Durable paper
""
    ""Condition: Brand new
""
    ""Country of Manufacture: Made in the USA 🇺🇸

""
    ""🚚 Shipping
""
    ""Flat $10 shipping per case.
""
    ""Orders ship within 2 business days — most ship same or next business day.

""
    ""💼 Better Pricing Available
""
    ""Contact bagsupplyco directly for a cheaper rate — even if you are ordering just one case.

""
    ""✔ Sold as a full case only
""
    ""✔ Reliable supply for pharmacies and medical offices

""
    ""Please message with any questions.
",191.31,1,https://www.bagsupplyco.com/catalog/custom/3-color/CBC-22-FC3C.webp,10.00
FC3C,"Full-Custom, 3-Color Bags - #26 (7"" x 4"" x 14"")","Full-Custom, 3-Color Bags - #26 (7"" x 4"" x 14"")

""
    ""High-quality pharmacy prescription bags featuring the classic design. Strong, dependable paper bags built for everyday pharmacy and retail use.

""
    ""📦 Product Details
""
    ""Design: FC3C
""
    ""Size: 7"" x 4"" x 14""
""
    ""Quantity: 1
""
    ""Material: Durable paper
""
    ""Condition: Brand new
""
    ""Country of Manufacture: Made in the USA 🇺🇸

""
    ""🚚 Shipping
""
    ""Flat $10 shipping per case.
""
    ""Orders ship within 2 business days — most ship same or next business day.

""
    ""💼 Better Pricing Available
""
    ""Contact bagsupplyco directly for a cheaper rate — even if you are ordering just one case.

""
    ""✔ Sold as a full case only
""
    ""✔ Reliable supply for pharmacies and medical offices

""
    ""Please message with any questions.
",147.04,1,https://www.bagsupplyco.com/catalog/custom/3-color/CBC-22-FC3C.webp,10.00
FC3C,"Full-Custom, 3-Color Bags - #28 (8"" x 5"" x 17"")","Full-Custom, 3-Color Bags - #28 (8"" x 5"" x 17"")

""
    ""High-quality pharmacy prescription bags featuring the classic design. Strong, dependable paper bags built for everyday pharmacy and retail use.

""
    ""📦 Product Details
""
    ""Design: FC3C
""
    ""Size: 8"" x 5"" x 17""
""
    ""Quantity: 1
""
    ""Material: Durable paper
""
    ""Condition: Brand new
""
    ""Country of Manufacture: Made in the USA 🇺🇸

""
    ""🚚 Shipping
""
    ""Flat $10 shipping per case.
""
    ""Orders ship within 2 business days — most ship same or next business day.

""
    ""💼 Better Pricing Available
""
    ""Contact bagsupplyco directly for a cheaper rate — even if you are ordering just one case.

""
    ""✔ Sold as a full case only
""
    ""✔ Reliable supply for pharmacies and medical offices

""
    ""Please message with any questions.
",161.14,1,https://www.bagsupplyco.com/catalog/custom/3-color/CBC-22-FC3C.webp,10.00
FC3C,"Full-Custom, 3-Color Bags - #12 (7"" x 10"")","Full-Custom, 3-Color Bags - #12 (7"" x 10"")

""
    ""High-quality pharmacy prescription bags featuring the classic design. Strong, dependable paper bags built for everyday pharmacy and retail use.

""
    ""📦 Product Details
""
    ""Design: FC3C
""
    ""Size: 7"" x 10""
""
    ""Quantity: 1
""
    ""Material: Durable paper
""
    ""Condition: Brand new
""
    ""Country of Manufacture: Made in the USA 🇺🇸

""
    ""🚚 Shipping
""
    ""Flat $10 shipping per case.
""
    ""Orders ship within 2 business days — most ship same or next business day.

""
    ""💼 Better Pricing Available
""
    ""Contact bagsupplyco directly for a cheaper rate — even if you are ordering just one case.

""
    ""✔ Sold as a full case only
""
    ""✔ Reliable supply for pharmacies and medical offices

""
    ""Please message with any questions.
",165.81,1,https://www.bagsupplyco.com/catalog/custom/3-color/CBC-22-FC3C.webp,10.00
FC3C,"Full-Custom, 3-Color Bags - #14 (9"" x 11"")","Full-Custom, 3-Color Bags - #14 (9"" x 11"")

""
    ""High-quality pharmacy prescription bags featuring the classic design. Strong, dependable paper bags built for everyday pharmacy and retail use.

""
    ""📦 Product Details
""
    ""Design: FC3C
""
    ""Size: 9"" x 11""
""
    ""Quantity: 1
""
    ""Material: Durable paper
""
    ""Condition: Brand new
""
    ""Country of Manufacture: Made in the USA 🇺🇸

""
    ""🚚 Shipping
""
    ""Flat $10 shipping per case.
""
    ""Orders ship within 2 business days — most ship same or next business day.

""
    ""💼 Better Pricing Available
""
    ""Contact bagsupplyco directly for a cheaper rate — even if you are ordering just one case.

""
    ""✔ Sold as a full case only
""
    ""✔ Reliable supply for pharmacies and medical offices

""
    ""Please message with any questions.
",143.30,1,https://www.bagsupplyco.com/catalog/custom/3-color/CBC-22-FC3C.webp,10.00
FC3C,"Full-Custom, 3-Color Bags - #15 (8.5"" x 3.5"" x 14.5"")","Full-Custom, 3-Color Bags - #15 (8.5"" x 3.5"" x 14.5"")

""
    ""High-quality pharmacy prescription bags featuring the classic design. Strong, dependable paper bags built for everyday pharmacy and retail use.

""
    ""📦 Product Details
""
    ""Design: FC3C
""
    ""Size: 8.5"" x 3.5"" x 14.5""
""
    ""Quantity: 1
""
    ""Material: Durable paper
""
    ""Condition: Brand new
""
    ""Country of Manufacture: Made in the USA 🇺🇸

""
    ""🚚 Shipping
""
    ""Flat $10 shipping per case.
""
    ""Orders ship within 2 business days — most ship same or next business day.

""
    ""💼 Better Pricing Available
""
    ""Contact bagsupplyco directly for a cheaper rate — even if you are ordering just one case.

""
    ""✔ Sold as a full case only
""
    ""✔ Reliable supply for pharmacies and medical offices

""
    ""Please message with any questions.
",137.67,1,https://www.bagsupplyco.com/catalog/custom/3-color/CBC-22-FC3C.webp,10.00
MYL-DP-001,1/8 oz Rx Generic,"1/8 oz Rx Generic

""
    ""High-quality pharmacy prescription bags featuring the classic design. Strong, dependable paper bags built for everyday pharmacy and retail use.

""
    ""📦 Product Details
""
    ""Design: MYL-DP-001
""
    ""Size: N/A
""
    ""Quantity: 1
""
    ""Material: Durable paper
""
    ""Condition: Brand new
""
    ""Country of Manufacture: Made in the USA 🇺🇸

""
    ""🚚 Shipping
""
    ""Flat $10 shipping per case.
""
    ""Orders ship within 2 business days — most ship same or next business day.

""
    ""💼 Better Pricing Available
""
    ""Contact bagsupplyco directly for a cheaper rate — even if you are ordering just one case.

""
    ""✔ Sold as a full case only
""
    ""✔ Reliable supply for pharmacies and medical offices

""
    ""Please message with any questions.
",46.00,1,https://www.bagsupplyco.com/images/mylar/1-8-oz-rx-generic-designer.webp,10.00
MYL-DP-002,1/8 oz Cali Caviar,"1/8 oz Cali Caviar

""
    ""High-quality pharmacy prescription bags featuring the classic design. Strong, dependable paper bags built for everyday pharmacy and retail use.

""
    ""📦 Product Details
""
    ""Design: MYL-DP-002
""
    ""Size: N/A
""
    ""Quantity: 1
""
    ""Material: Durable paper
""
    ""Condition: Brand new
""
    ""Country of Manufacture: Made in the USA 🇺🇸

""
    ""🚚 Shipping
""
    ""Flat $10 shipping per case.
""
    ""Orders ship within 2 business days — most ship same or next business day.

""
    ""💼 Better Pricing Available
""
    ""Contact bagsupplyco directly for a cheaper rate — even if you are ordering just one case.

""
    ""✔ Sold as a full case only
""
    ""✔ Reliable supply for pharmacies and medical offices

""
    ""Please message with any questions.
",46.00,1,https://www.bagsupplyco.com/images/mylar/1-8-oz-cali-caviar-designer.webp,10.00
MYL-DP-003,1/8 oz 8th Madness Cali Caviar Red,"1/8 oz 8th Madness Cali Caviar Red

""
    ""High-quality pharmacy prescription bags featuring the classic design. Strong, dependable paper bags built for everyday pharmacy and retail use.

""
    ""📦 Product Details
""
    ""Design: MYL-DP-003
""
    ""Size: N/A
""
    ""Quantity: 1
""
    ""Material: Durable paper
""
    ""Condition: Brand new
""
    ""Country of Manufacture: Made in the USA 🇺🇸

""
    ""🚚 Shipping
""
    ""Flat $10 shipping per case.
""
    ""Orders ship within 2 business days — most ship same or next business day.

""
    ""💼 Better Pricing Available
""
    ""Contact bagsupplyco directly for a cheaper rate — even if you are ordering just one case.

""
    ""✔ Sold as a full case only
""
    ""✔ Reliable supply for pharmacies and medical offices

""
    ""Please message with any questions.
",46.00,1,https://www.bagsupplyco.com/images/mylar/1-8-oz-8th-madness-cali-caviar-red-designer.webp,10.00
MYL-DP-004,1/8 oz Gold Rx,"1/8 oz Gold Rx

""
    ""High-quality pharmacy prescription bags featuring the classic design. Strong, dependable paper bags built for everyday pharmacy and retail use.

""
    ""📦 Product Details
""
    ""Design: MYL-DP-004
""
    ""Size: N/A
""
    ""Quantity: 1
""
    ""Material: Durable paper
""
    ""Condition: Brand new
""
    ""Country of Manufacture: Made in the USA 🇺🇸

""
    ""🚚 Shipping
""
    ""Flat $10 shipping per case.
""
    ""Orders ship within 2 business days — most ship same or next business day.

""
    ""💼 Better Pricing Available
""
    ""Contact bagsupplyco directly for a cheaper rate — even if you are ordering just one case.

""
    ""✔ Sold as a full case only
""
    ""✔ Reliable supply for pharmacies and medical offices

""
    ""Please message with any questions.
",46.00,1,https://www.bagsupplyco.com/images/mylar/1-8-oz-gold-rx-designer.webp,10.00
MYL-DP-005,1/8 oz Green Rx,"1/8 oz Green Rx

""
    ""High-quality pharmacy prescription bags featuring the classic design. Strong, dependable paper bags built for everyday pharmacy and retail use.

""
    ""📦 Product Details
""
    ""Design: MYL-DP-005
""
    ""Size: N/A
""
    ""Quantity: 1
""
    ""Material: Durable paper
""
    ""Condition: Brand new
""
    ""Country of Manufacture: Made in the USA 🇺🇸

""
    ""🚚 Shipping
""
    ""Flat $10 shipping per case.
""
    ""Orders ship within 2 business days — most ship same or next business day.

""
    ""💼 Better Pricing Available
""
    ""Contact bagsupplyco directly for a cheaper rate — even if you are ordering just one case.

""
    ""✔ Sold as a full case only
""
    ""✔ Reliable supply for pharmacies and medical offices

""
    ""Please message with any questions.
",46.00,1,https://www.bagsupplyco.com/images/mylar/1-8-oz-green-rx-designer.webp,10.00
MYL-DP-006,1/8 oz White Rx,"1/8 oz White Rx

""
    ""High-quality pharmacy prescription bags featuring the classic design. Strong, dependable paper bags built for everyday pharmacy and retail use.

""
    ""📦 Product Details
""
    ""Design: MYL-DP-006
""
    ""Size: N/A
""
    ""Quantity: 1
""
    ""Material: Durable paper
""
    ""Condition: Brand new
""
    ""Country of Manufacture: Made in the USA 🇺🇸

""
    ""🚚 Shipping
""
    ""Flat $10 shipping per case.
""
    ""Orders ship within 2 business days — most ship same or next business day.

""
    ""💼 Better Pricing Available
""
    ""Contact bagsupplyco directly for a cheaper rate — even if you are ordering just one case.

""
    ""✔ Sold as a full case only
""
    ""✔ Reliable supply for pharmacies and medical offices

""
    ""Please message with any questions.
",46.00,1,https://www.bagsupplyco.com/images/mylar/1-8-oz-white-rx-designer.webp,10.00
MYL-DP-007,1/8 oz Holographic Black Mushroom,"1/8 oz Holographic Black Mushroom

""
    ""High-quality pharmacy prescription bags featuring the classic design. Strong, dependable paper bags built for everyday pharmacy and retail use.

""
    ""📦 Product Details
""
    ""Design: MYL-DP-007
""
    ""Size: N/A
""
    ""Quantity: 1
""
    ""Material: Durable paper
""
    ""Condition: Brand new
""
    ""Country of Manufacture: Made in the USA 🇺🇸

""
    ""🚚 Shipping
""
    ""Flat $10 shipping per case.
""
    ""Orders ship within 2 business days — most ship same or next business day.

""
    ""💼 Better Pricing Available
""
    ""Contact bagsupplyco directly for a cheaper rate — even if you are ordering just one case.

""
    ""✔ Sold as a full case only
""
    ""✔ Reliable supply for pharmacies and medical offices

""
    ""Please message with any questions.
",46.00,1,https://www.bagsupplyco.com/images/mylar/1-8-oz-holographic-black-mushroom-designer.webp,10.00
MYL-DP-008,1/8 oz Silver + Labels,"1/8 oz Silver + Labels

""
    ""High-quality pharmacy prescription bags featuring the classic design. Strong, dependable paper bags built for everyday pharmacy and retail use.

""
    ""📦 Product Details
""
    ""Design: MYL-DP-008
""
    ""Size: N/A
""
    ""Quantity: 1
""
    ""Material: Durable paper
""
    ""Condition: Brand new
""
    ""Country of Manufacture: Made in the USA 🇺🇸

""
    ""🚚 Shipping
""
    ""Flat $10 shipping per case.
""
    ""Orders ship within 2 business days — most ship same or next business day.

""
    ""💼 Better Pricing Available
""
    ""Contact bagsupplyco directly for a cheaper rate — even if you are ordering just one case.

""
    ""✔ Sold as a full case only
""
    ""✔ Reliable supply for pharmacies and medical offices

""
    ""Please message with any questions.
",46.00,1,https://www.bagsupplyco.com/images/mylar/1-8-oz-silver-clear-with-labels-designer.webp,10.00
MYL-DP-009,1/8 oz Matte Black/Clear + Labels,"1/8 oz Matte Black/Clear + Labels

""
    ""High-quality pharmacy prescription bags featuring the classic design. Strong, dependable paper bags built for everyday pharmacy and retail use.

""
    ""📦 Product Details
""
    ""Design: MYL-DP-009
""
    ""Size: N/A
""
    ""Quantity: 1
""
    ""Material: Durable paper
""
    ""Condition: Brand new
""
    ""Country of Manufacture: Made in the USA 🇺🇸

""
    ""🚚 Shipping
""
    ""Flat $10 shipping per case.
""
    ""Orders ship within 2 business days — most ship same or next business day.

""
    ""💼 Better Pricing Available
""
    ""Contact bagsupplyco directly for a cheaper rate — even if you are ordering just one case.

""
    ""✔ Sold as a full case only
""
    ""✔ Reliable supply for pharmacies and medical offices

""
    ""Please message with any questions.
",46.00,1,https://www.bagsupplyco.com/images/mylar/1-8-oz-matte-black-clear-with-labels-designer.webp,10.00
MYL-DP-010,1/8 oz Matte Black Opaque + Labels,"1/8 oz Matte Black Opaque + Labels

""
    ""High-quality pharmacy prescription bags featuring the classic design. Strong, dependable paper bags built for everyday pharmacy and retail use.

""
    ""📦 Product Details
""
    ""Design: MYL-DP-010
""
    ""Size: N/A
""
    ""Quantity: 1
""
    ""Material: Durable paper
""
    ""Condition: Brand new
""
    ""Country of Manufacture: Made in the USA 🇺🇸

""
    ""🚚 Shipping
""
    ""Flat $10 shipping per case.
""
    ""Orders ship within 2 business days — most ship same or next business day.

""
    ""💼 Better Pricing Available
""
    ""Contact bagsupplyco directly for a cheaper rate — even if you are ordering just one case.

""
    ""✔ Sold as a full case only
""
    ""✔ Reliable supply for pharmacies and medical offices

""
    ""Please message with any questions.
",46.00,1,https://www.bagsupplyco.com/images/mylar/1-8-oz-matte-black-opaque-with-labels-designer.webp,10.00
MYL-DP-011,1/8 oz Gold/Clear + Labels,"1/8 oz Gold/Clear + Labels

""
    ""High-quality pharmacy prescription bags featuring the classic design. Strong, dependable paper bags built for everyday pharmacy and retail use.

""
    ""📦 Product Details
""
    ""Design: MYL-DP-011
""
    ""Size: N/A
""
    ""Quantity: 1
""
    ""Material: Durable paper
""
    ""Condition: Brand new
""
    ""Country of Manufacture: Made in the USA 🇺🇸

""
    ""🚚 Shipping
""
    ""Flat $10 shipping per case.
""
    ""Orders ship within 2 business days — most ship same or next business day.

""
    ""💼 Better Pricing Available
""
    ""Contact bagsupplyco directly for a cheaper rate — even if you are ordering just one case.

""
    ""✔ Sold as a full case only
""
    ""✔ Reliable supply for pharmacies and medical offices

""
    ""Please message with any questions.
",46.00,1,https://www.bagsupplyco.com/images/mylar/1-8-oz-gold-clear-with-labels-designer.webp,10.00
MYL-DP-012,1/8 oz Holographic/Clear + Labels,"1/8 oz Holographic/Clear + Labels

""
    ""High-quality pharmacy prescription bags featuring the classic design. Strong, dependable paper bags built for everyday pharmacy and retail use.

""
    ""📦 Product Details
""
    ""Design: MYL-DP-012
""
    ""Size: N/A
""
    ""Quantity: 1
""
    ""Material: Durable paper
""
    ""Condition: Brand new
""
    ""Country of Manufacture: Made in the USA 🇺🇸

""
    ""🚚 Shipping
""
    ""Flat $10 shipping per case.
""
    ""Orders ship within 2 business days — most ship same or next business day.

""
    ""💼 Better Pricing Available
""
    ""Contact bagsupplyco directly for a cheaper rate — even if you are ordering just one case.

""
    ""✔ Sold as a full case only
""
    ""✔ Reliable supply for pharmacies and medical offices

""
    ""Please message with any questions.
",46.00,1,https://www.bagsupplyco.com/images/mylar/1-8-oz-holographic-clear-with-labels-designer.webp,10.00
MYL-DP-013,1/8 oz 4x5 Matte Black Opaque Rounded,"1/8 oz 4x5 Matte Black Opaque Rounded

""
    ""High-quality pharmacy prescription bags featuring the classic design. Strong, dependable paper bags built for everyday pharmacy and retail use.

""
    ""📦 Product Details
""
    ""Design: MYL-DP-013
""
    ""Size: N/A
""
    ""Quantity: 1
""
    ""Material: Durable paper
""
    ""Condition: Brand new
""
    ""Country of Manufacture: Made in the USA 🇺🇸

""
    ""🚚 Shipping
""
    ""Flat $10 shipping per case.
""
    ""Orders ship within 2 business days — most ship same or next business day.

""
    ""💼 Better Pricing Available
""
    ""Contact bagsupplyco directly for a cheaper rate — even if you are ordering just one case.

""
    ""✔ Sold as a full case only
""
    ""✔ Reliable supply for pharmacies and medical offices

""
    ""Please message with any questions.
",46.00,1,https://www.bagsupplyco.com/images/mylar/1-8-oz-4x5-matte-black-opaque-rounded-designer.webp,10.00
MYL-DP-014,1/8 oz 4x5 Matte White/Clear Rounded,"1/8 oz 4x5 Matte White/Clear Rounded

""
    ""High-quality pharmacy prescription bags featuring the classic design. Strong, dependable paper bags built for everyday pharmacy and retail use.

""
    ""📦 Product Details
""
    ""Design: MYL-DP-014
""
    ""Size: N/A
""
    ""Quantity: 1
""
    ""Material: Durable paper
""
    ""Condition: Brand new
""
    ""Country of Manufacture: Made in the USA 🇺🇸

""
    ""🚚 Shipping
""
    ""Flat $10 shipping per case.
""
    ""Orders ship within 2 business days — most ship same or next business day.

""
    ""💼 Better Pricing Available
""
    ""Contact bagsupplyco directly for a cheaper rate — even if you are ordering just one case.

""
    ""✔ Sold as a full case only
""
    ""✔ Reliable supply for pharmacies and medical offices

""
    ""Please message with any questions.
",46.00,1,https://www.bagsupplyco.com/images/mylar/1-8-oz-4x5-matte-white-clear-rounded-designer.webp,10.00
MYL-DP-015,1/4 oz Gloss Black/Clear + Labels,"1/4 oz Gloss Black/Clear + Labels

""
    ""High-quality pharmacy prescription bags featuring the classic design. Strong, dependable paper bags built for everyday pharmacy and retail use.

""
    ""📦 Product Details
""
    ""Design: MYL-DP-015
""
    ""Size: N/A
""
    ""Quantity: 1
""
    ""Material: Durable paper
""
    ""Condition: Brand new
""
    ""Country of Manufacture: Made in the USA 🇺🇸

""
    ""🚚 Shipping
""
    ""Flat $10 shipping per case.
""
    ""Orders ship within 2 business days — most ship same or next business day.

""
    ""💼 Better Pricing Available
""
    ""Contact bagsupplyco directly for a cheaper rate — even if you are ordering just one case.

""
    ""✔ Sold as a full case only
""
    ""✔ Reliable supply for pharmacies and medical offices

""
    ""Please message with any questions.
",54.05,1,https://www.bagsupplyco.com/images/mylar/1-4-oz-gloss-black-clear-with-labels-designer.webp,10.00
MYL-DP-016,1/4 oz Matte Black/Clear + Labels,"1/4 oz Matte Black/Clear + Labels

""
    ""High-quality pharmacy prescription bags featuring the classic design. Strong, dependable paper bags built for everyday pharmacy and retail use.

""
    ""📦 Product Details
""
    ""Design: MYL-DP-016
""
    ""Size: N/A
""
    ""Quantity: 1
""
    ""Material: Durable paper
""
    ""Condition: Brand new
""
    ""Country of Manufacture: Made in the USA 🇺🇸

""
    ""🚚 Shipping
""
    ""Flat $10 shipping per case.
""
    ""Orders ship within 2 business days — most ship same or next business day.

""
    ""💼 Better Pricing Available
""
    ""Contact bagsupplyco directly for a cheaper rate — even if you are ordering just one case.

""
    ""✔ Sold as a full case only
""
    ""✔ Reliable supply for pharmacies and medical offices

""
    ""Please message with any questions.
",54.05,1,https://www.bagsupplyco.com/images/mylar/1-4-oz-matte-black-clear-with-labels-designer.webp,10.00
MYL-DP-017,1/4 oz Matte Black Opaque,"1/4 oz Matte Black Opaque

""
    ""High-quality pharmacy prescription bags featuring the classic design. Strong, dependable paper bags built for everyday pharmacy and retail use.

""
    ""📦 Product Details
""
    ""Design: MYL-DP-017
""
    ""Size: N/A
""
    ""Quantity: 1
""
    ""Material: Durable paper
""
    ""Condition: Brand new
""
    ""Country of Manufacture: Made in the USA 🇺🇸

""
    ""🚚 Shipping
""
    ""Flat $10 shipping per case.
""
    ""Orders ship within 2 business days — most ship same or next business day.

""
    ""💼 Better Pricing Available
""
    ""Contact bagsupplyco directly for a cheaper rate — even if you are ordering just one case.

""
    ""✔ Sold as a full case only
""
    ""✔ Reliable supply for pharmacies and medical offices

""
    ""Please message with any questions.
",54.05,1,https://www.bagsupplyco.com/images/mylar/1-4-oz-matte-black-opaque-designer.webp,10.00
MYL-DP-018,1/4 oz Gloss Holographic/Clear,"1/4 oz Gloss Holographic/Clear

""
    ""High-quality pharmacy prescription bags featuring the classic design. Strong, dependable paper bags built for everyday pharmacy and retail use.

""
    ""📦 Product Details
""
    ""Design: MYL-DP-018
""
    ""Size: N/A
""
    ""Quantity: 1
""
    ""Material: Durable paper
""
    ""Condition: Brand new
""
    ""Country of Manufacture: Made in the USA 🇺🇸

""
    ""🚚 Shipping
""
    ""Flat $10 shipping per case.
""
    ""Orders ship within 2 business days — most ship same or next business day.

""
    ""💼 Better Pricing Available
""
    ""Contact bagsupplyco directly for a cheaper rate — even if you are ordering just one case.

""
    ""✔ Sold as a full case only
""
    ""✔ Reliable supply for pharmacies and medical offices

""
    ""Please message with any questions.
",54.05,1,https://www.bagsupplyco.com/images/mylar/1-4-oz-gloss-holographic-clear-designer.webp,10.00
MYL-DP-019,1/2 oz Matte Black/Clear + Labels,"1/2 oz Matte Black/Clear + Labels

""
    ""High-quality pharmacy prescription bags featuring the classic design. Strong, dependable paper bags built for everyday pharmacy and retail use.

""
    ""📦 Product Details
""
    ""Design: MYL-DP-019
""
    ""Size: N/A
""
    ""Quantity: 1
""
    ""Material: Durable paper
""
    ""Condition: Brand new
""
    ""Country of Manufacture: Made in the USA 🇺🇸

""
    ""🚚 Shipping
""
    ""Flat $10 shipping per case.
""
    ""Orders ship within 2 business days — most ship same or next business day.

""
    ""💼 Better Pricing Available
""
    ""Contact bagsupplyco directly for a cheaper rate — even if you are ordering just one case.

""
    ""✔ Sold as a full case only
""
    ""✔ Reliable supply for pharmacies and medical offices

""
    ""Please message with any questions.
",63.25,1,https://www.bagsupplyco.com/images/mylar/1-2-oz-matte-black-clear-with-labels-designer.webp,10.00
MYL-DP-020,1/2 oz Matte Black Opaque + Labels,"1/2 oz Matte Black Opaque + Labels

""
    ""High-quality pharmacy prescription bags featuring the classic design. Strong, dependable paper bags built for everyday pharmacy and retail use.

""
    ""📦 Product Details
""
    ""Design: MYL-DP-020
""
    ""Size: N/A
""
    ""Quantity: 1
""
    ""Material: Durable paper
""
    ""Condition: Brand new
""
    ""Country of Manufacture: Made in the USA 🇺🇸

""
    ""🚚 Shipping
""
    ""Flat $10 shipping per case.
""
    ""Orders ship within 2 business days — most ship same or next business day.

""
    ""💼 Better Pricing Available
""
    ""Contact bagsupplyco directly for a cheaper rate — even if you are ordering just one case.

""
    ""✔ Sold as a full case only
""
    ""✔ Reliable supply for pharmacies and medical offices

""
    ""Please message with any questions.
",63.25,1,https://www.bagsupplyco.com/images/mylar/1-2-oz-matte-black-opaque-with-labels-designer.webp,10.00
MYL-DP-021,1 oz Rx Generic,"1 oz Rx Generic

""
    ""High-quality pharmacy prescription bags featuring the classic design. Strong, dependable paper bags built for everyday pharmacy and retail use.

""
    ""📦 Product Details
""
    ""Design: MYL-DP-021
""
    ""Size: N/A
""
    ""Quantity: 1
""
    ""Material: Durable paper
""
    ""Condition: Brand new
""
    ""Country of Manufacture: Made in the USA 🇺🇸

""
    ""🚚 Shipping
""
    ""Flat $10 shipping per case.
""
    ""Orders ship within 2 business days — most ship same or next business day.

""
    ""💼 Better Pricing Available
""
    ""Contact bagsupplyco directly for a cheaper rate — even if you are ordering just one case.

""
    ""✔ Sold as a full case only
""
    ""✔ Reliable supply for pharmacies and medical offices

""
    ""Please message with any questions.
",69.00,1,https://www.bagsupplyco.com/images/mylar/1-oz-rx-generic-designer.webp,10.00
MYL-DP-022,1 oz Matte Black/Clear + Labels,"1 oz Matte Black/Clear + Labels

""
    ""High-quality pharmacy prescription bags featuring the classic design. Strong, dependable paper bags built for everyday pharmacy and retail use.

""
    ""📦 Product Details
""
    ""Design: MYL-DP-022
""
    ""Size: N/A
""
    ""Quantity: 1
""
    ""Material: Durable paper
""
    ""Condition: Brand new
""
    ""Country of Manufacture: Made in the USA 🇺🇸

""
    ""🚚 Shipping
""
    ""Flat $10 shipping per case.
""
    ""Orders ship within 2 business days — most ship same or next business day.

""
    ""💼 Better Pricing Available
""
    ""Contact bagsupplyco directly for a cheaper rate — even if you are ordering just one case.

""
    ""✔ Sold as a full case only
""
    ""✔ Reliable supply for pharmacies and medical offices

""
    ""Please message with any questions.
",69.00,1,https://www.bagsupplyco.com/images/mylar/1-oz-matte-black-clear-with-labels-designer.webp,10.00
MYL-DP-023,1 oz Matte Black Opaque + Labels,"1 oz Matte Black Opaque + Labels

""
    ""High-quality pharmacy prescription bags featuring the classic design. Strong, dependable paper bags built for everyday pharmacy and retail use.

""
    ""📦 Product Details
""
    ""Design: MYL-DP-023
""
    ""Size: N/A
""
    ""Quantity: 1
""
    ""Material: Durable paper
""
    ""Condition: Brand new
""
    ""Country of Manufacture: Made in the USA 🇺🇸

""
    ""🚚 Shipping
""
    ""Flat $10 shipping per case.
""
    ""Orders ship within 2 business days — most ship same or next business day.

""
    ""💼 Better Pricing Available
""
    ""Contact bagsupplyco directly for a cheaper rate — even if you are ordering just one case.

""
    ""✔ Sold as a full case only
""
    ""✔ Reliable supply for pharmacies and medical offices

""
    ""Please message with any questions.
",69.00,1,https://www.bagsupplyco.com/images/mylar/1-oz-matte-black-opaque-with-labels-designer.webp,10.00
MYL-DP-024,1 oz Matte Black/Matte Black Designer + Labels,"1 oz Matte Black/Matte Black Designer + Labels

""
    ""High-quality pharmacy prescription bags featuring the classic design. Strong, dependable paper bags built for everyday pharmacy and retail use.

""
    ""📦 Product Details
""
    ""Design: MYL-DP-024
""
    ""Size: N/A
""
    ""Quantity: 1
""
    ""Material: Durable paper
""
    ""Condition: Brand new
""
    ""Country of Manufacture: Made in the USA 🇺🇸

""
    ""🚚 Shipping
""
    ""Flat $10 shipping per case.
""
    ""Orders ship within 2 business days — most ship same or next business day.

""
    ""💼 Better Pricing Available
""
    ""Contact bagsupplyco directly for a cheaper rate — even if you are ordering just one case.

""
    ""✔ Sold as a full case only
""
    ""✔ Reliable supply for pharmacies and medical offices

""
    ""Please message with any questions.
",69.00,1,https://www.bagsupplyco.com/images/mylar/1-oz-matte-black-designer-with-labels.webp,10.00
MYL-DP-025,1g Gloss Black Opaque + Labels,"1g Gloss Black Opaque + Labels

""
    ""High-quality pharmacy prescription bags featuring the classic design. Strong, dependable paper bags built for everyday pharmacy and retail use.

""
    ""📦 Product Details
""
    ""Design: MYL-DP-025
""
    ""Size: N/A
""
    ""Quantity: 1
""
    ""Material: Durable paper
""
    ""Condition: Brand new
""
    ""Country of Manufacture: Made in the USA 🇺🇸

""
    ""🚚 Shipping
""
    ""Flat $10 shipping per case.
""
    ""Orders ship within 2 business days — most ship same or next business day.

""
    ""💼 Better Pricing Available
""
    ""Contact bagsupplyco directly for a cheaper rate — even if you are ordering just one case.

""
    ""✔ Sold as a full case only
""
    ""✔ Reliable supply for pharmacies and medical offices

""
    ""Please message with any questions.
",31.05,1,https://www.bagsupplyco.com/images/mylar/1g-gloss-black-opaque-with-labels-designer.webp,10.00
MYL-DP-026,Pre-Roll Matte White/Clear,"Pre-Roll Matte White/Clear

""
    ""High-quality pharmacy prescription bags featuring the classic design. Strong, dependable paper bags built for everyday pharmacy and retail use.

""
    ""📦 Product Details
""
    ""Design: MYL-DP-026
""
    ""Size: N/A
""
    ""Quantity: 1
""
    ""Material: Durable paper
""
    ""Condition: Brand new
""
    ""Country of Manufacture: Made in the USA 🇺🇸

""
    ""🚚 Shipping
""
    ""Flat $10 shipping per case.
""
    ""Orders ship within 2 business days — most ship same or next business day.

""
    ""💼 Better Pricing Available
""
    ""Contact bagsupplyco directly for a cheaper rate — even if you are ordering just one case.

""
    ""✔ Sold as a full case only
""
    ""✔ Reliable supply for pharmacies and medical offices

""
    ""Please message with any questions.
",73.60,1,https://www.bagsupplyco.com/images/mylar/pre-roll-matte-white-clear-designer.webp,10.00
MYL-DP-027,Pre-Roll Matte Black/Clear,"Pre-Roll Matte Black/Clear

""
    ""High-quality pharmacy prescription bags featuring the classic design. Strong, dependable paper bags built for everyday pharmacy and retail use.

""
    ""📦 Product Details
""
    ""Design: MYL-DP-027
""
    ""Size: N/A
""
    ""Quantity: 1
""
    ""Material: Durable paper
""
    ""Condition: Brand new
""
    ""Country of Manufacture: Made in the USA 🇺🇸

""
    ""🚚 Shipping
""
    ""Flat $10 shipping per case.
""
    ""Orders ship within 2 business days — most ship same or next business day.

""
    ""💼 Better Pricing Available
""
    ""Contact bagsupplyco directly for a cheaper rate — even if you are ordering just one case.

""
    ""✔ Sold as a full case only
""
    ""✔ Reliable supply for pharmacies and medical offices

""
    ""Please message with any questions.
",73.60,1,https://www.bagsupplyco.com/images/mylar/pre-roll-matte-black-clear-designer.webp,10.00
MYL-DP-028,1/8 oz CR Exit Bag Matte Black,"1/8 oz CR Exit Bag Matte Black

""
    ""High-quality pharmacy prescription bags featuring the classic design. Strong, dependable paper bags built for everyday pharmacy and retail use.

""
    ""📦 Product Details
""
    ""Design: MYL-DP-028
""
    ""Size: N/A
""
    ""Quantity: 1
""
    ""Material: Durable paper
""
    ""Condition: Brand new
""
    ""Country of Manufacture: Made in the USA 🇺🇸

""
    ""🚚 Shipping
""
    ""Flat $10 shipping per case.
""
    ""Orders ship within 2 business days — most ship same or next business day.

""
    ""💼 Better Pricing Available
""
    ""Contact bagsupplyco directly for a cheaper rate — even if you are ordering just one case.

""
    ""✔ Sold as a full case only
""
    ""✔ Reliable supply for pharmacies and medical offices

""
    ""Please message with any questions.
",46.00,1,https://www.bagsupplyco.com/images/mylar/1-8-oz-cr-exit-matte-black-designer.webp,10.00
MYL-DP-029,1/4 oz CR Exit Bag Matte Black,"1/4 oz CR Exit Bag Matte Black

""
    ""High-quality pharmacy prescription bags featuring the classic design. Strong, dependable paper bags built for everyday pharmacy and retail use.

""
    ""📦 Product Details
""
    ""Design: MYL-DP-029
""
    ""Size: N/A
""
    ""Quantity: 1
""
    ""Material: Durable paper
""
    ""Condition: Brand new
""
    ""Country of Manufacture: Made in the USA 🇺🇸

""
    ""🚚 Shipping
""
    ""Flat $10 shipping per case.
""
    ""Orders ship within 2 business days — most ship same or next business day.

""
    ""💼 Better Pricing Available
""
    ""Contact bagsupplyco directly for a cheaper rate — even if you are ordering just one case.

""
    ""✔ Sold as a full case only
""
    ""✔ Reliable supply for pharmacies and medical offices

""
    ""Please message with any questions.
",54.05,1,https://www.bagsupplyco.com/images/mylar/1-4-oz-cr-exit-matte-black-designer.webp,10.00
MYL-DP-030,1 LB Grower Gloss Black/Clear,"1 LB Grower Gloss Black/Clear

""
    ""High-quality pharmacy prescription bags featuring the classic design. Strong, dependable paper bags built for everyday pharmacy and retail use.

""
    ""📦 Product Details
""
    ""Design: MYL-DP-030
""
    ""Size: N/A
""
    ""Quantity: 1
""
    ""Material: Durable paper
""
    ""Condition: Brand new
""
    ""Country of Manufacture: Made in the USA 🇺🇸

""
    ""🚚 Shipping
""
    ""Flat $10 shipping per case.
""
    ""Orders ship within 2 business days — most ship same or next business day.

""
    ""💼 Better Pricing Available
""
    ""Contact bagsupplyco directly for a cheaper rate — even if you are ordering just one case.

""
    ""✔ Sold as a full case only
""
    ""✔ Reliable supply for pharmacies and medical offices

""
    ""Please message with any questions.
",83.95,1,https://www.bagsupplyco.com/images/mylar/1-lb-grower-gloss-black-clear-designer.webp,10.00
MYL-PS-031,1g Gloss Black/Clear,"1g Gloss Black/Clear

""
    ""High-quality pharmacy prescription bags featuring the classic design. Strong, dependable paper bags built for everyday pharmacy and retail use.

""
    ""📦 Product Details
""
    ""Design: MYL-PS-031
""
    ""Size: N/A
""
    ""Quantity: 1
""
    ""Material: Durable paper
""
    ""Condition: Brand new
""
    ""Country of Manufacture: Made in the USA 🇺🇸

""
    ""🚚 Shipping
""
    ""Flat $10 shipping per case.
""
    ""Orders ship within 2 business days — most ship same or next business day.

""
    ""💼 Better Pricing Available
""
    ""Contact bagsupplyco directly for a cheaper rate — even if you are ordering just one case.

""
    ""✔ Sold as a full case only
""
    ""✔ Reliable supply for pharmacies and medical offices

""
    ""Please message with any questions.
",125.35,1,https://www.bagsupplyco.com/images/mylar/1g-gloss-black-clear-plain.webp,10.00
MYL-PS-032,1g Matte Black/Clear,"1g Matte Black/Clear

""
    ""High-quality pharmacy prescription bags featuring the classic design. Strong, dependable paper bags built for everyday pharmacy and retail use.

""
    ""📦 Product Details
""
    ""Design: MYL-PS-032
""
    ""Size: N/A
""
    ""Quantity: 1
""
    ""Material: Durable paper
""
    ""Condition: Brand new
""
    ""Country of Manufacture: Made in the USA 🇺🇸

""
    ""🚚 Shipping
""
    ""Flat $10 shipping per case.
""
    ""Orders ship within 2 business days — most ship same or next business day.

""
    ""💼 Better Pricing Available
""
    ""Contact bagsupplyco directly for a cheaper rate — even if you are ordering just one case.

""
    ""✔ Sold as a full case only
""
    ""✔ Reliable supply for pharmacies and medical offices

""
    ""Please message with any questions.
",125.35,1,https://www.bagsupplyco.com/images/mylar/1g-matte-black-clear-plain.webp,10.00
MYL-PS-033,1g Matte Black Opaque,"1g Matte Black Opaque

""
    ""High-quality pharmacy prescription bags featuring the classic design. Strong, dependable paper bags built for everyday pharmacy and retail use.

""
    ""📦 Product Details
""
    ""Design: MYL-PS-033
""
    ""Size: N/A
""
    ""Quantity: 1
""
    ""Material: Durable paper
""
    ""Condition: Brand new
""
    ""Country of Manufacture: Made in the USA 🇺🇸

""
    ""🚚 Shipping
""
    ""Flat $10 shipping per case.
""
    ""Orders ship within 2 business days — most ship same or next business day.

""
    ""💼 Better Pricing Available
""
    ""Contact bagsupplyco directly for a cheaper rate — even if you are ordering just one case.

""
    ""✔ Sold as a full case only
""
    ""✔ Reliable supply for pharmacies and medical offices

""
    ""Please message with any questions.
",125.35,1,https://www.bagsupplyco.com/images/mylar/1g-matte-black-opaque-plain.webp,10.00
MYL-PS-034,1g Matte White/Clear,"1g Matte White/Clear

""
    ""High-quality pharmacy prescription bags featuring the classic design. Strong, dependable paper bags built for everyday pharmacy and retail use.

""
    ""📦 Product Details
""
    ""Design: MYL-PS-034
""
    ""Size: N/A
""
    ""Quantity: 1
""
    ""Material: Durable paper
""
    ""Condition: Brand new
""
    ""Country of Manufacture: Made in the USA 🇺🇸

""
    ""🚚 Shipping
""
    ""Flat $10 shipping per case.
""
    ""Orders ship within 2 business days — most ship same or next business day.

""
    ""💼 Better Pricing Available
""
    ""Contact bagsupplyco directly for a cheaper rate — even if you are ordering just one case.

""
    ""✔ Sold as a full case only
""
    ""✔ Reliable supply for pharmacies and medical offices

""
    ""Please message with any questions.
",125.35,1,https://www.bagsupplyco.com/images/mylar/1g-matte-white-clear-plain.webp,10.00
MYL-PS-035,1g Gloss Silver/Clear,"1g Gloss Silver/Clear

""
    ""High-quality pharmacy prescription bags featuring the classic design. Strong, dependable paper bags built for everyday pharmacy and retail use.

""
    ""📦 Product Details
""
    ""Design: MYL-PS-035
""
    ""Size: N/A
""
    ""Quantity: 1
""
    ""Material: Durable paper
""
    ""Condition: Brand new
""
    ""Country of Manufacture: Made in the USA 🇺🇸

""
    ""🚚 Shipping
""
    ""Flat $10 shipping per case.
""
    ""Orders ship within 2 business days — most ship same or next business day.

""
    ""💼 Better Pricing Available
""
    ""Contact bagsupplyco directly for a cheaper rate — even if you are ordering just one case.

""
    ""✔ Sold as a full case only
""
    ""✔ Reliable supply for pharmacies and medical offices

""
    ""Please message with any questions.
",125.35,1,https://www.bagsupplyco.com/images/mylar/1g-gloss-silver-clear-plain.webp,10.00
MYL-PS-036,1g Gloss Holographic/Clear,"1g Gloss Holographic/Clear

""
    ""High-quality pharmacy prescription bags featuring the classic design. Strong, dependable paper bags built for everyday pharmacy and retail use.

""
    ""📦 Product Details
""
    ""Design: MYL-PS-036
""
    ""Size: N/A
""
    ""Quantity: 1
""
    ""Material: Durable paper
""
    ""Condition: Brand new
""
    ""Country of Manufacture: Made in the USA 🇺🇸

""
    ""🚚 Shipping
""
    ""Flat $10 shipping per case.
""
    ""Orders ship within 2 business days — most ship same or next business day.

""
    ""💼 Better Pricing Available
""
    ""Contact bagsupplyco directly for a cheaper rate — even if you are ordering just one case.

""
    ""✔ Sold as a full case only
""
    ""✔ Reliable supply for pharmacies and medical offices

""
    ""Please message with any questions.
",125.35,1,https://www.bagsupplyco.com/images/mylar/1g-gloss-holographic-clear-plain.webp,10.00
MYL-PS-037,1g Kraft/Clear,"1g Kraft/Clear

""
    ""High-quality pharmacy prescription bags featuring the classic design. Strong, dependable paper bags built for everyday pharmacy and retail use.

""
    ""📦 Product Details
""
    ""Design: MYL-PS-037
""
    ""Size: N/A
""
    ""Quantity: 1
""
    ""Material: Durable paper
""
    ""Condition: Brand new
""
    ""Country of Manufacture: Made in the USA 🇺🇸

""
    ""🚚 Shipping
""
    ""Flat $10 shipping per case.
""
    ""Orders ship within 2 business days — most ship same or next business day.

""
    ""💼 Better Pricing Available
""
    ""Contact bagsupplyco directly for a cheaper rate — even if you are ordering just one case.

""
    ""✔ Sold as a full case only
""
    ""✔ Reliable supply for pharmacies and medical offices

""
    ""Please message with any questions.
",125.35,1,https://www.bagsupplyco.com/images/mylar/1g-kraft-clear-plain.webp,10.00
MYL-PS-038,1/8 oz Gloss Black/Clear,"1/8 oz Gloss Black/Clear

""
    ""High-quality pharmacy prescription bags featuring the classic design. Strong, dependable paper bags built for everyday pharmacy and retail use.

""
    ""📦 Product Details
""
    ""Design: MYL-PS-038
""
    ""Size: N/A
""
    ""Quantity: 1
""
    ""Material: Durable paper
""
    ""Condition: Brand new
""
    ""Country of Manufacture: Made in the USA 🇺🇸

""
    ""🚚 Shipping
""
    ""Flat $10 shipping per case.
""
    ""Orders ship within 2 business days — most ship same or next business day.

""
    ""💼 Better Pricing Available
""
    ""Contact bagsupplyco directly for a cheaper rate — even if you are ordering just one case.

""
    ""✔ Sold as a full case only
""
    ""✔ Reliable supply for pharmacies and medical offices

""
    ""Please message with any questions.
",146.05,1,https://www.bagsupplyco.com/images/mylar/1-8-oz-gloss-black-clear-plain.webp,10.00
MYL-PS-039,1/8 oz Matte Black/Clear,"1/8 oz Matte Black/Clear

""
    ""High-quality pharmacy prescription bags featuring the classic design. Strong, dependable paper bags built for everyday pharmacy and retail use.

""
    ""📦 Product Details
""
    ""Design: MYL-PS-039
""
    ""Size: N/A
""
    ""Quantity: 1
""
    ""Material: Durable paper
""
    ""Condition: Brand new
""
    ""Country of Manufacture: Made in the USA 🇺🇸

""
    ""🚚 Shipping
""
    ""Flat $10 shipping per case.
""
    ""Orders ship within 2 business days — most ship same or next business day.

""
    ""💼 Better Pricing Available
""
    ""Contact bagsupplyco directly for a cheaper rate — even if you are ordering just one case.

""
    ""✔ Sold as a full case only
""
    ""✔ Reliable supply for pharmacies and medical offices

""
    ""Please message with any questions.
",146.05,1,https://www.bagsupplyco.com/images/mylar/1-8-oz-matte-black-clear-plain.webp,10.00
MYL-PS-040,1/8 oz Matte Black Opaque,"1/8 oz Matte Black Opaque

""
    ""High-quality pharmacy prescription bags featuring the classic design. Strong, dependable paper bags built for everyday pharmacy and retail use.

""
    ""📦 Product Details
""
    ""Design: MYL-PS-040
""
    ""Size: N/A
""
    ""Quantity: 1
""
    ""Material: Durable paper
""
    ""Condition: Brand new
""
    ""Country of Manufacture: Made in the USA 🇺🇸

""
    ""🚚 Shipping
""
    ""Flat $10 shipping per case.
""
    ""Orders ship within 2 business days — most ship same or next business day.

""
    ""💼 Better Pricing Available
""
    ""Contact bagsupplyco directly for a cheaper rate — even if you are ordering just one case.

""
    ""✔ Sold as a full case only
""
    ""✔ Reliable supply for pharmacies and medical offices

""
    ""Please message with any questions.
",146.05,1,https://www.bagsupplyco.com/images/mylar/1-8-oz-matte-black-opaque-plain.webp,10.00
MYL-PS-041,1/8 oz Matte White/Clear,"1/8 oz Matte White/Clear

""
    ""High-quality pharmacy prescription bags featuring the classic design. Strong, dependable paper bags built for everyday pharmacy and retail use.

""
    ""📦 Product Details
""
    ""Design: MYL-PS-041
""
    ""Size: N/A
""
    ""Quantity: 1
""
    ""Material: Durable paper
""
    ""Condition: Brand new
""
    ""Country of Manufacture: Made in the USA 🇺🇸

""
    ""🚚 Shipping
""
    ""Flat $10 shipping per case.
""
    ""Orders ship within 2 business days — most ship same or next business day.

""
    ""💼 Better Pricing Available
""
    ""Contact bagsupplyco directly for a cheaper rate — even if you are ordering just one case.

""
    ""✔ Sold as a full case only
""
    ""✔ Reliable supply for pharmacies and medical offices

""
    ""Please message with any questions.
",146.05,1,https://www.bagsupplyco.com/images/mylar/1-8-oz-matte-white-clear-plain.webp,10.00
MYL-PS-042,1/8 oz Gloss Silver/Clear,"1/8 oz Gloss Silver/Clear

""
    ""High-quality pharmacy prescription bags featuring the classic design. Strong, dependable paper bags built for everyday pharmacy and retail use.

""
    ""📦 Product Details
""
    ""Design: MYL-PS-042
""
    ""Size: N/A
""
    ""Quantity: 1
""
    ""Material: Durable paper
""
    ""Condition: Brand new
""
    ""Country of Manufacture: Made in the USA 🇺🇸

""
    ""🚚 Shipping
""
    ""Flat $10 shipping per case.
""
    ""Orders ship within 2 business days — most ship same or next business day.

""
    ""💼 Better Pricing Available
""
    ""Contact bagsupplyco directly for a cheaper rate — even if you are ordering just one case.

""
    ""✔ Sold as a full case only
""
    ""✔ Reliable supply for pharmacies and medical offices

""
    ""Please message with any questions.
",146.05,1,https://www.bagsupplyco.com/images/mylar/1-8-oz-gloss-silver-clear-plain.webp,10.00
MYL-PS-043,1/8 oz Gloss Gold/Clear,"1/8 oz Gloss Gold/Clear

""
    ""High-quality pharmacy prescription bags featuring the classic design. Strong, dependable paper bags built for everyday pharmacy and retail use.

""
    ""📦 Product Details
""
    ""Design: MYL-PS-043
""
    ""Size: N/A
""
    ""Quantity: 1
""
    ""Material: Durable paper
""
    ""Condition: Brand new
""
    ""Country of Manufacture: Made in the USA 🇺🇸

""
    ""🚚 Shipping
""
    ""Flat $10 shipping per case.
""
    ""Orders ship within 2 business days — most ship same or next business day.

""
    ""💼 Better Pricing Available
""
    ""Contact bagsupplyco directly for a cheaper rate — even if you are ordering just one case.

""
    ""✔ Sold as a full case only
""
    ""✔ Reliable supply for pharmacies and medical offices

""
    ""Please message with any questions.
",146.05,1,https://www.bagsupplyco.com/images/mylar/1-8-oz-gloss-gold-clear-plain.webp,10.00
MYL-PS-044,1/8 oz Gloss Holographic/Clear,"1/8 oz Gloss Holographic/Clear

""
    ""High-quality pharmacy prescription bags featuring the classic design. Strong, dependable paper bags built for everyday pharmacy and retail use.

""
    ""📦 Product Details
""
    ""Design: MYL-PS-044
""
    ""Size: N/A
""
    ""Quantity: 1
""
    ""Material: Durable paper
""
    ""Condition: Brand new
""
    ""Country of Manufacture: Made in the USA 🇺🇸

""
    ""🚚 Shipping
""
    ""Flat $10 shipping per case.
""
    ""Orders ship within 2 business days — most ship same or next business day.

""
    ""💼 Better Pricing Available
""
    ""Contact bagsupplyco directly for a cheaper rate — even if you are ordering just one case.

""
    ""✔ Sold as a full case only
""
    ""✔ Reliable supply for pharmacies and medical offices

""
    ""Please message with any questions.
",146.05,1,https://www.bagsupplyco.com/images/mylar/1-8-oz-gloss-holographic-clear-plain.webp,10.00
MYL-PS-045,1/8 oz Kraft/Clear,"1/8 oz Kraft/Clear

""
    ""High-quality pharmacy prescription bags featuring the classic design. Strong, dependable paper bags built for everyday pharmacy and retail use.

""
    ""📦 Product Details
""
    ""Design: MYL-PS-045
""
    ""Size: N/A
""
    ""Quantity: 1
""
    ""Material: Durable paper
""
    ""Condition: Brand new
""
    ""Country of Manufacture: Made in the USA 🇺🇸

""
    ""🚚 Shipping
""
    ""Flat $10 shipping per case.
""
    ""Orders ship within 2 business days — most ship same or next business day.

""
    ""💼 Better Pricing Available
""
    ""Contact bagsupplyco directly for a cheaper rate — even if you are ordering just one case.

""
    ""✔ Sold as a full case only
""
    ""✔ Reliable supply for pharmacies and medical offices

""
    ""Please message with any questions.
",146.05,1,https://www.bagsupplyco.com/images/mylar/1-8-oz-kraft-clear-plain.webp,10.00
MYL-PS-046,1/4 oz Gloss Black/Clear,"1/4 oz Gloss Black/Clear

""
    ""High-quality pharmacy prescription bags featuring the classic design. Strong, dependable paper bags built for everyday pharmacy and retail use.

""
    ""📦 Product Details
""
    ""Design: MYL-PS-046
""
    ""Size: N/A
""
    ""Quantity: 1
""
    ""Material: Durable paper
""
    ""Condition: Brand new
""
    ""Country of Manufacture: Made in the USA 🇺🇸

""
    ""🚚 Shipping
""
    ""Flat $10 shipping per case.
""
    ""Orders ship within 2 business days — most ship same or next business day.

""
    ""💼 Better Pricing Available
""
    ""Contact bagsupplyco directly for a cheaper rate — even if you are ordering just one case.

""
    ""✔ Sold as a full case only
""
    ""✔ Reliable supply for pharmacies and medical offices

""
    ""Please message with any questions.
",166.75,1,https://www.bagsupplyco.com/images/mylar/1-4-oz-gloss-black-clear-plain.webp,10.00
MYL-PS-047,1/4 oz Matte Black/Clear,"1/4 oz Matte Black/Clear

""
    ""High-quality pharmacy prescription bags featuring the classic design. Strong, dependable paper bags built for everyday pharmacy and retail use.

""
    ""📦 Product Details
""
    ""Design: MYL-PS-047
""
    ""Size: N/A
""
    ""Quantity: 1
""
    ""Material: Durable paper
""
    ""Condition: Brand new
""
    ""Country of Manufacture: Made in the USA 🇺🇸

""
    ""🚚 Shipping
""
    ""Flat $10 shipping per case.
""
    ""Orders ship within 2 business days — most ship same or next business day.

""
    ""💼 Better Pricing Available
""
    ""Contact bagsupplyco directly for a cheaper rate — even if you are ordering just one case.

""
    ""✔ Sold as a full case only
""
    ""✔ Reliable supply for pharmacies and medical offices

""
    ""Please message with any questions.
",188.60,1,https://www.bagsupplyco.com/images/mylar/1-4-oz-matte-black-clear-plain.webp,10.00
MYL-PS-048,1/4 oz Matte White/Clear,"1/4 oz Matte White/Clear

""
    ""High-quality pharmacy prescription bags featuring the classic design. Strong, dependable paper bags built for everyday pharmacy and retail use.

""
    ""📦 Product Details
""
    ""Design: MYL-PS-048
""
    ""Size: N/A
""
    ""Quantity: 1
""
    ""Material: Durable paper
""
    ""Condition: Brand new
""
    ""Country of Manufacture: Made in the USA 🇺🇸

""
    ""🚚 Shipping
""
    ""Flat $10 shipping per case.
""
    ""Orders ship within 2 business days — most ship same or next business day.

""
    ""💼 Better Pricing Available
""
    ""Contact bagsupplyco directly for a cheaper rate — even if you are ordering just one case.

""
    ""✔ Sold as a full case only
""
    ""✔ Reliable supply for pharmacies and medical offices

""
    ""Please message with any questions.
",188.60,1,https://www.bagsupplyco.com/images/mylar/1-4-oz-matte-white-clear-plain.webp,10.00
MYL-PS-049,1/2 oz Gloss Black/Clear,"1/2 oz Gloss Black/Clear

""
    ""High-quality pharmacy prescription bags featuring the classic design. Strong, dependable paper bags built for everyday pharmacy and retail use.

""
    ""📦 Product Details
""
    ""Design: MYL-PS-049
""
    ""Size: N/A
""
    ""Quantity: 1
""
    ""Material: Durable paper
""
    ""Condition: Brand new
""
    ""Country of Manufacture: Made in the USA 🇺🇸

""
    ""🚚 Shipping
""
    ""Flat $10 shipping per case.
""
    ""Orders ship within 2 business days — most ship same or next business day.

""
    ""💼 Better Pricing Available
""
    ""Contact bagsupplyco directly for a cheaper rate — even if you are ordering just one case.

""
    ""✔ Sold as a full case only
""
    ""✔ Reliable supply for pharmacies and medical offices

""
    ""Please message with any questions.
",230.00,1,https://www.bagsupplyco.com/images/mylar/1-2-oz-gloss-black-clear-plain.webp,10.00
MYL-PS-050,1/2 oz Matte Black/Clear,"1/2 oz Matte Black/Clear

""
    ""High-quality pharmacy prescription bags featuring the classic design. Strong, dependable paper bags built for everyday pharmacy and retail use.

""
    ""📦 Product Details
""
    ""Design: MYL-PS-050
""
    ""Size: N/A
""
    ""Quantity: 1
""
    ""Material: Durable paper
""
    ""Condition: Brand new
""
    ""Country of Manufacture: Made in the USA 🇺🇸

""
    ""🚚 Shipping
""
    ""Flat $10 shipping per case.
""
    ""Orders ship within 2 business days — most ship same or next business day.

""
    ""💼 Better Pricing Available
""
    ""Contact bagsupplyco directly for a cheaper rate — even if you are ordering just one case.

""
    ""✔ Sold as a full case only
""
    ""✔ Reliable supply for pharmacies and medical offices

""
    ""Please message with any questions.
",250.70,1,https://www.bagsupplyco.com/images/mylar/1-2-oz-matte-black-clear-plain.webp,10.00
MYL-PS-051,1/2 oz Matte Black Opaque,"1/2 oz Matte Black Opaque

""
    ""High-quality pharmacy prescription bags featuring the classic design. Strong, dependable paper bags built for everyday pharmacy and retail use.

""
    ""📦 Product Details
""
    ""Design: MYL-PS-051
""
    ""Size: N/A
""
    ""Quantity: 1
""
    ""Material: Durable paper
""
    ""Condition: Brand new
""
    ""Country of Manufacture: Made in the USA 🇺🇸

""
    ""🚚 Shipping
""
    ""Flat $10 shipping per case.
""
    ""Orders ship within 2 business days — most ship same or next business day.

""
    ""💼 Better Pricing Available
""
    ""Contact bagsupplyco directly for a cheaper rate — even if you are ordering just one case.

""
    ""✔ Sold as a full case only
""
    ""✔ Reliable supply for pharmacies and medical offices

""
    ""Please message with any questions.
",250.70,1,https://www.bagsupplyco.com/images/mylar/1-2-oz-matte-black-opaque-plain.webp,10.00
MYL-PS-052,1 oz Gloss Black/Clear,"1 oz Gloss Black/Clear

""
    ""High-quality pharmacy prescription bags featuring the classic design. Strong, dependable paper bags built for everyday pharmacy and retail use.

""
    ""📦 Product Details
""
    ""Design: MYL-PS-052
""
    ""Size: N/A
""
    ""Quantity: 1
""
    ""Material: Durable paper
""
    ""Condition: Brand new
""
    ""Country of Manufacture: Made in the USA 🇺🇸

""
    ""🚚 Shipping
""
    ""Flat $10 shipping per case.
""
    ""Orders ship within 2 business days — most ship same or next business day.

""
    ""💼 Better Pricing Available
""
    ""Contact bagsupplyco directly for a cheaper rate — even if you are ordering just one case.

""
    ""✔ Sold as a full case only
""
    ""✔ Reliable supply for pharmacies and medical offices

""
    ""Please message with any questions.
",271.40,1,https://www.bagsupplyco.com/images/mylar/1-oz-gloss-black-clear-plain.webp,10.00
MYL-PS-053,1 oz Matte Black/Clear,"1 oz Matte Black/Clear

""
    ""High-quality pharmacy prescription bags featuring the classic design. Strong, dependable paper bags built for everyday pharmacy and retail use.

""
    ""📦 Product Details
""
    ""Design: MYL-PS-053
""
    ""Size: N/A
""
    ""Quantity: 1
""
    ""Material: Durable paper
""
    ""Condition: Brand new
""
    ""Country of Manufacture: Made in the USA 🇺🇸

""
    ""🚚 Shipping
""
    ""Flat $10 shipping per case.
""
    ""Orders ship within 2 business days — most ship same or next business day.

""
    ""💼 Better Pricing Available
""
    ""Contact bagsupplyco directly for a cheaper rate — even if you are ordering just one case.

""
    ""✔ Sold as a full case only
""
    ""✔ Reliable supply for pharmacies and medical offices

""
    ""Please message with any questions.
",292.10,1,https://www.bagsupplyco.com/images/mylar/1-oz-matte-black-clear-plain.webp,10.00
MYL-PS-054,1 oz Matte Black Opaque,"1 oz Matte Black Opaque

""
    ""High-quality pharmacy prescription bags featuring the classic design. Strong, dependable paper bags built for everyday pharmacy and retail use.

""
    ""📦 Product Details
""
    ""Design: MYL-PS-054
""
    ""Size: N/A
""
    ""Quantity: 1
""
    ""Material: Durable paper
""
    ""Condition: Brand new
""
    ""Country of Manufacture: Made in the USA 🇺🇸

""
    ""🚚 Shipping
""
    ""Flat $10 shipping per case.
""
    ""Orders ship within 2 business days — most ship same or next business day.

""
    ""💼 Better Pricing Available
""
    ""Contact bagsupplyco directly for a cheaper rate — even if you are ordering just one case.

""
    ""✔ Sold as a full case only
""
    ""✔ Reliable supply for pharmacies and medical offices

""
    ""Please message with any questions.
",292.10,1,https://www.bagsupplyco.com/images/mylar/1-oz-matte-black-opaque-plain.webp,10.00
MYL-PS-055,1/8 oz CR Exit Bag Gloss Black Opaque,"1/8 oz CR Exit Bag Gloss Black Opaque

""
    ""High-quality pharmacy prescription bags featuring the classic design. Strong, dependable paper bags built for everyday pharmacy and retail use.

""
    ""📦 Product Details
""
    ""Design: MYL-PS-055
""
    ""Size: N/A
""
    ""Quantity: 1
""
    ""Material: Durable paper
""
    ""Condition: Brand new
""
    ""Country of Manufacture: Made in the USA 🇺🇸

""
    ""🚚 Shipping
""
    ""Flat $10 shipping per case.
""
    ""Orders ship within 2 business days — most ship same or next business day.

""
    ""💼 Better Pricing Available
""
    ""Contact bagsupplyco directly for a cheaper rate — even if you are ordering just one case.

""
    ""✔ Sold as a full case only
""
    ""✔ Reliable supply for pharmacies and medical offices

""
    ""Please message with any questions.
",230.00,1,https://www.bagsupplyco.com/images/mylar/1-8-oz-cr-exit-gloss-black-opaque-plain.webp,10.00
MYL-PS-056,1/8 oz CR Exit Bag Matte Black/Clear,"1/8 oz CR Exit Bag Matte Black/Clear

""
    ""High-quality pharmacy prescription bags featuring the classic design. Strong, dependable paper bags built for everyday pharmacy and retail use.

""
    ""📦 Product Details
""
    ""Design: MYL-PS-056
""
    ""Size: N/A
""
    ""Quantity: 1
""
    ""Material: Durable paper
""
    ""Condition: Brand new
""
    ""Country of Manufacture: Made in the USA 🇺🇸

""
    ""🚚 Shipping
""
    ""Flat $10 shipping per case.
""
    ""Orders ship within 2 business days — most ship same or next business day.

""
    ""💼 Better Pricing Available
""
    ""Contact bagsupplyco directly for a cheaper rate — even if you are ordering just one case.

""
    ""✔ Sold as a full case only
""
    ""✔ Reliable supply for pharmacies and medical offices

""
    ""Please message with any questions.
",230.00,1,https://www.bagsupplyco.com/images/mylar/1-8-oz-cr-exit-matte-black-clear-plain.webp,10.00
MYL-PS-057,1/8 oz CR Exit Bag Gloss White/Clear,"1/8 oz CR Exit Bag Gloss White/Clear

""
    ""High-quality pharmacy prescription bags featuring the classic design. Strong, dependable paper bags built for everyday pharmacy and retail use.

""
    ""📦 Product Details
""
    ""Design: MYL-PS-057
""
    ""Size: N/A
""
    ""Quantity: 1
""
    ""Material: Durable paper
""
    ""Condition: Brand new
""
    ""Country of Manufacture: Made in the USA 🇺🇸

""
    ""🚚 Shipping
""
    ""Flat $10 shipping per case.
""
    ""Orders ship within 2 business days — most ship same or next business day.

""
    ""💼 Better Pricing Available
""
    ""Contact bagsupplyco directly for a cheaper rate — even if you are ordering just one case.

""
    ""✔ Sold as a full case only
""
    ""✔ Reliable supply for pharmacies and medical offices

""
    ""Please message with any questions.
",230.00,1,https://www.bagsupplyco.com/images/mylar/1-8-oz-cr-exit-gloss-white-clear-plain.webp,10.00
MYL-PS-058,1/8 oz CR Exit Bag Gloss White Opaque,"1/8 oz CR Exit Bag Gloss White Opaque

""
    ""High-quality pharmacy prescription bags featuring the classic design. Strong, dependable paper bags built for everyday pharmacy and retail use.

""
    ""📦 Product Details
""
    ""Design: MYL-PS-058
""
    ""Size: N/A
""
    ""Quantity: 1
""
    ""Material: Durable paper
""
    ""Condition: Brand new
""
    ""Country of Manufacture: Made in the USA 🇺🇸

""
    ""🚚 Shipping
""
    ""Flat $10 shipping per case.
""
    ""Orders ship within 2 business days — most ship same or next business day.

""
    ""💼 Better Pricing Available
""
    ""Contact bagsupplyco directly for a cheaper rate — even if you are ordering just one case.

""
    ""✔ Sold as a full case only
""
    ""✔ Reliable supply for pharmacies and medical offices

""
    ""Please message with any questions.
",230.00,1,https://www.bagsupplyco.com/images/mylar/1-8-oz-cr-exit-gloss-white-opaque-plain.webp,10.00
MYL-PS-059,1/8 oz CR Exit Bag Kraft Opaque,"1/8 oz CR Exit Bag Kraft Opaque

""
    ""High-quality pharmacy prescription bags featuring the classic design. Strong, dependable paper bags built for everyday pharmacy and retail use.

""
    ""📦 Product Details
""
    ""Design: MYL-PS-059
""
    ""Size: N/A
""
    ""Quantity: 1
""
    ""Material: Durable paper
""
    ""Condition: Brand new
""
    ""Country of Manufacture: Made in the USA 🇺🇸

""
    ""🚚 Shipping
""
    ""Flat $10 shipping per case.
""
    ""Orders ship within 2 business days — most ship same or next business day.

""
    ""💼 Better Pricing Available
""
    ""Contact bagsupplyco directly for a cheaper rate — even if you are ordering just one case.

""
    ""✔ Sold as a full case only
""
    ""✔ Reliable supply for pharmacies and medical offices

""
    ""Please message with any questions.
",230.00,1,https://www.bagsupplyco.com/images/mylar/1-8-oz-cr-exit-kraft-opaque-plain.webp,10.00
MYL-PS-060,1/4 oz CR Exit Bag Matte Black/Clear,"1/4 oz CR Exit Bag Matte Black/Clear

""
    ""High-quality pharmacy prescription bags featuring the classic design. Strong, dependable paper bags built for everyday pharmacy and retail use.

""
    ""📦 Product Details
""
    ""Design: MYL-PS-060
""
    ""Size: N/A
""
    ""Quantity: 1
""
    ""Material: Durable paper
""
    ""Condition: Brand new
""
    ""Country of Manufacture: Made in the USA 🇺🇸

""
    ""🚚 Shipping
""
    ""Flat $10 shipping per case.
""
    ""Orders ship within 2 business days — most ship same or next business day.

""
    ""💼 Better Pricing Available
""
    ""Contact bagsupplyco directly for a cheaper rate — even if you are ordering just one case.

""
    ""✔ Sold as a full case only
""
    ""✔ Reliable supply for pharmacies and medical offices

""
    ""Please message with any questions.
",272.55,1,https://www.bagsupplyco.com/images/mylar/1-4-oz-cr-exit-matte-black-clear-plain.webp,10.00
MYL-PS-061,1/4 oz CR Exit Bag Gloss Black Opaque,"1/4 oz CR Exit Bag Gloss Black Opaque

""
    ""High-quality pharmacy prescription bags featuring the classic design. Strong, dependable paper bags built for everyday pharmacy and retail use.

""
    ""📦 Product Details
""
    ""Design: MYL-PS-061
""
    ""Size: N/A
""
    ""Quantity: 1
""
    ""Material: Durable paper
""
    ""Condition: Brand new
""
    ""Country of Manufacture: Made in the USA 🇺🇸

""
    ""🚚 Shipping
""
    ""Flat $10 shipping per case.
""
    ""Orders ship within 2 business days — most ship same or next business day.

""
    ""💼 Better Pricing Available
""
    ""Contact bagsupplyco directly for a cheaper rate — even if you are ordering just one case.

""
    ""✔ Sold as a full case only
""
    ""✔ Reliable supply for pharmacies and medical offices

""
    ""Please message with any questions.
",272.55,1,https://www.bagsupplyco.com/images/mylar/1-4-oz-cr-exit-gloss-black-opaque-plain.webp,10.00
MYL-PS-062,1/4 oz CR Exit Bag Gloss White/Clear,"1/4 oz CR Exit Bag Gloss White/Clear

""
    ""High-quality pharmacy prescription bags featuring the classic design. Strong, dependable paper bags built for everyday pharmacy and retail use.

""
    ""📦 Product Details
""
    ""Design: MYL-PS-062
""
    ""Size: N/A
""
    ""Quantity: 1
""
    ""Material: Durable paper
""
    ""Condition: Brand new
""
    ""Country of Manufacture: Made in the USA 🇺🇸

""
    ""🚚 Shipping
""
    ""Flat $10 shipping per case.
""
    ""Orders ship within 2 business days — most ship same or next business day.

""
    ""💼 Better Pricing Available
""
    ""Contact bagsupplyco directly for a cheaper rate — even if you are ordering just one case.

""
    ""✔ Sold as a full case only
""
    ""✔ Reliable supply for pharmacies and medical offices

""
    ""Please message with any questions.
",272.55,1,https://www.bagsupplyco.com/images/mylar/1-4-oz-cr-exit-gloss-white-clear-plain.webp,10.00
MYL-PS-063,1/4 oz CR Exit Bag Gloss White Opaque,"1/4 oz CR Exit Bag Gloss White Opaque

""
    ""High-quality pharmacy prescription bags featuring the classic design. Strong, dependable paper bags built for everyday pharmacy and retail use.

""
    ""📦 Product Details
""
    ""Design: MYL-PS-063
""
    ""Size: N/A
""
    ""Quantity: 1
""
    ""Material: Durable paper
""
    ""Condition: Brand new
""
    ""Country of Manufacture: Made in the USA 🇺🇸

""
    ""🚚 Shipping
""
    ""Flat $10 shipping per case.
""
    ""Orders ship within 2 business days — most ship same or next business day.

""
    ""💼 Better Pricing Available
""
    ""Contact bagsupplyco directly for a cheaper rate — even if you are ordering just one case.

""
    ""✔ Sold as a full case only
""
    ""✔ Reliable supply for pharmacies and medical offices

""
    ""Please message with any questions.
",209.30,1,https://www.bagsupplyco.com/images/mylar/1-4-oz-cr-exit-gloss-white-opaque-plain.webp,10.00
MYL-PS-064,1/4 oz CR Exit Bag Kraft Opaque,"1/4 oz CR Exit Bag Kraft Opaque

""
    ""High-quality pharmacy prescription bags featuring the classic design. Strong, dependable paper bags built for everyday pharmacy and retail use.

""
    ""📦 Product Details
""
    ""Design: MYL-PS-064
""
    ""Size: N/A
""
    ""Quantity: 1
""
    ""Material: Durable paper
""
    ""Condition: Brand new
""
    ""Country of Manufacture: Made in the USA 🇺🇸

""
    ""🚚 Shipping
""
    ""Flat $10 shipping per case.
""
    ""Orders ship within 2 business days — most ship same or next business day.

""
    ""💼 Better Pricing Available
""
    ""Contact bagsupplyco directly for a cheaper rate — even if you are ordering just one case.

""
    ""✔ Sold as a full case only
""
    ""✔ Reliable supply for pharmacies and medical offices

""
    ""Please message with any questions.
",272.55,1,https://www.bagsupplyco.com/images/mylar/1-4-oz-cr-exit-kraft-opaque-plain.webp,10.00
MYL-PS-065,1/2 oz CR Exit Bag Matte Black Opaque,"1/2 oz CR Exit Bag Matte Black Opaque

""
    ""High-quality pharmacy prescription bags featuring the classic design. Strong, dependable paper bags built for everyday pharmacy and retail use.

""
    ""📦 Product Details
""
    ""Design: MYL-PS-065
""
    ""Size: N/A
""
    ""Quantity: 1
""
    ""Material: Durable paper
""
    ""Condition: Brand new
""
    ""Country of Manufacture: Made in the USA 🇺🇸

""
    ""🚚 Shipping
""
    ""Flat $10 shipping per case.
""
    ""Orders ship within 2 business days — most ship same or next business day.

""
    ""💼 Better Pricing Available
""
    ""Contact bagsupplyco directly for a cheaper rate — even if you are ordering just one case.

""
    ""✔ Sold as a full case only
""
    ""✔ Reliable supply for pharmacies and medical offices

""
    ""Please message with any questions.
",334.65,1,https://www.bagsupplyco.com/images/mylar/1-2-oz-cr-exit-matte-black-opaque-plain.webp,10.00
MYL-PS-066,1/2 oz CR Exit Bag Gloss Black/Clear,"1/2 oz CR Exit Bag Gloss Black/Clear

""
    ""High-quality pharmacy prescription bags featuring the classic design. Strong, dependable paper bags built for everyday pharmacy and retail use.

""
    ""📦 Product Details
""
    ""Design: MYL-PS-066
""
    ""Size: N/A
""
    ""Quantity: 1
""
    ""Material: Durable paper
""
    ""Condition: Brand new
""
    ""Country of Manufacture: Made in the USA 🇺🇸

""
    ""🚚 Shipping
""
    ""Flat $10 shipping per case.
""
    ""Orders ship within 2 business days — most ship same or next business day.

""
    ""💼 Better Pricing Available
""
    ""Contact bagsupplyco directly for a cheaper rate — even if you are ordering just one case.

""
    ""✔ Sold as a full case only
""
    ""✔ Reliable supply for pharmacies and medical offices

""
    ""Please message with any questions.
",334.65,1,https://www.bagsupplyco.com/images/mylar/1-2-oz-cr-exit-gloss-black-clear-plain.webp,10.00
MYL-PS-067,1/2 oz CR Exit Bag Gloss Black Opaque,"1/2 oz CR Exit Bag Gloss Black Opaque

""
    ""High-quality pharmacy prescription bags featuring the classic design. Strong, dependable paper bags built for everyday pharmacy and retail use.

""
    ""📦 Product Details
""
    ""Design: MYL-PS-067
""
    ""Size: N/A
""
    ""Quantity: 1
""
    ""Material: Durable paper
""
    ""Condition: Brand new
""
    ""Country of Manufacture: Made in the USA 🇺🇸

""
    ""🚚 Shipping
""
    ""Flat $10 shipping per case.
""
    ""Orders ship within 2 business days — most ship same or next business day.

""
    ""💼 Better Pricing Available
""
    ""Contact bagsupplyco directly for a cheaper rate — even if you are ordering just one case.

""
    ""✔ Sold as a full case only
""
    ""✔ Reliable supply for pharmacies and medical offices

""
    ""Please message with any questions.
",334.65,1,https://www.bagsupplyco.com/images/mylar/1-2-oz-cr-exit-gloss-black-opaque-plain.webp,10.00
MYL-PS-068,1/2 oz CR Exit Bag Gloss White/Clear,"1/2 oz CR Exit Bag Gloss White/Clear

""
    ""High-quality pharmacy prescription bags featuring the classic design. Strong, dependable paper bags built for everyday pharmacy and retail use.

""
    ""📦 Product Details
""
    ""Design: MYL-PS-068
""
    ""Size: N/A
""
    ""Quantity: 1
""
    ""Material: Durable paper
""
    ""Condition: Brand new
""
    ""Country of Manufacture: Made in the USA 🇺🇸

""
    ""🚚 Shipping
""
    ""Flat $10 shipping per case.
""
    ""Orders ship within 2 business days — most ship same or next business day.

""
    ""💼 Better Pricing Available
""
    ""Contact bagsupplyco directly for a cheaper rate — even if you are ordering just one case.

""
    ""✔ Sold as a full case only
""
    ""✔ Reliable supply for pharmacies and medical offices

""
    ""Please message with any questions.
",334.65,1,https://www.bagsupplyco.com/images/mylar/1-2-oz-cr-exit-gloss-white-clear-plain.webp,10.00
MYL-PS-069,1/2 oz CR Exit Bag Kraft Opaque,"1/2 oz CR Exit Bag Kraft Opaque

""
    ""High-quality pharmacy prescription bags featuring the classic design. Strong, dependable paper bags built for everyday pharmacy and retail use.

""
    ""📦 Product Details
""
    ""Design: MYL-PS-069
""
    ""Size: N/A
""
    ""Quantity: 1
""
    ""Material: Durable paper
""
    ""Condition: Brand new
""
    ""Country of Manufacture: Made in the USA 🇺🇸

""
    ""🚚 Shipping
""
    ""Flat $10 shipping per case.
""
    ""Orders ship within 2 business days — most ship same or next business day.

""
    ""💼 Better Pricing Available
""
    ""Contact bagsupplyco directly for a cheaper rate — even if you are ordering just one case.

""
    ""✔ Sold as a full case only
""
    ""✔ Reliable supply for pharmacies and medical offices

""
    ""Please message with any questions.
",334.65,1,https://www.bagsupplyco.com/images/mylar/1-2-oz-cr-exit-kraft-opaque-plain.webp,10.00
MYL-PS-070,1 oz CR Exit Bag Matte Black Opaque,"1 oz CR Exit Bag Matte Black Opaque

""
    ""High-quality pharmacy prescription bags featuring the classic design. Strong, dependable paper bags built for everyday pharmacy and retail use.

""
    ""📦 Product Details
""
    ""Design: MYL-PS-070
""
    ""Size: N/A
""
    ""Quantity: 1
""
    ""Material: Durable paper
""
    ""Condition: Brand new
""
    ""Country of Manufacture: Made in the USA 🇺🇸

""
    ""🚚 Shipping
""
    ""Flat $10 shipping per case.
""
    ""Orders ship within 2 business days — most ship same or next business day.

""
    ""💼 Better Pricing Available
""
    ""Contact bagsupplyco directly for a cheaper rate — even if you are ordering just one case.

""
    ""✔ Sold as a full case only
""
    ""✔ Reliable supply for pharmacies and medical offices

""
    ""Please message with any questions.
",397.90,1,https://www.bagsupplyco.com/images/mylar/1-oz-cr-exit-matte-black-opaque-plain.webp,10.00
MYL-PS-071,1 oz CR Exit Bag Matte Black/Clear,"1 oz CR Exit Bag Matte Black/Clear

""
    ""High-quality pharmacy prescription bags featuring the classic design. Strong, dependable paper bags built for everyday pharmacy and retail use.

""
    ""📦 Product Details
""
    ""Design: MYL-PS-071
""
    ""Size: N/A
""
    ""Quantity: 1
""
    ""Material: Durable paper
""
    ""Condition: Brand new
""
    ""Country of Manufacture: Made in the USA 🇺🇸

""
    ""🚚 Shipping
""
    ""Flat $10 shipping per case.
""
    ""Orders ship within 2 business days — most ship same or next business day.

""
    ""💼 Better Pricing Available
""
    ""Contact bagsupplyco directly for a cheaper rate — even if you are ordering just one case.

""
    ""✔ Sold as a full case only
""
    ""✔ Reliable supply for pharmacies and medical offices

""
    ""Please message with any questions.
",397.90,1,https://www.bagsupplyco.com/images/mylar/1-oz-cr-exit-matte-black-clear-plain.webp,10.00
MYL-PS-072,1 oz CR Exit Bag Gloss Black Opaque,"1 oz CR Exit Bag Gloss Black Opaque

""
    ""High-quality pharmacy prescription bags featuring the classic design. Strong, dependable paper bags built for everyday pharmacy and retail use.

""
    ""📦 Product Details
""
    ""Design: MYL-PS-072
""
    ""Size: N/A
""
    ""Quantity: 1
""
    ""Material: Durable paper
""
    ""Condition: Brand new
""
    ""Country of Manufacture: Made in the USA 🇺🇸

""
    ""🚚 Shipping
""
    ""Flat $10 shipping per case.
""
    ""Orders ship within 2 business days — most ship same or next business day.

""
    ""💼 Better Pricing Available
""
    ""Contact bagsupplyco directly for a cheaper rate — even if you are ordering just one case.

""
    ""✔ Sold as a full case only
""
    ""✔ Reliable supply for pharmacies and medical offices

""
    ""Please message with any questions.
",397.90,1,https://www.bagsupplyco.com/images/mylar/1-oz-cr-exit-gloss-black-opaque-plain.webp,10.00
MYL-PS-073,1 oz CR Exit Bag Gloss White/Clear,"1 oz CR Exit Bag Gloss White/Clear

""
    ""High-quality pharmacy prescription bags featuring the classic design. Strong, dependable paper bags built for everyday pharmacy and retail use.

""
    ""📦 Product Details
""
    ""Design: MYL-PS-073
""
    ""Size: N/A
""
    ""Quantity: 1
""
    ""Material: Durable paper
""
    ""Condition: Brand new
""
    ""Country of Manufacture: Made in the USA 🇺🇸

""
    ""🚚 Shipping
""
    ""Flat $10 shipping per case.
""
    ""Orders ship within 2 business days — most ship same or next business day.

""
    ""💼 Better Pricing Available
""
    ""Contact bagsupplyco directly for a cheaper rate — even if you are ordering just one case.

""
    ""✔ Sold as a full case only
""
    ""✔ Reliable supply for pharmacies and medical offices

""
    ""Please message with any questions.
",397.90,1,https://www.bagsupplyco.com/images/mylar/1-oz-cr-exit-gloss-white-clear-plain.webp,10.00
MYL-PS-074,Medium 9 x 6 CR Exit Bag Gloss Black Opaque,"Medium 9 x 6 CR Exit Bag Gloss Black Opaque

""
    ""High-quality pharmacy prescription bags featuring the classic design. Strong, dependable paper bags built for everyday pharmacy and retail use.

""
    ""📦 Product Details
""
    ""Design: MYL-PS-074
""
    ""Size: N/A
""
    ""Quantity: 1
""
    ""Material: Durable paper
""
    ""Condition: Brand new
""
    ""Country of Manufacture: Made in the USA 🇺🇸

""
    ""🚚 Shipping
""
    ""Flat $10 shipping per case.
""
    ""Orders ship within 2 business days — most ship same or next business day.

""
    ""💼 Better Pricing Available
""
    ""Contact bagsupplyco directly for a cheaper rate — even if you are ordering just one case.

""
    ""✔ Sold as a full case only
""
    ""✔ Reliable supply for pharmacies and medical offices

""
    ""Please message with any questions.
",418.60,1,https://www.bagsupplyco.com/images/mylar/medium-9-x-6-cr-exit-gloss-black-opaque-plain.webp,10.00
MYL-PS-075,Medium 9 x 6 CR Exit Bag Gloss White Opaque,"Medium 9 x 6 CR Exit Bag Gloss White Opaque

""
    ""High-quality pharmacy prescription bags featuring the classic design. Strong, dependable paper bags built for everyday pharmacy and retail use.

""
    ""📦 Product Details
""
    ""Design: MYL-PS-075
""
    ""Size: N/A
""
    ""Quantity: 1
""
    ""Material: Durable paper
""
    ""Condition: Brand new
""
    ""Country of Manufacture: Made in the USA 🇺🇸

""
    ""🚚 Shipping
""
    ""Flat $10 shipping per case.
""
    ""Orders ship within 2 business days — most ship same or next business day.

""
    ""💼 Better Pricing Available
""
    ""Contact bagsupplyco directly for a cheaper rate — even if you are ordering just one case.

""
    ""✔ Sold as a full case only
""
    ""✔ Reliable supply for pharmacies and medical offices

""
    ""Please message with any questions.
",418.60,1,https://www.bagsupplyco.com/images/mylar/medium-9-x-6-cr-exit-gloss-white-opaque-plain.webp,10.00
MYL-PS-076,Large 12 x 9 CR Exit Bag Gloss Black Opaque,"Large 12 x 9 CR Exit Bag Gloss Black Opaque

""
    ""High-quality pharmacy prescription bags featuring the classic design. Strong, dependable paper bags built for everyday pharmacy and retail use.

""
    ""📦 Product Details
""
    ""Design: MYL-PS-076
""
    ""Size: N/A
""
    ""Quantity: 1
""
    ""Material: Durable paper
""
    ""Condition: Brand new
""
    ""Country of Manufacture: Made in the USA 🇺🇸

""
    ""🚚 Shipping
""
    ""Flat $10 shipping per case.
""
    ""Orders ship within 2 business days — most ship same or next business day.

""
    ""💼 Better Pricing Available
""
    ""Contact bagsupplyco directly for a cheaper rate — even if you are ordering just one case.

""
    ""✔ Sold as a full case only
""
    ""✔ Reliable supply for pharmacies and medical offices

""
    ""Please message with any questions.
",564.65,1,https://www.bagsupplyco.com/images/mylar/large-12-x-9-cr-exit-gloss-black-opaque-plain.webp,10.00
MYL-PS-077,Pre-Roll CR Top Zipper Matte Black Opaque,"Pre-Roll CR Top Zipper Matte Black Opaque

""
    ""High-quality pharmacy prescription bags featuring the classic design. Strong, dependable paper bags built for everyday pharmacy and retail use.

""
    ""📦 Product Details
""
    ""Design: MYL-PS-077
""
    ""Size: N/A
""
    ""Quantity: 1
""
    ""Material: Durable paper
""
    ""Condition: Brand new
""
    ""Country of Manufacture: Made in the USA 🇺🇸

""
    ""🚚 Shipping
""
    ""Flat $10 shipping per case.
""
    ""Orders ship within 2 business days — most ship same or next business day.

""
    ""💼 Better Pricing Available
""
    ""Contact bagsupplyco directly for a cheaper rate — even if you are ordering just one case.

""
    ""✔ Sold as a full case only
""
    ""✔ Reliable supply for pharmacies and medical offices

""
    ""Please message with any questions.
",167.90,1,https://www.bagsupplyco.com/images/mylar/pre-roll-cr-top-zipper-matte-black-opaque-plain.webp,10.00
MYL-PS-078,1g Gloss Gold/Clear,"1g Gloss Gold/Clear

""
    ""High-quality pharmacy prescription bags featuring the classic design. Strong, dependable paper bags built for everyday pharmacy and retail use.

""
    ""📦 Product Details
""
    ""Design: MYL-PS-078
""
    ""Size: N/A
""
    ""Quantity: 1
""
    ""Material: Durable paper
""
    ""Condition: Brand new
""
    ""Country of Manufacture: Made in the USA 🇺🇸

""
    ""🚚 Shipping
""
    ""Flat $10 shipping per case.
""
    ""Orders ship within 2 business days — most ship same or next business day.

""
    ""💼 Better Pricing Available
""
    ""Contact bagsupplyco directly for a cheaper rate — even if you are ordering just one case.

""
    ""✔ Sold as a full case only
""
    ""✔ Reliable supply for pharmacies and medical offices

""
    ""Please message with any questions.
",147.20,1,https://www.bagsupplyco.com/images/mylar/1g-gloss-gold-clear-plain.webp,10.00
MYL-PS-079,1/4 oz Gloss Gold/Clear,"1/4 oz Gloss Gold/Clear

""
    ""High-quality pharmacy prescription bags featuring the classic design. Strong, dependable paper bags built for everyday pharmacy and retail use.

""
    ""📦 Product Details
""
    ""Design: MYL-PS-079
""
    ""Size: N/A
""
    ""Quantity: 1
""
    ""Material: Durable paper
""
    ""Condition: Brand new
""
    ""Country of Manufacture: Made in the USA 🇺🇸

""
    ""🚚 Shipping
""
    ""Flat $10 shipping per case.
""
    ""Orders ship within 2 business days — most ship same or next business day.

""
    ""💼 Better Pricing Available
""
    ""Contact bagsupplyco directly for a cheaper rate — even if you are ordering just one case.

""
    ""✔ Sold as a full case only
""
    ""✔ Reliable supply for pharmacies and medical offices

""
    ""Please message with any questions.
",188.60,1,https://www.bagsupplyco.com/images/mylar/1-4-oz-gloss-gold-clear-plain.webp,10.00
MYL-PS-080,1/4 oz Gloss Silver/Clear,"1/4 oz Gloss Silver/Clear

""
    ""High-quality pharmacy prescription bags featuring the classic design. Strong, dependable paper bags built for everyday pharmacy and retail use.

""
    ""📦 Product Details
""
    ""Design: MYL-PS-080
""
    ""Size: N/A
""
    ""Quantity: 1
""
    ""Material: Durable paper
""
    ""Condition: Brand new
""
    ""Country of Manufacture: Made in the USA 🇺🇸

""
    ""🚚 Shipping
""
    ""Flat $10 shipping per case.
""
    ""Orders ship within 2 business days — most ship same or next business day.

""
    ""💼 Better Pricing Available
""
    ""Contact bagsupplyco directly for a cheaper rate — even if you are ordering just one case.

""
    ""✔ Sold as a full case only
""
    ""✔ Reliable supply for pharmacies and medical offices

""
    ""Please message with any questions.
",188.60,1,https://www.bagsupplyco.com/images/mylar/1-4-oz-gloss-silver-clear-plain.webp,10.00
MYL-PS-081,1/4 oz Kraft Opaque,"1/4 oz Kraft Opaque

""
    ""High-quality pharmacy prescription bags featuring the classic design. Strong, dependable paper bags built for everyday pharmacy and retail use.

""
    ""📦 Product Details
""
    ""Design: MYL-PS-081
""
    ""Size: N/A
""
    ""Quantity: 1
""
    ""Material: Durable paper
""
    ""Condition: Brand new
""
    ""Country of Manufacture: Made in the USA 🇺🇸

""
    ""🚚 Shipping
""
    ""Flat $10 shipping per case.
""
    ""Orders ship within 2 business days — most ship same or next business day.

""
    ""💼 Better Pricing Available
""
    ""Contact bagsupplyco directly for a cheaper rate — even if you are ordering just one case.

""
    ""✔ Sold as a full case only
""
    ""✔ Reliable supply for pharmacies and medical offices

""
    ""Please message with any questions.
",209.30,1,https://www.bagsupplyco.com/images/mylar/1-4-oz-kraft-opaque-plain.webp,10.00
MYL-PS-082,1/2 oz Gloss Gold/Clear,"1/2 oz Gloss Gold/Clear

""
    ""High-quality pharmacy prescription bags featuring the classic design. Strong, dependable paper bags built for everyday pharmacy and retail use.

""
    ""📦 Product Details
""
    ""Design: MYL-PS-082
""
    ""Size: N/A
""
    ""Quantity: 1
""
    ""Material: Durable paper
""
    ""Condition: Brand new
""
    ""Country of Manufacture: Made in the USA 🇺🇸

""
    ""🚚 Shipping
""
    ""Flat $10 shipping per case.
""
    ""Orders ship within 2 business days — most ship same or next business day.

""
    ""💼 Better Pricing Available
""
    ""Contact bagsupplyco directly for a cheaper rate — even if you are ordering just one case.

""
    ""✔ Sold as a full case only
""
    ""✔ Reliable supply for pharmacies and medical offices

""
    ""Please message with any questions.
",251.85,1,https://www.bagsupplyco.com/images/mylar/1-2-oz-gloss-gold-clear-plain.webp,10.00
MYL-PS-083,1/2 oz Gloss Silver/Clear,"1/2 oz Gloss Silver/Clear

""
    ""High-quality pharmacy prescription bags featuring the classic design. Strong, dependable paper bags built for everyday pharmacy and retail use.

""
    ""📦 Product Details
""
    ""Design: MYL-PS-083
""
    ""Size: N/A
""
    ""Quantity: 1
""
    ""Material: Durable paper
""
    ""Condition: Brand new
""
    ""Country of Manufacture: Made in the USA 🇺🇸

""
    ""🚚 Shipping
""
    ""Flat $10 shipping per case.
""
    ""Orders ship within 2 business days — most ship same or next business day.

""
    ""💼 Better Pricing Available
""
    ""Contact bagsupplyco directly for a cheaper rate — even if you are ordering just one case.

""
    ""✔ Sold as a full case only
""
    ""✔ Reliable supply for pharmacies and medical offices

""
    ""Please message with any questions.
",251.85,1,https://www.bagsupplyco.com/images/mylar/1-2-oz-gloss-silver-clear-plain.webp,10.00
MYL-PS-084,1/2 oz Kraft Opaque,"1/2 oz Kraft Opaque

""
    ""High-quality pharmacy prescription bags featuring the classic design. Strong, dependable paper bags built for everyday pharmacy and retail use.

""
    ""📦 Product Details
""
    ""Design: MYL-PS-084
""
    ""Size: N/A
""
    ""Quantity: 1
""
    ""Material: Durable paper
""
    ""Condition: Brand new
""
    ""Country of Manufacture: Made in the USA 🇺🇸

""
    ""🚚 Shipping
""
    ""Flat $10 shipping per case.
""
    ""Orders ship within 2 business days — most ship same or next business day.

""
    ""💼 Better Pricing Available
""
    ""Contact bagsupplyco directly for a cheaper rate — even if you are ordering just one case.

""
    ""✔ Sold as a full case only
""
    ""✔ Reliable supply for pharmacies and medical offices

""
    ""Please message with any questions.
",230.00,1,https://www.bagsupplyco.com/images/mylar/1-2-oz-kraft-opaque-plain.webp,10.00
MYL-PS-085,1 oz Gloss Gold/Clear,"1 oz Gloss Gold/Clear

""
    ""High-quality pharmacy prescription bags featuring the classic design. Strong, dependable paper bags built for everyday pharmacy and retail use.

""
    ""📦 Product Details
""
    ""Design: MYL-PS-085
""
    ""Size: N/A
""
    ""Quantity: 1
""
    ""Material: Durable paper
""
    ""Condition: Brand new
""
    ""Country of Manufacture: Made in the USA 🇺🇸

""
    ""🚚 Shipping
""
    ""Flat $10 shipping per case.
""
    ""Orders ship within 2 business days — most ship same or next business day.

""
    ""💼 Better Pricing Available
""
    ""Contact bagsupplyco directly for a cheaper rate — even if you are ordering just one case.

""
    ""✔ Sold as a full case only
""
    ""✔ Reliable supply for pharmacies and medical offices

""
    ""Please message with any questions.
",293.25,1,https://www.bagsupplyco.com/images/mylar/1-oz-gloss-gold-clear-plain.webp,10.00
MYL-PS-086,1 oz Gloss Silver/Clear,"1 oz Gloss Silver/Clear

""
    ""High-quality pharmacy prescription bags featuring the classic design. Strong, dependable paper bags built for everyday pharmacy and retail use.

""
    ""📦 Product Details
""
    ""Design: MYL-PS-086
""
    ""Size: N/A
""
    ""Quantity: 1
""
    ""Material: Durable paper
""
    ""Condition: Brand new
""
    ""Country of Manufacture: Made in the USA 🇺🇸

""
    ""🚚 Shipping
""
    ""Flat $10 shipping per case.
""
    ""Orders ship within 2 business days — most ship same or next business day.

""
    ""💼 Better Pricing Available
""
    ""Contact bagsupplyco directly for a cheaper rate — even if you are ordering just one case.

""
    ""✔ Sold as a full case only
""
    ""✔ Reliable supply for pharmacies and medical offices

""
    ""Please message with any questions.
",293.25,1,https://www.bagsupplyco.com/images/mylar/1-oz-gloss-silver-clear-plain.webp,10.00
MYL-PS-087,1 oz Kraft Opaque,"1 oz Kraft Opaque

""
    ""High-quality pharmacy prescription bags featuring the classic design. Strong, dependable paper bags built for everyday pharmacy and retail use.

""
    ""📦 Product Details
""
    ""Design: MYL-PS-087
""
    ""Size: N/A
""
    ""Quantity: 1
""
    ""Material: Durable paper
""
    ""Condition: Brand new
""
    ""Country of Manufacture: Made in the USA 🇺🇸

""
    ""🚚 Shipping
""
    ""Flat $10 shipping per case.
""
    ""Orders ship within 2 business days — most ship same or next business day.

""
    ""💼 Better Pricing Available
""
    ""Contact bagsupplyco directly for a cheaper rate — even if you are ordering just one case.

""
    ""✔ Sold as a full case only
""
    ""✔ Reliable supply for pharmacies and medical offices

""
    ""Please message with any questions.
",355.35,1,https://www.bagsupplyco.com/images/mylar/1-oz-kraft-opaque-plain.webp,10.00
MYL-PS-088,1 oz Gloss Holographic/Clear,"1 oz Gloss Holographic/Clear

""
    ""High-quality pharmacy prescription bags featuring the classic design. Strong, dependable paper bags built for everyday pharmacy and retail use.

""
    ""📦 Product Details
""
    ""Design: MYL-PS-088
""
    ""Size: N/A
""
    ""Quantity: 1
""
    ""Material: Durable paper
""
    ""Condition: Brand new
""
    ""Country of Manufacture: Made in the USA 🇺🇸

""
    ""🚚 Shipping
""
    ""Flat $10 shipping per case.
""
    ""Orders ship within 2 business days — most ship same or next business day.

""
    ""💼 Better Pricing Available
""
    ""Contact bagsupplyco directly for a cheaper rate — even if you are ordering just one case.

""
    ""✔ Sold as a full case only
""
    ""✔ Reliable supply for pharmacies and medical offices

""
    ""Please message with any questions.
",355.35,1,https://www.bagsupplyco.com/images/mylar/1-oz-gloss-holographic-clear-plain.webp,10.00
MYL-PS-089,Pre-Roll Gloss Holographic/Clear,"Pre-Roll Gloss Holographic/Clear

""
    ""High-quality pharmacy prescription bags featuring the classic design. Strong, dependable paper bags built for everyday pharmacy and retail use.

""
    ""📦 Product Details
""
    ""Design: MYL-PS-089
""
    ""Size: N/A
""
    ""Quantity: 1
""
    ""Material: Durable paper
""
    ""Condition: Brand new
""
    ""Country of Manufacture: Made in the USA 🇺🇸

""
    ""🚚 Shipping
""
    ""Flat $10 shipping per case.
""
    ""Orders ship within 2 business days — most ship same or next business day.

""
    ""💼 Better Pricing Available
""
    ""Contact bagsupplyco directly for a cheaper rate — even if you are ordering just one case.

""
    ""✔ Sold as a full case only
""
    ""✔ Reliable supply for pharmacies and medical offices

""
    ""Please message with any questions.
",188.60,1,https://www.bagsupplyco.com/images/mylar/pre-roll-gloss-holographic-clear-plain.webp,10.00
MYL-PS-090,Pre-Roll Matte Black Opaque,"Pre-Roll Matte Black Opaque

""
    ""High-quality pharmacy prescription bags featuring the classic design. Strong, dependable paper bags built for everyday pharmacy and retail use.

""
    ""📦 Product Details
""
    ""Design: MYL-PS-090
""
    ""Size: N/A
""
    ""Quantity: 1
""
    ""Material: Durable paper
""
    ""Condition: Brand new
""
    ""Country of Manufacture: Made in the USA 🇺🇸

""
    ""🚚 Shipping
""
    ""Flat $10 shipping per case.
""
    ""Orders ship within 2 business days — most ship same or next business day.

""
    ""💼 Better Pricing Available
""
    ""Contact bagsupplyco directly for a cheaper rate — even if you are ordering just one case.

""
    ""✔ Sold as a full case only
""
    ""✔ Reliable supply for pharmacies and medical offices

""
    ""Please message with any questions.
",167.90,1,https://www.bagsupplyco.com/images/mylar/pre-roll-matte-black-opaque-plain.webp,10.00
MYL-PS-091,Pre-Roll Kraft Opaque,"Pre-Roll Kraft Opaque

""
    ""High-quality pharmacy prescription bags featuring the classic design. Strong, dependable paper bags built for everyday pharmacy and retail use.

""
    ""📦 Product Details
""
    ""Design: MYL-PS-091
""
    ""Size: N/A
""
    ""Quantity: 1
""
    ""Material: Durable paper
""
    ""Condition: Brand new
""
    ""Country of Manufacture: Made in the USA 🇺🇸

""
    ""🚚 Shipping
""
    ""Flat $10 shipping per case.
""
    ""Orders ship within 2 business days — most ship same or next business day.

""
    ""💼 Better Pricing Available
""
    ""Contact bagsupplyco directly for a cheaper rate — even if you are ordering just one case.

""
    ""✔ Sold as a full case only
""
    ""✔ Reliable supply for pharmacies and medical offices

""
    ""Please message with any questions.
",167.90,1,https://www.bagsupplyco.com/images/mylar/pre-roll-kraft-opaque-plain.webp,10.00
MYL-PS-092,Pre-Roll Matte White Opaque,"Pre-Roll Matte White Opaque

""
    ""High-quality pharmacy prescription bags featuring the classic design. Strong, dependable paper bags built for everyday pharmacy and retail use.

""
    ""📦 Product Details
""
    ""Design: MYL-PS-092
""
    ""Size: N/A
""
    ""Quantity: 1
""
    ""Material: Durable paper
""
    ""Condition: Brand new
""
    ""Country of Manufacture: Made in the USA 🇺🇸

""
    ""🚚 Shipping
""
    ""Flat $10 shipping per case.
""
    ""Orders ship within 2 business days — most ship same or next business day.

""
    ""💼 Better Pricing Available
""
    ""Contact bagsupplyco directly for a cheaper rate — even if you are ordering just one case.

""
    ""✔ Sold as a full case only
""
    ""✔ Reliable supply for pharmacies and medical offices

""
    ""Please message with any questions.
",167.90,1,https://www.bagsupplyco.com/images/mylar/pre-roll-matte-white-opaque-plain.webp,10.00
MYL-PS-093,Pre-Roll Gloss Black/Clear Hang Hole,"Pre-Roll Gloss Black/Clear Hang Hole

""
    ""High-quality pharmacy prescription bags featuring the classic design. Strong, dependable paper bags built for everyday pharmacy and retail use.

""
    ""📦 Product Details
""
    ""Design: MYL-PS-093
""
    ""Size: N/A
""
    ""Quantity: 1
""
    ""Material: Durable paper
""
    ""Condition: Brand new
""
    ""Country of Manufacture: Made in the USA 🇺🇸

""
    ""🚚 Shipping
""
    ""Flat $10 shipping per case.
""
    ""Orders ship within 2 business days — most ship same or next business day.

""
    ""💼 Better Pricing Available
""
    ""Contact bagsupplyco directly for a cheaper rate — even if you are ordering just one case.

""
    ""✔ Sold as a full case only
""
    ""✔ Reliable supply for pharmacies and medical offices

""
    ""Please message with any questions.
",167.90,1,https://www.bagsupplyco.com/images/mylar/pre-roll-gloss-black-clear-hang-hole-plain.webp,10.00
MYL-PS-094,Syringe Pre-Roll Matte Black Opaque Hang Hole,"Syringe Pre-Roll Matte Black Opaque Hang Hole

""
    ""High-quality pharmacy prescription bags featuring the classic design. Strong, dependable paper bags built for everyday pharmacy and retail use.

""
    ""📦 Product Details
""
    ""Design: MYL-PS-094
""
    ""Size: N/A
""
    ""Quantity: 1
""
    ""Material: Durable paper
""
    ""Condition: Brand new
""
    ""Country of Manufacture: Made in the USA 🇺🇸

""
    ""🚚 Shipping
""
    ""Flat $10 shipping per case.
""
    ""Orders ship within 2 business days — most ship same or next business day.

""
    ""💼 Better Pricing Available
""
    ""Contact bagsupplyco directly for a cheaper rate — even if you are ordering just one case.

""
    ""✔ Sold as a full case only
""
    ""✔ Reliable supply for pharmacies and medical offices

""
    ""Please message with any questions.
",167.90,1,https://www.bagsupplyco.com/images/mylar/syringe-pre-roll-matte-black-opaque-hang-hole-plain.webp,10.00
MYL-PS-095,Syringe Pre-Roll Matte Black/Clear Hang Hole,"Syringe Pre-Roll Matte Black/Clear Hang Hole

""
    ""High-quality pharmacy prescription bags featuring the classic design. Strong, dependable paper bags built for everyday pharmacy and retail use.

""
    ""📦 Product Details
""
    ""Design: MYL-PS-095
""
    ""Size: N/A
""
    ""Quantity: 1
""
    ""Material: Durable paper
""
    ""Condition: Brand new
""
    ""Country of Manufacture: Made in the USA 🇺🇸

""
    ""🚚 Shipping
""
    ""Flat $10 shipping per case.
""
    ""Orders ship within 2 business days — most ship same or next business day.

""
    ""💼 Better Pricing Available
""
    ""Contact bagsupplyco directly for a cheaper rate — even if you are ordering just one case.

""
    ""✔ Sold as a full case only
""
    ""✔ Reliable supply for pharmacies and medical offices

""
    ""Please message with any questions.
",167.90,1,https://www.bagsupplyco.com/images/mylar/syringe-pre-roll-matte-black-clear-hang-hole-plain.webp,10.00
MYL-PS-096,Syringe Pre-Roll Gloss Black Opaque Hang Hole,"Syringe Pre-Roll Gloss Black Opaque Hang Hole

""
    ""High-quality pharmacy prescription bags featuring the classic design. Strong, dependable paper bags built for everyday pharmacy and retail use.

""
    ""📦 Product Details
""
    ""Design: MYL-PS-096
""
    ""Size: N/A
""
    ""Quantity: 1
""
    ""Material: Durable paper
""
    ""Condition: Brand new
""
    ""Country of Manufacture: Made in the USA 🇺🇸

""
    ""🚚 Shipping
""
    ""Flat $10 shipping per case.
""
    ""Orders ship within 2 business days — most ship same or next business day.

""
    ""💼 Better Pricing Available
""
    ""Contact bagsupplyco directly for a cheaper rate — even if you are ordering just one case.

""
    ""✔ Sold as a full case only
""
    ""✔ Reliable supply for pharmacies and medical offices

""
    ""Please message with any questions.
",167.90,1,https://www.bagsupplyco.com/images/mylar/syringe-pre-roll-gloss-black-opaque-hang-hole-plain.webp,10.00
MYL-DP-097,1/8 oz Holographic White Mushroom Pouch,"1/8 oz Holographic White Mushroom Pouch

""
    ""High-quality pharmacy prescription bags featuring the classic design. Strong, dependable paper bags built for everyday pharmacy and retail use.

""
    ""📦 Product Details
""
    ""Design: MYL-DP-097
""
    ""Size: N/A
""
    ""Quantity: 1
""
    ""Material: Durable paper
""
    ""Condition: Brand new
""
    ""Country of Manufacture: Made in the USA 🇺🇸

""
    ""🚚 Shipping
""
    ""Flat $10 shipping per case.
""
    ""Orders ship within 2 business days — most ship same or next business day.

""
    ""💼 Better Pricing Available
""
    ""Contact bagsupplyco directly for a cheaper rate — even if you are ordering just one case.

""
    ""✔ Sold as a full case only
""
    ""✔ Reliable supply for pharmacies and medical offices

""
    ""Please message with any questions.
",293.25,1,https://www.bagsupplyco.com/images/mylar/1-8-oz-holographic-white-mushroom-pouch-designer.webp,10.00
MYL-DP-098,1/8 oz Burnt Copper Mushroom Pouch,"1/8 oz Burnt Copper Mushroom Pouch

""
    ""High-quality pharmacy prescription bags featuring the classic design. Strong, dependable paper bags built for everyday pharmacy and retail use.

""
    ""📦 Product Details
""
    ""Design: MYL-DP-098
""
    ""Size: N/A
""
    ""Quantity: 1
""
    ""Material: Durable paper
""
    ""Condition: Brand new
""
    ""Country of Manufacture: Made in the USA 🇺🇸

""
    ""🚚 Shipping
""
    ""Flat $10 shipping per case.
""
    ""Orders ship within 2 business days — most ship same or next business day.

""
    ""💼 Better Pricing Available
""
    ""Contact bagsupplyco directly for a cheaper rate — even if you are ordering just one case.

""
    ""✔ Sold as a full case only
""
    ""✔ Reliable supply for pharmacies and medical offices

""
    ""Please message with any questions.
",293.25,1,https://www.bagsupplyco.com/images/mylar/1-8-oz-holographic-burnt-copper-mushroom-pouch-designer.webp,10.00
MYL-DP-099,1/4 oz Holographic Black Mushroom Pouch,"1/4 oz Holographic Black Mushroom Pouch

""
    ""High-quality pharmacy prescription bags featuring the classic design. Strong, dependable paper bags built for everyday pharmacy and retail use.

""
    ""📦 Product Details
""
    ""Design: MYL-DP-099
""
    ""Size: N/A
""
    ""Quantity: 1
""
    ""Material: Durable paper
""
    ""Condition: Brand new
""
    ""Country of Manufacture: Made in the USA 🇺🇸

""
    ""🚚 Shipping
""
    ""Flat $10 shipping per case.
""
    ""Orders ship within 2 business days — most ship same or next business day.

""
    ""💼 Better Pricing Available
""
    ""Contact bagsupplyco directly for a cheaper rate — even if you are ordering just one case.

""
    ""✔ Sold as a full case only
""
    ""✔ Reliable supply for pharmacies and medical offices

""
    ""Please message with any questions.
",313.95,1,https://www.bagsupplyco.com/images/mylar/1-4-oz-holographic-black-mushroom-pouch-designer.webp,10.00
MYL-DP-100,1/8 oz Holographic Caviar Diamonds Pouch,"1/8 oz Holographic Caviar Diamonds Pouch

""
    ""High-quality pharmacy prescription bags featuring the classic design. Strong, dependable paper bags built for everyday pharmacy and retail use.

""
    ""📦 Product Details
""
    ""Design: MYL-DP-100
""
    ""Size: N/A
""
    ""Quantity: 1
""
    ""Material: Durable paper
""
    ""Condition: Brand new
""
    ""Country of Manufacture: Made in the USA 🇺🇸

""
    ""🚚 Shipping
""
    ""Flat $10 shipping per case.
""
    ""Orders ship within 2 business days — most ship same or next business day.

""
    ""💼 Better Pricing Available
""
    ""Contact bagsupplyco directly for a cheaper rate — even if you are ordering just one case.

""
    ""✔ Sold as a full case only
""
    ""✔ Reliable supply for pharmacies and medical offices

""
    ""Please message with any questions.
",293.25,1,https://www.bagsupplyco.com/images/mylar/1-8-oz-holographic-caviar-diamonds-pouch-designer.webp,10.00
MYL-DP-101,1/8 oz Blue Cali Caviar Holographic Pouch,"1/8 oz Blue Cali Caviar Holographic Pouch

""
    ""High-quality pharmacy prescription bags featuring the classic design. Strong, dependable paper bags built for everyday pharmacy and retail use.

""
    ""📦 Product Details
""
    ""Design: MYL-DP-101
""
    ""Size: N/A
""
    ""Quantity: 1
""
    ""Material: Durable paper
""
    ""Condition: Brand new
""
    ""Country of Manufacture: Made in the USA 🇺🇸

""
    ""🚚 Shipping
""
    ""Flat $10 shipping per case.
""
    ""Orders ship within 2 business days — most ship same or next business day.

""
    ""💼 Better Pricing Available
""
    ""Contact bagsupplyco directly for a cheaper rate — even if you are ordering just one case.

""
    ""✔ Sold as a full case only
""
    ""✔ Reliable supply for pharmacies and medical offices

""
    ""Please message with any questions.
",293.25,1,https://www.bagsupplyco.com/images/mylar/1-8-oz-blue-cali-caviar-holographic-pouch-designer.webp,10.00
MYL-DP-102,1/8 oz Gloss Silver/Clear + Labels,"1/8 oz Gloss Silver/Clear + Labels

""
    ""High-quality pharmacy prescription bags featuring the classic design. Strong, dependable paper bags built for everyday pharmacy and retail use.

""
    ""📦 Product Details
""
    ""Design: MYL-DP-102
""
    ""Size: N/A
""
    ""Quantity: 1
""
    ""Material: Durable paper
""
    ""Condition: Brand new
""
    ""Country of Manufacture: Made in the USA 🇺🇸

""
    ""🚚 Shipping
""
    ""Flat $10 shipping per case.
""
    ""Orders ship within 2 business days — most ship same or next business day.

""
    ""💼 Better Pricing Available
""
    ""Contact bagsupplyco directly for a cheaper rate — even if you are ordering just one case.

""
    ""✔ Sold as a full case only
""
    ""✔ Reliable supply for pharmacies and medical offices

""
    ""Please message with any questions.
",56.35,1,https://www.bagsupplyco.com/images/mylar/1-8-oz-gloss-silver-clear-with-labels-designer.webp,10.00
MYL-DP-103,1g Gloss Holographic/Clear + Labels,"1g Gloss Holographic/Clear + Labels

""
    ""High-quality pharmacy prescription bags featuring the classic design. Strong, dependable paper bags built for everyday pharmacy and retail use.

""
    ""📦 Product Details
""
    ""Design: MYL-DP-103
""
    ""Size: N/A
""
    ""Quantity: 1
""
    ""Material: Durable paper
""
    ""Condition: Brand new
""
    ""Country of Manufacture: Made in the USA 🇺🇸

""
    ""🚚 Shipping
""
    ""Flat $10 shipping per case.
""
    ""Orders ship within 2 business days — most ship same or next business day.

""
    ""💼 Better Pricing Available
""
    ""Contact bagsupplyco directly for a cheaper rate — even if you are ordering just one case.

""
    ""✔ Sold as a full case only
""
    ""✔ Reliable supply for pharmacies and medical offices

""
    ""Please message with any questions.
",46.00,1,https://www.bagsupplyco.com/images/mylar/1g-gloss-holographic-clear-with-labels-designer.webp,10.00
MYL-DP-104,1/4 oz Gloss Holographic/Clear + Labels,"1/4 oz Gloss Holographic/Clear + Labels

""
    ""High-quality pharmacy prescription bags featuring the classic design. Strong, dependable paper bags built for everyday pharmacy and retail use.

""
    ""📦 Product Details
""
    ""Design: MYL-DP-104
""
    ""Size: N/A
""
    ""Quantity: 1
""
    ""Material: Durable paper
""
    ""Condition: Brand new
""
    ""Country of Manufacture: Made in the USA 🇺🇸

""
    ""🚚 Shipping
""
    ""Flat $10 shipping per case.
""
    ""Orders ship within 2 business days — most ship same or next business day.

""
    ""💼 Better Pricing Available
""
    ""Contact bagsupplyco directly for a cheaper rate — even if you are ordering just one case.

""
    ""✔ Sold as a full case only
""
    ""✔ Reliable supply for pharmacies and medical offices

""
    ""Please message with any questions.
",73.60,1,https://www.bagsupplyco.com/images/mylar/1-4-oz-gloss-holographic-clear-with-labels-designer.webp,10.00
LBL-001,Generic V2 Cannabis Rx Compliant Strain Labels,"Generic V2 Cannabis Rx Compliant Strain Labels

""
    ""High-quality pharmacy prescription bags featuring the classic design. Strong, dependable paper bags built for everyday pharmacy and retail use.

""
    ""📦 Product Details
""
    ""Design: LBL-001
""
    ""Size: N/A
""
    ""Quantity: 1
""
    ""Material: Durable paper
""
    ""Condition: Brand new
""
    ""Country of Manufacture: Made in the USA 🇺🇸

""
    ""🚚 Shipping
""
    ""Flat $10 shipping per case.
""
    ""Orders ship within 2 business days — most ship same or next business day.

""
    ""💼 Better Pricing Available
""
    ""Contact bagsupplyco directly for a cheaper rate — even if you are ordering just one case.

""
    ""✔ Sold as a full case only
""
    ""✔ Reliable supply for pharmacies and medical offices

""
    ""Please message with any questions.
",13.80,1,https://www.bagsupplyco.com/images/labels/generic-v2-cannabis-rx-compliant-strain-labels.webp,10.00
LBL-002,California V2 Universal Symbol Rx Compliant Labels,"California V2 Universal Symbol Rx Compliant Labels

""
    ""High-quality pharmacy prescription bags featuring the classic design. Strong, dependable paper bags built for everyday pharmacy and retail use.

""
    ""📦 Product Details
""
    ""Design: LBL-002
""
    ""Size: N/A
""
    ""Quantity: 1
""
    ""Material: Durable paper
""
    ""Condition: Brand new
""
    ""Country of Manufacture: Made in the USA 🇺🇸

""
    ""🚚 Shipping
""
    ""Flat $10 shipping per case.
""
    ""Orders ship within 2 business days — most ship same or next business day.

""
    ""💼 Better Pricing Available
""
    ""Contact bagsupplyco directly for a cheaper rate — even if you are ordering just one case.

""
    ""✔ Sold as a full case only
""
    ""✔ Reliable supply for pharmacies and medical offices

""
    ""Please message with any questions.
",13.80,1,https://www.bagsupplyco.com/images/labels/california-v2-universal-symbol-rx-compliant-labels.webp,10.00
LBL-003,Green Tamper Evident Universal Marijuana Strain Labels,"Green Tamper Evident Universal Marijuana Strain Labels

""
    ""High-quality pharmacy prescription bags featuring the classic design. Strong, dependable paper bags built for everyday pharmacy and retail use.

""
    ""📦 Product Details
""
    ""Design: LBL-003
""
    ""Size: N/A
""
    ""Quantity: 1
""
    ""Material: Durable paper
""
    ""Condition: Brand new
""
    ""Country of Manufacture: Made in the USA 🇺🇸

""
    ""🚚 Shipping
""
    ""Flat $10 shipping per case.
""
    ""Orders ship within 2 business days — most ship same or next business day.

""
    ""💼 Better Pricing Available
""
    ""Contact bagsupplyco directly for a cheaper rate — even if you are ordering just one case.

""
    ""✔ Sold as a full case only
""
    ""✔ Reliable supply for pharmacies and medical offices

""
    ""Please message with any questions.
",13.80,1,https://www.bagsupplyco.com/images/labels/green-tamper-evident-universal-marijuana-strain-labels.webp,10.00
LBL-004,Red Tamper Evident Universal Marijuana Strain Labels,"Red Tamper Evident Universal Marijuana Strain Labels

""
    ""High-quality pharmacy prescription bags featuring the classic design. Strong, dependable paper bags built for everyday pharmacy and retail use.

""
    ""📦 Product Details
""
    ""Design: LBL-004
""
    ""Size: N/A
""
    ""Quantity: 1
""
    ""Material: Durable paper
""
    ""Condition: Brand new
""
    ""Country of Manufacture: Made in the USA 🇺🇸

""
    ""🚚 Shipping
""
    ""Flat $10 shipping per case.
""
    ""Orders ship within 2 business days — most ship same or next business day.

""
    ""💼 Better Pricing Available
""
    ""Contact bagsupplyco directly for a cheaper rate — even if you are ordering just one case.

""
    ""✔ Sold as a full case only
""
    ""✔ Reliable supply for pharmacies and medical offices

""
    ""Please message with any questions.
",13.80,1,https://www.bagsupplyco.com/images/labels/red-tamper-evident-universal-marijuana-strain-labels.webp,10.00
LBL-005,Montana THC Universal Symbol Labels,"Montana THC Universal Symbol Labels

""
    ""High-quality pharmacy prescription bags featuring the classic design. Strong, dependable paper bags built for everyday pharmacy and retail use.

""
    ""📦 Product Details
""
    ""Design: LBL-005
""
    ""Size: N/A
""
    ""Quantity: 1
""
    ""Material: Durable paper
""
    ""Condition: Brand new
""
    ""Country of Manufacture: Made in the USA 🇺🇸

""
    ""🚚 Shipping
""
    ""Flat $10 shipping per case.
""
    ""Orders ship within 2 business days — most ship same or next business day.

""
    ""💼 Better Pricing Available
""
    ""Contact bagsupplyco directly for a cheaper rate — even if you are ordering just one case.

""
    ""✔ Sold as a full case only
""
    ""✔ Reliable supply for pharmacies and medical offices

""
    ""Please message with any questions.
",13.80,1,https://www.bagsupplyco.com/images/labels/montana-thc-universal-symbol-labels.webp,10.00
LBL-006,Oklahoma OMMA Universal Symbol Labels,"Oklahoma OMMA Universal Symbol Labels

""
    ""High-quality pharmacy prescription bags featuring the classic design. Strong, dependable paper bags built for everyday pharmacy and retail use.

""
    ""📦 Product Details
""
    ""Design: LBL-006
""
    ""Size: N/A
""
    ""Quantity: 1
""
    ""Material: Durable paper
""
    ""Condition: Brand new
""
    ""Country of Manufacture: Made in the USA 🇺🇸

""
    ""🚚 Shipping
""
    ""Flat $10 shipping per case.
""
    ""Orders ship within 2 business days — most ship same or next business day.

""
    ""💼 Better Pricing Available
""
    ""Contact bagsupplyco directly for a cheaper rate — even if you are ordering just one case.

""
    ""✔ Sold as a full case only
""
    ""✔ Reliable supply for pharmacies and medical offices

""
    ""Please message with any questions.
",13.80,1,https://www.bagsupplyco.com/images/labels/oklahoma-omma-universal-symbol-labels.webp,10.00
RT-TYB,Thank You T-Shirt Bags - Large,"Thank You T-Shirt Bags - Large

""
    ""High-quality pharmacy prescription bags featuring the classic design. Strong, dependable paper bags built for everyday pharmacy and retail use.

""
    ""📦 Product Details
""
    ""Design: Thank You
""
    ""Size: N/A
""
    ""Quantity: 1
""
    ""Material: Durable paper
""
    ""Condition: Brand new
""
    ""Country of Manufacture: Made in the USA 🇺🇸

""
    ""🚚 Shipping
""
    ""Flat $10 shipping per case.
""
    ""Orders ship within 2 business days — most ship same or next business day.

""
    ""💼 Better Pricing Available
""
    ""Contact bagsupplyco directly for a cheaper rate — even if you are ordering just one case.

""
    ""✔ Sold as a full case only
""
    ""✔ Reliable supply for pharmacies and medical offices

""
    ""Please message with any questions.
",51.75,1,https://www.bagsupplyco.com/images/catalog/retail-bags/thank-you-t-shirt-bags-main.webp,10.00
RT-TYB,Thank You T-Shirt Bags - Small,"Thank You T-Shirt Bags - Small

""
    ""High-quality pharmacy prescription bags featuring the classic design. Strong, dependable paper bags built for everyday pharmacy and retail use.

""
    ""📦 Product Details
""
    ""Design: Thank You
""
    ""Size: N/A
""
    ""Quantity: 1
""
    ""Material: Durable paper
""
    ""Condition: Brand new
""
    ""Country of Manufacture: Made in the USA 🇺🇸

""
    ""🚚 Shipping
""
    ""Flat $10 shipping per case.
""
    ""Orders ship within 2 business days — most ship same or next business day.

""
    ""💼 Better Pricing Available
""
    ""Contact bagsupplyco directly for a cheaper rate — even if you are ordering just one case.

""
    ""✔ Sold as a full case only
""
    ""✔ Reliable supply for pharmacies and medical offices

""
    ""Please message with any questions.
",34.50,1,https://www.bagsupplyco.com/images/catalog/retail-bags/thank-you-t-shirt-bags-main.webp,10.00
CIG-3X10,Printed Cigar Bags - 3 x 10,"Printed Cigar Bags - 3 x 10

""
    ""High-quality pharmacy prescription bags featuring the classic design. Strong, dependable paper bags built for everyday pharmacy and retail use.

""
    ""📦 Product Details
""
    ""Design: CIG-3X10
""
    ""Size: N/A
""
    ""Quantity: 1
""
    ""Material: Durable paper
""
    ""Condition: Brand new
""
    ""Country of Manufacture: Made in the USA 🇺🇸

""
    ""🚚 Shipping
""
    ""Flat $10 shipping per case.
""
    ""Orders ship within 2 business days — most ship same or next business day.

""
    ""💼 Better Pricing Available
""
    ""Contact bagsupplyco directly for a cheaper rate — even if you are ordering just one case.

""
    ""✔ Sold as a full case only
""
    ""✔ Reliable supply for pharmacies and medical offices

""
    ""Please message with any questions.
",132.25,1,https://www.bagsupplyco.com/images/catalog/cigar-bags/cigar-bag-3x10.jpg,10.00
CIG-5X10,Printed Cigar Bags - 5 x 10,"Printed Cigar Bags - 5 x 10

""
    ""High-quality pharmacy prescription bags featuring the classic design. Strong, dependable paper bags built for everyday pharmacy and retail use.

""
    ""📦 Product Details
""
    ""Design: CIG-5X10
""
    ""Size: N/A
""
    ""Quantity: 1
""
    ""Material: Durable paper
""
    ""Condition: Brand new
""
    ""Country of Manufacture: Made in the USA 🇺🇸

""
    ""🚚 Shipping
""
    ""Flat $10 shipping per case.
""
    ""Orders ship within 2 business days — most ship same or next business day.

""
    ""💼 Better Pricing Available
""
    ""Contact bagsupplyco directly for a cheaper rate — even if you are ordering just one case.

""
    ""✔ Sold as a full case only
""
    ""✔ Reliable supply for pharmacies and medical offices

""
    ""Please message with any questions.
",138.00,1,https://www.bagsupplyco.com/images/catalog/cigar-bags/cigar-bag-5x10.jpg,10.00
CIG-8X10,Printed Cigar Bags - 8 x 10,"Printed Cigar Bags - 8 x 10

""
    ""High-quality pharmacy prescription bags featuring the classic design. Strong, dependable paper bags built for everyday pharmacy and retail use.

""
    ""📦 Product Details
""
    ""Design: CIG-8X10
""
    ""Size: N/A
""
    ""Quantity: 1
""
    ""Material: Durable paper
""
    ""Condition: Brand new
""
    ""Country of Manufacture: Made in the USA 🇺🇸

""
    ""🚚 Shipping
""
    ""Flat $10 shipping per case.
""
    ""Orders ship within 2 business days — most ship same or next business day.

""
    ""💼 Better Pricing Available
""
    ""Contact bagsupplyco directly for a cheaper rate — even if you are ordering just one case.

""
    ""✔ Sold as a full case only
""
    ""✔ Reliable supply for pharmacies and medical offices

""
    ""Please message with any questions.
",155.25,1,https://www.bagsupplyco.com/images/catalog/cigar-bags/cigar-bag-8x10.jpg,10.00
CIG-SLD-6.5X10,Slider Cigar Bags 4 Mil - 6.5 x 10,"Slider Cigar Bags 4 Mil - 6.5 x 10

""
    ""High-quality pharmacy prescription bags featuring the classic design. Strong, dependable paper bags built for everyday pharmacy and retail use.

""
    ""📦 Product Details
""
    ""Design: CIG-SLD-6.5X10
""
    ""Size: N/A
""
    ""Quantity: 1
""
    ""Material: Durable paper
""
    ""Condition: Brand new
""
    ""Country of Manufacture: Made in the USA 🇺🇸

""
    ""🚚 Shipping
""
    ""Flat $10 shipping per case.
""
    ""Orders ship within 2 business days — most ship same or next business day.

""
    ""💼 Better Pricing Available
""
    ""Contact bagsupplyco directly for a cheaper rate — even if you are ordering just one case.

""
    ""✔ Sold as a full case only
""
    ""✔ Reliable supply for pharmacies and medical offices

""
    ""Please message with any questions.
",201.25,1,https://www.bagsupplyco.com/images/catalog/cigar-bags/cigar-bag-slider-6x10.jpg,10.00
