*Action(SiteID=US|Country=US|Currency=USD|Version=1193|CC=UTF-8),CustomLabel,*Category,StoreCategory,*Title,Subtitle,Relationship,RelationshipDetails,ScheduleTime,*ConditionID,C:Brand,C:Model,C:MPN,C:California Prop 65 Warning,C:Country of Origin,PicURL,GalleryType,VideoID,*Description,*Format,*Duration,*StartPrice,BuyItNowPrice,BestOfferEnabled,BestOfferAutoAcceptPrice,MinimumBestOfferPrice,*Quantity,ImmediatePayRequired,*Location,ShippingType,ShippingService-1:Option,ShippingService-1:Cost,ShippingService-2:Option,ShippingService-2:Cost,*DispatchTimeMax,PromotionalShippingDiscount,ShippingDiscountProfileID,*ReturnsAcceptedOption,ReturnsWithinOption,RefundOption,ShippingCostPaidByOption,AdditionalDetails,Product Safety Pictograms,Product Safety Statements,Product Safety Component,Regulatory Document Ids,Manufacturer Name,Manufacturer AddressLine1,Manufacturer AddressLine2,Manufacturer City,Manufacturer Country,Manufacturer PostalCode,Manufacturer StateOrProvince,Manufacturer Phone,Manufacturer Email,Manufacturer ContactURL,Responsible Person 1,Responsible Person 1 Type,Responsible Person 1 AddressLine1,Responsible Person 1 AddressLine2,Responsible Person 1 City,Responsible Person 1 Country,Responsible Person 1 PostalCode,Responsible Person 1 StateOrProvince,Responsible Person 1 Phone,Responsible Person 1 Email,Responsible Person 1 ContactURL
Add,GS,52533,,"Pharmacy Bags - GS Design - #25 (6"" x 4"" x 11"")",,,,,1000,bagsupplyco,,,,United States,https://www.bagsupplyco.com/catalog/pharmacy/gs/GS-22-FRONT.webp,,,"Pharmacy Bags - GS Design - #25 (6"" x 4"" x 11"")<br/>""<br/>""High-quality pharmacy prescription bags featuring the classic design. Strong, dependable paper bags built for everyday pharmacy and retail use.<br/>""<br/>""📦 Product Details<br/>""<br/>""Design: GS<br/>""<br/>""Size: 6"" x 4"" x 11""<br/>""<br/>""Quantity: 1<br/>""<br/>""Material: Durable paper<br/>""<br/>""Condition: Brand new<br/>""<br/>""Country of Manufacture: Made in the USA 🇺🇸<br/>""<br/>""🚚 Shipping<br/>""<br/>""Flat $10 shipping per case.<br/>""<br/>""Orders ship within 2 business days — most ship same or next business day.<br/>""<br/>""💼 Better Pricing Available<br/>""<br/>""Contact bagsupplyco directly for a cheaper rate — even if you are ordering just one case.<br/>""<br/>""✔ Sold as a full case only<br/>""<br/>""✔ Reliable supply for pharmacies and medical offices<br/>""<br/>""Please message with any questions.",FixedPrice,GTC,75.80,,,,,1,,United States,Flat,USPSPriority,10.00,,,2,,,ReturnsAccepted,Days_30,MoneyBack,Buyer,,,,,,,,,,,,,,,,,,,,,,,,,,
Add,GS,52533,,"Pharmacy Bags - GS Design - #14 (9"" x 11"")",,,,,1000,bagsupplyco,,,,United States,https://www.bagsupplyco.com/catalog/pharmacy/gs/GS-22-FRONT.webp,,,"Pharmacy Bags - GS Design - #14 (9"" x 11"")<br/>""<br/>""High-quality pharmacy prescription bags featuring the classic design. Strong, dependable paper bags built for everyday pharmacy and retail use.<br/>""<br/>""📦 Product Details<br/>""<br/>""Design: GS<br/>""<br/>""Size: 9"" x 11""<br/>""<br/>""Quantity: 1<br/>""<br/>""Material: Durable paper<br/>""<br/>""Condition: Brand new<br/>""<br/>""Country of Manufacture: Made in the USA 🇺🇸<br/>""<br/>""🚚 Shipping<br/>""<br/>""Flat $10 shipping per case.<br/>""<br/>""Orders ship within 2 business days — most ship same or next business day.<br/>""<br/>""💼 Better Pricing Available<br/>""<br/>""Contact bagsupplyco directly for a cheaper rate — even if you are ordering just one case.<br/>""<br/>""✔ Sold as a full case only<br/>""<br/>""✔ Reliable supply for pharmacies and medical offices<br/>""<br/>""Please message with any questions.",FixedPrice,GTC,114.64,,,,,1,,United States,Flat,USPSPriority,10.00,,,2,,,ReturnsAccepted,Days_30,MoneyBack,Buyer,,,,,,,,,,,,,,,,,,,,,,,,,,
Add,GS,52533,,"Pharmacy Bags - GS Design - #15 (8.5"" x 3.5"" x 14.5"")",,,,,1000,bagsupplyco,,,,United States,https://www.bagsupplyco.com/catalog/pharmacy/gs/GS-22-FRONT.webp,,,"Pharmacy Bags - GS Design - #15 (8.5"" x 3.5"" x 14.5"")<br/>""<br/>""High-quality pharmacy prescription bags featuring the classic design. Strong, dependable paper bags built for everyday pharmacy and retail use.<br/>""<br/>""📦 Product Details<br/>""<br/>""Design: GS<br/>""<br/>""Size: 8.5"" x 3.5"" x 14.5""<br/>""<br/>""Quantity: 1<br/>""<br/>""Material: Durable paper<br/>""<br/>""Condition: Brand new<br/>""<br/>""Country of Manufacture: Made in the USA 🇺🇸<br/>""<br/>""🚚 Shipping<br/>""<br/>""Flat $10 shipping per case.<br/>""<br/>""Orders ship within 2 business days — most ship same or next business day.<br/>""<br/>""💼 Better Pricing Available<br/>""<br/>""Contact bagsupplyco directly for a cheaper rate — even if you are ordering just one case.<br/>""<br/>""✔ Sold as a full case only<br/>""<br/>""✔ Reliable supply for pharmacies and medical offices<br/>""<br/>""Please message with any questions.",FixedPrice,GTC,110.15,,,,,1,,United States,Flat,USPSPriority,10.00,,,2,,,ReturnsAccepted,Days_30,MoneyBack,Buyer,,,,,,,,,,,,,,,,,,,,,,,,,,
Add,TY,52533,,"Pharmacy Bags - TY Design - #22 (4.5"" x 2.25"" x 11"")",,,,,1000,bagsupplyco,,,,United States,https://www.bagsupplyco.com/catalog/pharmacy/ty/TY-22-FRONT.webp,,,"Pharmacy Bags - TY Design - #22 (4.5"" x 2.25"" x 11"")<br/>""<br/>""High-quality pharmacy prescription bags featuring the classic design. Strong, dependable paper bags built for everyday pharmacy and retail use.<br/>""<br/>""📦 Product Details<br/>""<br/>""Design: Thank You<br/>""<br/>""Size: 4.5"" x 2.25"" x 11""<br/>""<br/>""Quantity: 1<br/>""<br/>""Material: Durable paper<br/>""<br/>""Condition: Brand new<br/>""<br/>""Country of Manufacture: Made in the USA 🇺🇸<br/>""<br/>""🚚 Shipping<br/>""<br/>""Flat $10 shipping per case.<br/>""<br/>""Orders ship within 2 business days — most ship same or next business day.<br/>""<br/>""💼 Better Pricing Available<br/>""<br/>""Contact bagsupplyco directly for a cheaper rate — even if you are ordering just one case.<br/>""<br/>""✔ Sold as a full case only<br/>""<br/>""✔ Reliable supply for pharmacies and medical offices<br/>""<br/>""Please message with any questions.",FixedPrice,GTC,137.78,,,,,1,,United States,Flat,USPSPriority,10.00,,,2,,,ReturnsAccepted,Days_30,MoneyBack,Buyer,,,,,,,,,,,,,,,,,,,,,,,,,,
Add,TY,52533,,"Pharmacy Bags - TY Design - #23 (5"" x 2"" x 10"")",,,,,1000,bagsupplyco,,,,United States,https://www.bagsupplyco.com/catalog/pharmacy/ty/TY-22-FRONT.webp,,,"Pharmacy Bags - TY Design - #23 (5"" x 2"" x 10"")<br/>""<br/>""High-quality pharmacy prescription bags featuring the classic design. Strong, dependable paper bags built for everyday pharmacy and retail use.<br/>""<br/>""📦 Product Details<br/>""<br/>""Design: Thank You<br/>""<br/>""Size: 5"" x 2"" x 10""<br/>""<br/>""Quantity: 1<br/>""<br/>""Material: Durable paper<br/>""<br/>""Condition: Brand new<br/>""<br/>""Country of Manufacture: Made in the USA 🇺🇸<br/>""<br/>""🚚 Shipping<br/>""<br/>""Flat $10 shipping per case.<br/>""<br/>""Orders ship within 2 business days — most ship same or next business day.<br/>""<br/>""💼 Better Pricing Available<br/>""<br/>""Contact bagsupplyco directly for a cheaper rate — even if you are ordering just one case.<br/>""<br/>""✔ Sold as a full case only<br/>""<br/>""✔ Reliable supply for pharmacies and medical offices<br/>""<br/>""Please message with any questions.",FixedPrice,GTC,135.02,,,,,1,,United States,Flat,USPSPriority,10.00,,,2,,,ReturnsAccepted,Days_30,MoneyBack,Buyer,,,,,,,,,,,,,,,,,,,,,,,,,,
Add,TY,52533,,"Pharmacy Bags - TY Design - #25 (6"" x 4"" x 11"")",,,,,1000,bagsupplyco,,,,United States,https://www.bagsupplyco.com/catalog/pharmacy/ty/TY-22-FRONT.webp,,,"Pharmacy Bags - TY Design - #25 (6"" x 4"" x 11"")<br/>""<br/>""High-quality pharmacy prescription bags featuring the classic design. Strong, dependable paper bags built for everyday pharmacy and retail use.<br/>""<br/>""📦 Product Details<br/>""<br/>""Design: Thank You<br/>""<br/>""Size: 6"" x 4"" x 11""<br/>""<br/>""Quantity: 1<br/>""<br/>""Material: Durable paper<br/>""<br/>""Condition: Brand new<br/>""<br/>""Country of Manufacture: Made in the USA 🇺🇸<br/>""<br/>""🚚 Shipping<br/>""<br/>""Flat $10 shipping per case.<br/>""<br/>""Orders ship within 2 business days — most ship same or next business day.<br/>""<br/>""💼 Better Pricing Available<br/>""<br/>""Contact bagsupplyco directly for a cheaper rate — even if you are ordering just one case.<br/>""<br/>""✔ Sold as a full case only<br/>""<br/>""✔ Reliable supply for pharmacies and medical offices<br/>""<br/>""Please message with any questions.",FixedPrice,GTC,75.80,,,,,1,,United States,Flat,USPSPriority,10.00,,,2,,,ReturnsAccepted,Days_30,MoneyBack,Buyer,,,,,,,,,,,,,,,,,,,,,,,,,,
Add,TY,52533,,"Pharmacy Bags - TY Design - #26 (7"" x 4"" x 14"")",,,,,1000,bagsupplyco,,,,United States,https://www.bagsupplyco.com/catalog/pharmacy/ty/TY-22-FRONT.webp,,,"Pharmacy Bags - TY Design - #26 (7"" x 4"" x 14"")<br/>""<br/>""High-quality pharmacy prescription bags featuring the classic design. Strong, dependable paper bags built for everyday pharmacy and retail use.<br/>""<br/>""📦 Product Details<br/>""<br/>""Design: Thank You<br/>""<br/>""Size: 7"" x 4"" x 14""<br/>""<br/>""Quantity: 1<br/>""<br/>""Material: Durable paper<br/>""<br/>""Condition: Brand new<br/>""<br/>""Country of Manufacture: Made in the USA 🇺🇸<br/>""<br/>""🚚 Shipping<br/>""<br/>""Flat $10 shipping per case.<br/>""<br/>""Orders ship within 2 business days — most ship same or next business day.<br/>""<br/>""💼 Better Pricing Available<br/>""<br/>""Contact bagsupplyco directly for a cheaper rate — even if you are ordering just one case.<br/>""<br/>""✔ Sold as a full case only<br/>""<br/>""✔ Reliable supply for pharmacies and medical offices<br/>""<br/>""Please message with any questions.",FixedPrice,GTC,117.63,,,,,1,,United States,Flat,USPSPriority,10.00,,,2,,,ReturnsAccepted,Days_30,MoneyBack,Buyer,,,,,,,,,,,,,,,,,,,,,,,,,,
Add,TY,52533,,"Pharmacy Bags - TY Design - #28 (8"" x 5"" x 17"")",,,,,1000,bagsupplyco,,,,United States,https://www.bagsupplyco.com/catalog/pharmacy/ty/TY-22-FRONT.webp,,,"Pharmacy Bags - TY Design - #28 (8"" x 5"" x 17"")<br/>""<br/>""High-quality pharmacy prescription bags featuring the classic design. Strong, dependable paper bags built for everyday pharmacy and retail use.<br/>""<br/>""📦 Product Details<br/>""<br/>""Design: Thank You<br/>""<br/>""Size: 8"" x 5"" x 17""<br/>""<br/>""Quantity: 1<br/>""<br/>""Material: Durable paper<br/>""<br/>""Condition: Brand new<br/>""<br/>""Country of Manufacture: Made in the USA 🇺🇸<br/>""<br/>""🚚 Shipping<br/>""<br/>""Flat $10 shipping per case.<br/>""<br/>""Orders ship within 2 business days — most ship same or next business day.<br/>""<br/>""💼 Better Pricing Available<br/>""<br/>""Contact bagsupplyco directly for a cheaper rate — even if you are ordering just one case.<br/>""<br/>""✔ Sold as a full case only<br/>""<br/>""✔ Reliable supply for pharmacies and medical offices<br/>""<br/>""Please message with any questions.",FixedPrice,GTC,128.91,,,,,1,,United States,Flat,USPSPriority,10.00,,,2,,,ReturnsAccepted,Days_30,MoneyBack,Buyer,,,,,,,,,,,,,,,,,,,,,,,,,,
Add,TY,52533,,"Pharmacy Bags - TY Design - #12 (7"" x 10"")",,,,,1000,bagsupplyco,,,,United States,https://www.bagsupplyco.com/catalog/pharmacy/ty/TY-22-FRONT.webp,,,"Pharmacy Bags - TY Design - #12 (7"" x 10"")<br/>""<br/>""High-quality pharmacy prescription bags featuring the classic design. Strong, dependable paper bags built for everyday pharmacy and retail use.<br/>""<br/>""📦 Product Details<br/>""<br/>""Design: Thank You<br/>""<br/>""Size: 7"" x 10""<br/>""<br/>""Quantity: 1<br/>""<br/>""Material: Durable paper<br/>""<br/>""Condition: Brand new<br/>""<br/>""Country of Manufacture: Made in the USA 🇺🇸<br/>""<br/>""🚚 Shipping<br/>""<br/>""Flat $10 shipping per case.<br/>""<br/>""Orders ship within 2 business days — most ship same or next business day.<br/>""<br/>""💼 Better Pricing Available<br/>""<br/>""Contact bagsupplyco directly for a cheaper rate — even if you are ordering just one case.<br/>""<br/>""✔ Sold as a full case only<br/>""<br/>""✔ Reliable supply for pharmacies and medical offices<br/>""<br/>""Please message with any questions.",FixedPrice,GTC,132.65,,,,,1,,United States,Flat,USPSPriority,10.00,,,2,,,ReturnsAccepted,Days_30,MoneyBack,Buyer,,,,,,,,,,,,,,,,,,,,,,,,,,
Add,TY,52533,,"Pharmacy Bags - TY Design - #14 (9"" x 11"")",,,,,1000,bagsupplyco,,,,United States,https://www.bagsupplyco.com/catalog/pharmacy/ty/TY-22-FRONT.webp,,,"Pharmacy Bags - TY Design - #14 (9"" x 11"")<br/>""<br/>""High-quality pharmacy prescription bags featuring the classic design. Strong, dependable paper bags built for everyday pharmacy and retail use.<br/>""<br/>""📦 Product Details<br/>""<br/>""Design: Thank You<br/>""<br/>""Size: 9"" x 11""<br/>""<br/>""Quantity: 1<br/>""<br/>""Material: Durable paper<br/>""<br/>""Condition: Brand new<br/>""<br/>""Country of Manufacture: Made in the USA 🇺🇸<br/>""<br/>""🚚 Shipping<br/>""<br/>""Flat $10 shipping per case.<br/>""<br/>""Orders ship within 2 business days — most ship same or next business day.<br/>""<br/>""💼 Better Pricing Available<br/>""<br/>""Contact bagsupplyco directly for a cheaper rate — even if you are ordering just one case.<br/>""<br/>""✔ Sold as a full case only<br/>""<br/>""✔ Reliable supply for pharmacies and medical offices<br/>""<br/>""Please message with any questions.",FixedPrice,GTC,114.64,,,,,1,,United States,Flat,USPSPriority,10.00,,,2,,,ReturnsAccepted,Days_30,MoneyBack,Buyer,,,,,,,,,,,,,,,,,,,,,,,,,,
Add,TY,52533,,"Pharmacy Bags - TY Design - #15 (8.5"" x 3.5"" x 14.5"")",,,,,1000,bagsupplyco,,,,United States,https://www.bagsupplyco.com/catalog/pharmacy/ty/TY-22-FRONT.webp,,,"Pharmacy Bags - TY Design - #15 (8.5"" x 3.5"" x 14.5"")<br/>""<br/>""High-quality pharmacy prescription bags featuring the classic design. Strong, dependable paper bags built for everyday pharmacy and retail use.<br/>""<br/>""📦 Product Details<br/>""<br/>""Design: Thank You<br/>""<br/>""Size: 8.5"" x 3.5"" x 14.5""<br/>""<br/>""Quantity: 1<br/>""<br/>""Material: Durable paper<br/>""<br/>""Condition: Brand new<br/>""<br/>""Country of Manufacture: Made in the USA 🇺🇸<br/>""<br/>""🚚 Shipping<br/>""<br/>""Flat $10 shipping per case.<br/>""<br/>""Orders ship within 2 business days — most ship same or next business day.<br/>""<br/>""💼 Better Pricing Available<br/>""<br/>""Contact bagsupplyco directly for a cheaper rate — even if you are ordering just one case.<br/>""<br/>""✔ Sold as a full case only<br/>""<br/>""✔ Reliable supply for pharmacies and medical offices<br/>""<br/>""Please message with any questions.",FixedPrice,GTC,110.15,,,,,1,,United States,Flat,USPSPriority,10.00,,,2,,,ReturnsAccepted,Days_30,MoneyBack,Buyer,,,,,,,,,,,,,,,,,,,,,,,,,,
Add,VB6,52533,,"Veterinary Bag Design #VB6 - Pinch bottom #22 (4.5"" x 2.25"" x 11"")",,,,,1000,bagsupplyco,,,,United States,https://www.bagsupplyco.com/catalog/veterinary/vb6/VB6-22-FRONT.webp,,,"Veterinary Bag Design #VB6 - Pinch bottom #22 (4.5"" x 2.25"" x 11"")<br/>""<br/>""High-quality pharmacy prescription bags featuring the classic design. Strong, dependable paper bags built for everyday pharmacy and retail use.<br/>""<br/>""📦 Product Details<br/>""<br/>""Design: Veterinary<br/>""<br/>""Size: 4.5"" x 2.25"" x 11""<br/>""<br/>""Quantity: 1<br/>""<br/>""Material: Durable paper<br/>""<br/>""Condition: Brand new<br/>""<br/>""Country of Manufacture: Made in the USA 🇺🇸<br/>""<br/>""🚚 Shipping<br/>""<br/>""Flat $10 shipping per case.<br/>""<br/>""Orders ship within 2 business days — most ship same or next business day.<br/>""<br/>""💼 Better Pricing Available<br/>""<br/>""Contact bagsupplyco directly for a cheaper rate — even if you are ordering just one case.<br/>""<br/>""✔ Sold as a full case only<br/>""<br/>""✔ Reliable supply for pharmacies and medical offices<br/>""<br/>""Please message with any questions.",FixedPrice,GTC,137.78,,,,,1,,United States,Flat,USPSPriority,10.00,,,2,,,ReturnsAccepted,Days_30,MoneyBack,Buyer,,,,,,,,,,,,,,,,,,,,,,,,,,
Add,VB6,52533,,"Veterinary Bag Design #VB6 - Flat bag #12 (7"" x 10"")",,,,,1000,bagsupplyco,,,,United States,https://www.bagsupplyco.com/catalog/veterinary/vb6/VB6-22-FRONT.webp,,,"Veterinary Bag Design #VB6 - Flat bag #12 (7"" x 10"")<br/>""<br/>""High-quality pharmacy prescription bags featuring the classic design. Strong, dependable paper bags built for everyday pharmacy and retail use.<br/>""<br/>""📦 Product Details<br/>""<br/>""Design: Veterinary<br/>""<br/>""Size: 7"" x 10""<br/>""<br/>""Quantity: 1<br/>""<br/>""Material: Durable paper<br/>""<br/>""Condition: Brand new<br/>""<br/>""Country of Manufacture: Made in the USA 🇺🇸<br/>""<br/>""🚚 Shipping<br/>""<br/>""Flat $10 shipping per case.<br/>""<br/>""Orders ship within 2 business days — most ship same or next business day.<br/>""<br/>""💼 Better Pricing Available<br/>""<br/>""Contact bagsupplyco directly for a cheaper rate — even if you are ordering just one case.<br/>""<br/>""✔ Sold as a full case only<br/>""<br/>""✔ Reliable supply for pharmacies and medical offices<br/>""<br/>""Please message with any questions.",FixedPrice,GTC,132.65,,,,,1,,United States,Flat,USPSPriority,10.00,,,2,,,ReturnsAccepted,Days_30,MoneyBack,Buyer,,,,,,,,,,,,,,,,,,,,,,,,,,
Add,VB6,52533,,"Veterinary Bag Design #VB6 - Square bottom #25 (6"" x 4"" x 11"")",,,,,1000,bagsupplyco,,,,United States,https://www.bagsupplyco.com/catalog/veterinary/vb6/VB6-22-FRONT.webp,,,"Veterinary Bag Design #VB6 - Square bottom #25 (6"" x 4"" x 11"")<br/>""<br/>""High-quality pharmacy prescription bags featuring the classic design. Strong, dependable paper bags built for everyday pharmacy and retail use.<br/>""<br/>""📦 Product Details<br/>""<br/>""Design: Veterinary<br/>""<br/>""Size: 6"" x 4"" x 11""<br/>""<br/>""Quantity: 1<br/>""<br/>""Material: Durable paper<br/>""<br/>""Condition: Brand new<br/>""<br/>""Country of Manufacture: Made in the USA 🇺🇸<br/>""<br/>""🚚 Shipping<br/>""<br/>""Flat $10 shipping per case.<br/>""<br/>""Orders ship within 2 business days — most ship same or next business day.<br/>""<br/>""💼 Better Pricing Available<br/>""<br/>""Contact bagsupplyco directly for a cheaper rate — even if you are ordering just one case.<br/>""<br/>""✔ Sold as a full case only<br/>""<br/>""✔ Reliable supply for pharmacies and medical offices<br/>""<br/>""Please message with any questions.",FixedPrice,GTC,75.80,,,,,1,,United States,Flat,USPSPriority,10.00,,,2,,,ReturnsAccepted,Days_30,MoneyBack,Buyer,,,,,,,,,,,,,,,,,,,,,,,,,,
Add,DISPENSARY-PRESCRIPTION-EXIT-BAG,52533,,"Classic RX Prescription Pharmacy Bags - Classic RX (10"" x 5"" x 1"")",,,,,1000,bagsupplyco,,,,United States,https://www.bagsupplyco.com/catalog/dispensary/4947165f2c_21-ds_f4603711.jpg,,,"Classic RX Prescription Pharmacy Bags - Classic RX (10"" x 5"" x 1"")<br/>""<br/>""High-quality pharmacy prescription bags featuring the classic design. Strong, dependable paper bags built for everyday pharmacy and retail use.<br/>""<br/>""📦 Product Details<br/>""<br/>""Design: DISPENSARY-PRESCRIPTION-EXIT-BAG<br/>""<br/>""Size: 10"" x 5"" x 1""<br/>""<br/>""Quantity: 1<br/>""<br/>""Material: Durable paper<br/>""<br/>""Condition: Brand new<br/>""<br/>""Country of Manufacture: Made in the USA 🇺🇸<br/>""<br/>""🚚 Shipping<br/>""<br/>""Flat $10 shipping per case.<br/>""<br/>""Orders ship within 2 business days — most ship same or next business day.<br/>""<br/>""💼 Better Pricing Available<br/>""<br/>""Contact bagsupplyco directly for a cheaper rate — even if you are ordering just one case.<br/>""<br/>""✔ Sold as a full case only<br/>""<br/>""✔ Reliable supply for pharmacies and medical offices<br/>""<br/>""Please message with any questions.",FixedPrice,GTC,126.50,,,,,1,,United States,Flat,USPSPriority,10.00,,,2,,,ReturnsAccepted,Days_30,MoneyBack,Buyer,,,,,,,,,,,,,,,,,,,,,,,,,,
Add,DISPENSARY-PRESCRIPTION-EXIT-BAG,52533,,"Classic RX Prescription Pharmacy Bags - #12-DS (7"" x 10"")",,,,,1000,bagsupplyco,,,,United States,https://www.bagsupplyco.com/catalog/dispensary/4947165f2c_21-ds_f4603711.jpg,,,"Classic RX Prescription Pharmacy Bags - #12-DS (7"" x 10"")<br/>""<br/>""High-quality pharmacy prescription bags featuring the classic design. Strong, dependable paper bags built for everyday pharmacy and retail use.<br/>""<br/>""📦 Product Details<br/>""<br/>""Design: DISPENSARY-PRESCRIPTION-EXIT-BAG<br/>""<br/>""Size: 7"" x 10""<br/>""<br/>""Quantity: 1<br/>""<br/>""Material: Durable paper<br/>""<br/>""Condition: Brand new<br/>""<br/>""Country of Manufacture: Made in the USA 🇺🇸<br/>""<br/>""🚚 Shipping<br/>""<br/>""Flat $10 shipping per case.<br/>""<br/>""Orders ship within 2 business days — most ship same or next business day.<br/>""<br/>""💼 Better Pricing Available<br/>""<br/>""Contact bagsupplyco directly for a cheaper rate — even if you are ordering just one case.<br/>""<br/>""✔ Sold as a full case only<br/>""<br/>""✔ Reliable supply for pharmacies and medical offices<br/>""<br/>""Please message with any questions.",FixedPrice,GTC,51.75,,,,,1,,United States,Flat,USPSPriority,10.00,,,2,,,ReturnsAccepted,Days_30,MoneyBack,Buyer,,,,,,,,,,,,,,,,,,,,,,,,,,
Add,DS-10,52533,,"Dispensary Bag Design #10 - Classic RX (10"" x 5"" x 1"")",,,,,1000,bagsupplyco,,,,United States,https://www.bagsupplyco.com/images/catalog/smoke-shop/dispensary-bag-design-10.webp,,,"Dispensary Bag Design #10 - Classic RX (10"" x 5"" x 1"")<br/>""<br/>""High-quality pharmacy prescription bags featuring the classic design. Strong, dependable paper bags built for everyday pharmacy and retail use.<br/>""<br/>""📦 Product Details<br/>""<br/>""Design: DS-10<br/>""<br/>""Size: 10"" x 5"" x 1""<br/>""<br/>""Quantity: 1<br/>""<br/>""Material: Durable paper<br/>""<br/>""Condition: Brand new<br/>""<br/>""Country of Manufacture: Made in the USA 🇺🇸<br/>""<br/>""🚚 Shipping<br/>""<br/>""Flat $10 shipping per case.<br/>""<br/>""Orders ship within 2 business days — most ship same or next business day.<br/>""<br/>""💼 Better Pricing Available<br/>""<br/>""Contact bagsupplyco directly for a cheaper rate — even if you are ordering just one case.<br/>""<br/>""✔ Sold as a full case only<br/>""<br/>""✔ Reliable supply for pharmacies and medical offices<br/>""<br/>""Please message with any questions.",FixedPrice,GTC,49.91,,,,,1,,United States,Flat,USPSPriority,10.00,,,2,,,ReturnsAccepted,Days_30,MoneyBack,Buyer,,,,,,,,,,,,,,,,,,,,,,,,,,
Add,DS-10,52533,,"Dispensary Bag Design #10 - #12-DS (7"" x 10"")",,,,,1000,bagsupplyco,,,,United States,https://www.bagsupplyco.com/images/catalog/smoke-shop/dispensary-bag-design-10.webp,,,"Dispensary Bag Design #10 - #12-DS (7"" x 10"")<br/>""<br/>""High-quality pharmacy prescription bags featuring the classic design. Strong, dependable paper bags built for everyday pharmacy and retail use.<br/>""<br/>""📦 Product Details<br/>""<br/>""Design: DS-10<br/>""<br/>""Size: 7"" x 10""<br/>""<br/>""Quantity: 1<br/>""<br/>""Material: Durable paper<br/>""<br/>""Condition: Brand new<br/>""<br/>""Country of Manufacture: Made in the USA 🇺🇸<br/>""<br/>""🚚 Shipping<br/>""<br/>""Flat $10 shipping per case.<br/>""<br/>""Orders ship within 2 business days — most ship same or next business day.<br/>""<br/>""💼 Better Pricing Available<br/>""<br/>""Contact bagsupplyco directly for a cheaper rate — even if you are ordering just one case.<br/>""<br/>""✔ Sold as a full case only<br/>""<br/>""✔ Reliable supply for pharmacies and medical offices<br/>""<br/>""Please message with any questions.",FixedPrice,GTC,49.91,,,,,1,,United States,Flat,USPSPriority,10.00,,,2,,,ReturnsAccepted,Days_30,MoneyBack,Buyer,,,,,,,,,,,,,,,,,,,,,,,,,,
Add,DS-11,52533,,"Dispensary Bag Design #11 - Classic RX (10"" x 5"" x 1"")",,,,,1000,bagsupplyco,,,,United States,https://www.bagsupplyco.com/images/catalog/smoke-shop/dispensary-bag-design-11.webp,,,"Dispensary Bag Design #11 - Classic RX (10"" x 5"" x 1"")<br/>""<br/>""High-quality pharmacy prescription bags featuring the classic design. Strong, dependable paper bags built for everyday pharmacy and retail use.<br/>""<br/>""📦 Product Details<br/>""<br/>""Design: DS-11<br/>""<br/>""Size: 10"" x 5"" x 1""<br/>""<br/>""Quantity: 1<br/>""<br/>""Material: Durable paper<br/>""<br/>""Condition: Brand new<br/>""<br/>""Country of Manufacture: Made in the USA 🇺🇸<br/>""<br/>""🚚 Shipping<br/>""<br/>""Flat $10 shipping per case.<br/>""<br/>""Orders ship within 2 business days — most ship same or next business day.<br/>""<br/>""💼 Better Pricing Available<br/>""<br/>""Contact bagsupplyco directly for a cheaper rate — even if you are ordering just one case.<br/>""<br/>""✔ Sold as a full case only<br/>""<br/>""✔ Reliable supply for pharmacies and medical offices<br/>""<br/>""Please message with any questions.",FixedPrice,GTC,49.91,,,,,1,,United States,Flat,USPSPriority,10.00,,,2,,,ReturnsAccepted,Days_30,MoneyBack,Buyer,,,,,,,,,,,,,,,,,,,,,,,,,,
Add,DS-11,52533,,"Dispensary Bag Design #11 - #12-DS (7"" x 10"")",,,,,1000,bagsupplyco,,,,United States,https://www.bagsupplyco.com/images/catalog/smoke-shop/dispensary-bag-design-11.webp,,,"Dispensary Bag Design #11 - #12-DS (7"" x 10"")<br/>""<br/>""High-quality pharmacy prescription bags featuring the classic design. Strong, dependable paper bags built for everyday pharmacy and retail use.<br/>""<br/>""📦 Product Details<br/>""<br/>""Design: DS-11<br/>""<br/>""Size: 7"" x 10""<br/>""<br/>""Quantity: 1<br/>""<br/>""Material: Durable paper<br/>""<br/>""Condition: Brand new<br/>""<br/>""Country of Manufacture: Made in the USA 🇺🇸<br/>""<br/>""🚚 Shipping<br/>""<br/>""Flat $10 shipping per case.<br/>""<br/>""Orders ship within 2 business days — most ship same or next business day.<br/>""<br/>""💼 Better Pricing Available<br/>""<br/>""Contact bagsupplyco directly for a cheaper rate — even if you are ordering just one case.<br/>""<br/>""✔ Sold as a full case only<br/>""<br/>""✔ Reliable supply for pharmacies and medical offices<br/>""<br/>""Please message with any questions.",FixedPrice,GTC,49.91,,,,,1,,United States,Flat,USPSPriority,10.00,,,2,,,ReturnsAccepted,Days_30,MoneyBack,Buyer,,,,,,,,,,,,,,,,,,,,,,,,,,
Add,DS-12,52533,,"Dispensary Bag Design #12 - Classic RX (10"" x 5"" x 1"")",,,,,1000,bagsupplyco,,,,United States,https://www.bagsupplyco.com/images/catalog/smoke-shop/dispensary-bag-design-12.webp,,,"Dispensary Bag Design #12 - Classic RX (10"" x 5"" x 1"")<br/>""<br/>""High-quality pharmacy prescription bags featuring the classic design. Strong, dependable paper bags built for everyday pharmacy and retail use.<br/>""<br/>""📦 Product Details<br/>""<br/>""Design: DS-12<br/>""<br/>""Size: 10"" x 5"" x 1""<br/>""<br/>""Quantity: 1<br/>""<br/>""Material: Durable paper<br/>""<br/>""Condition: Brand new<br/>""<br/>""Country of Manufacture: Made in the USA 🇺🇸<br/>""<br/>""🚚 Shipping<br/>""<br/>""Flat $10 shipping per case.<br/>""<br/>""Orders ship within 2 business days — most ship same or next business day.<br/>""<br/>""💼 Better Pricing Available<br/>""<br/>""Contact bagsupplyco directly for a cheaper rate — even if you are ordering just one case.<br/>""<br/>""✔ Sold as a full case only<br/>""<br/>""✔ Reliable supply for pharmacies and medical offices<br/>""<br/>""Please message with any questions.",FixedPrice,GTC,49.91,,,,,1,,United States,Flat,USPSPriority,10.00,,,2,,,ReturnsAccepted,Days_30,MoneyBack,Buyer,,,,,,,,,,,,,,,,,,,,,,,,,,
Add,DS-12,52533,,"Dispensary Bag Design #12 - #12-DS (7"" x 10"")",,,,,1000,bagsupplyco,,,,United States,https://www.bagsupplyco.com/images/catalog/smoke-shop/dispensary-bag-design-12.webp,,,"Dispensary Bag Design #12 - #12-DS (7"" x 10"")<br/>""<br/>""High-quality pharmacy prescription bags featuring the classic design. Strong, dependable paper bags built for everyday pharmacy and retail use.<br/>""<br/>""📦 Product Details<br/>""<br/>""Design: DS-12<br/>""<br/>""Size: 7"" x 10""<br/>""<br/>""Quantity: 1<br/>""<br/>""Material: Durable paper<br/>""<br/>""Condition: Brand new<br/>""<br/>""Country of Manufacture: Made in the USA 🇺🇸<br/>""<br/>""🚚 Shipping<br/>""<br/>""Flat $10 shipping per case.<br/>""<br/>""Orders ship within 2 business days — most ship same or next business day.<br/>""<br/>""💼 Better Pricing Available<br/>""<br/>""Contact bagsupplyco directly for a cheaper rate — even if you are ordering just one case.<br/>""<br/>""✔ Sold as a full case only<br/>""<br/>""✔ Reliable supply for pharmacies and medical offices<br/>""<br/>""Please message with any questions.",FixedPrice,GTC,49.91,,,,,1,,United States,Flat,USPSPriority,10.00,,,2,,,ReturnsAccepted,Days_30,MoneyBack,Buyer,,,,,,,,,,,,,,,,,,,,,,,,,,
Add,DS-13,52533,,"Dispensary Bag Design #13 - Classic RX (10"" x 5"" x 1"")",,,,,1000,bagsupplyco,,,,United States,https://www.bagsupplyco.com/images/catalog/smoke-shop/dispensary-bag-design-13.webp,,,"Dispensary Bag Design #13 - Classic RX (10"" x 5"" x 1"")<br/>""<br/>""High-quality pharmacy prescription bags featuring the classic design. Strong, dependable paper bags built for everyday pharmacy and retail use.<br/>""<br/>""📦 Product Details<br/>""<br/>""Design: DS-13<br/>""<br/>""Size: 10"" x 5"" x 1""<br/>""<br/>""Quantity: 1<br/>""<br/>""Material: Durable paper<br/>""<br/>""Condition: Brand new<br/>""<br/>""Country of Manufacture: Made in the USA 🇺🇸<br/>""<br/>""🚚 Shipping<br/>""<br/>""Flat $10 shipping per case.<br/>""<br/>""Orders ship within 2 business days — most ship same or next business day.<br/>""<br/>""💼 Better Pricing Available<br/>""<br/>""Contact bagsupplyco directly for a cheaper rate — even if you are ordering just one case.<br/>""<br/>""✔ Sold as a full case only<br/>""<br/>""✔ Reliable supply for pharmacies and medical offices<br/>""<br/>""Please message with any questions.",FixedPrice,GTC,49.91,,,,,1,,United States,Flat,USPSPriority,10.00,,,2,,,ReturnsAccepted,Days_30,MoneyBack,Buyer,,,,,,,,,,,,,,,,,,,,,,,,,,
Add,DS-13,52533,,"Dispensary Bag Design #13 - #12-DS (7"" x 10"")",,,,,1000,bagsupplyco,,,,United States,https://www.bagsupplyco.com/images/catalog/smoke-shop/dispensary-bag-design-13.webp,,,"Dispensary Bag Design #13 - #12-DS (7"" x 10"")<br/>""<br/>""High-quality pharmacy prescription bags featuring the classic design. Strong, dependable paper bags built for everyday pharmacy and retail use.<br/>""<br/>""📦 Product Details<br/>""<br/>""Design: DS-13<br/>""<br/>""Size: 7"" x 10""<br/>""<br/>""Quantity: 1<br/>""<br/>""Material: Durable paper<br/>""<br/>""Condition: Brand new<br/>""<br/>""Country of Manufacture: Made in the USA 🇺🇸<br/>""<br/>""🚚 Shipping<br/>""<br/>""Flat $10 shipping per case.<br/>""<br/>""Orders ship within 2 business days — most ship same or next business day.<br/>""<br/>""💼 Better Pricing Available<br/>""<br/>""Contact bagsupplyco directly for a cheaper rate — even if you are ordering just one case.<br/>""<br/>""✔ Sold as a full case only<br/>""<br/>""✔ Reliable supply for pharmacies and medical offices<br/>""<br/>""Please message with any questions.",FixedPrice,GTC,49.91,,,,,1,,United States,Flat,USPSPriority,10.00,,,2,,,ReturnsAccepted,Days_30,MoneyBack,Buyer,,,,,,,,,,,,,,,,,,,,,,,,,,
Add,DS-14,52533,,"Dispensary Bag Design #14 - Classic RX (10"" x 5"" x 1"")",,,,,1000,bagsupplyco,,,,United States,https://www.bagsupplyco.com/images/catalog/smoke-shop/dispensary-bag-design-14.webp,,,"Dispensary Bag Design #14 - Classic RX (10"" x 5"" x 1"")<br/>""<br/>""High-quality pharmacy prescription bags featuring the classic design. Strong, dependable paper bags built for everyday pharmacy and retail use.<br/>""<br/>""📦 Product Details<br/>""<br/>""Design: DS-14<br/>""<br/>""Size: 10"" x 5"" x 1""<br/>""<br/>""Quantity: 1<br/>""<br/>""Material: Durable paper<br/>""<br/>""Condition: Brand new<br/>""<br/>""Country of Manufacture: Made in the USA 🇺🇸<br/>""<br/>""🚚 Shipping<br/>""<br/>""Flat $10 shipping per case.<br/>""<br/>""Orders ship within 2 business days — most ship same or next business day.<br/>""<br/>""💼 Better Pricing Available<br/>""<br/>""Contact bagsupplyco directly for a cheaper rate — even if you are ordering just one case.<br/>""<br/>""✔ Sold as a full case only<br/>""<br/>""✔ Reliable supply for pharmacies and medical offices<br/>""<br/>""Please message with any questions.",FixedPrice,GTC,49.91,,,,,1,,United States,Flat,USPSPriority,10.00,,,2,,,ReturnsAccepted,Days_30,MoneyBack,Buyer,,,,,,,,,,,,,,,,,,,,,,,,,,
Add,DS-14,52533,,"Dispensary Bag Design #14 - #12-DS (7"" x 10"")",,,,,1000,bagsupplyco,,,,United States,https://www.bagsupplyco.com/images/catalog/smoke-shop/dispensary-bag-design-14.webp,,,"Dispensary Bag Design #14 - #12-DS (7"" x 10"")<br/>""<br/>""High-quality pharmacy prescription bags featuring the classic design. Strong, dependable paper bags built for everyday pharmacy and retail use.<br/>""<br/>""📦 Product Details<br/>""<br/>""Design: DS-14<br/>""<br/>""Size: 7"" x 10""<br/>""<br/>""Quantity: 1<br/>""<br/>""Material: Durable paper<br/>""<br/>""Condition: Brand new<br/>""<br/>""Country of Manufacture: Made in the USA 🇺🇸<br/>""<br/>""🚚 Shipping<br/>""<br/>""Flat $10 shipping per case.<br/>""<br/>""Orders ship within 2 business days — most ship same or next business day.<br/>""<br/>""💼 Better Pricing Available<br/>""<br/>""Contact bagsupplyco directly for a cheaper rate — even if you are ordering just one case.<br/>""<br/>""✔ Sold as a full case only<br/>""<br/>""✔ Reliable supply for pharmacies and medical offices<br/>""<br/>""Please message with any questions.",FixedPrice,GTC,49.91,,,,,1,,United States,Flat,USPSPriority,10.00,,,2,,,ReturnsAccepted,Days_30,MoneyBack,Buyer,,,,,,,,,,,,,,,,,,,,,,,,,,
Add,DS-15,52533,,"Dispensary Bag Design #15 - Classic RX (10"" x 5"" x 1"")",,,,,1000,bagsupplyco,,,,United States,https://www.bagsupplyco.com/images/catalog/smoke-shop/dispensary-bag-design-15.webp,,,"Dispensary Bag Design #15 - Classic RX (10"" x 5"" x 1"")<br/>""<br/>""High-quality pharmacy prescription bags featuring the classic design. Strong, dependable paper bags built for everyday pharmacy and retail use.<br/>""<br/>""📦 Product Details<br/>""<br/>""Design: DS-15<br/>""<br/>""Size: 10"" x 5"" x 1""<br/>""<br/>""Quantity: 1<br/>""<br/>""Material: Durable paper<br/>""<br/>""Condition: Brand new<br/>""<br/>""Country of Manufacture: Made in the USA 🇺🇸<br/>""<br/>""🚚 Shipping<br/>""<br/>""Flat $10 shipping per case.<br/>""<br/>""Orders ship within 2 business days — most ship same or next business day.<br/>""<br/>""💼 Better Pricing Available<br/>""<br/>""Contact bagsupplyco directly for a cheaper rate — even if you are ordering just one case.<br/>""<br/>""✔ Sold as a full case only<br/>""<br/>""✔ Reliable supply for pharmacies and medical offices<br/>""<br/>""Please message with any questions.",FixedPrice,GTC,49.91,,,,,1,,United States,Flat,USPSPriority,10.00,,,2,,,ReturnsAccepted,Days_30,MoneyBack,Buyer,,,,,,,,,,,,,,,,,,,,,,,,,,
Add,DS-15,52533,,"Dispensary Bag Design #15 - #12-DS (7"" x 10"")",,,,,1000,bagsupplyco,,,,United States,https://www.bagsupplyco.com/images/catalog/smoke-shop/dispensary-bag-design-15.webp,,,"Dispensary Bag Design #15 - #12-DS (7"" x 10"")<br/>""<br/>""High-quality pharmacy prescription bags featuring the classic design. Strong, dependable paper bags built for everyday pharmacy and retail use.<br/>""<br/>""📦 Product Details<br/>""<br/>""Design: DS-15<br/>""<br/>""Size: 7"" x 10""<br/>""<br/>""Quantity: 1<br/>""<br/>""Material: Durable paper<br/>""<br/>""Condition: Brand new<br/>""<br/>""Country of Manufacture: Made in the USA 🇺🇸<br/>""<br/>""🚚 Shipping<br/>""<br/>""Flat $10 shipping per case.<br/>""<br/>""Orders ship within 2 business days — most ship same or next business day.<br/>""<br/>""💼 Better Pricing Available<br/>""<br/>""Contact bagsupplyco directly for a cheaper rate — even if you are ordering just one case.<br/>""<br/>""✔ Sold as a full case only<br/>""<br/>""✔ Reliable supply for pharmacies and medical offices<br/>""<br/>""Please message with any questions.",FixedPrice,GTC,49.91,,,,,1,,United States,Flat,USPSPriority,10.00,,,2,,,ReturnsAccepted,Days_30,MoneyBack,Buyer,,,,,,,,,,,,,,,,,,,,,,,,,,
Add,DS-16,52533,,"Dispensary Bag Design #16 - Classic RX (10"" x 5"" x 1"")",,,,,1000,bagsupplyco,,,,United States,https://www.bagsupplyco.com/images/catalog/smoke-shop/dispensary-bag-design-16.webp,,,"Dispensary Bag Design #16 - Classic RX (10"" x 5"" x 1"")<br/>""<br/>""High-quality pharmacy prescription bags featuring the classic design. Strong, dependable paper bags built for everyday pharmacy and retail use.<br/>""<br/>""📦 Product Details<br/>""<br/>""Design: DS-16<br/>""<br/>""Size: 10"" x 5"" x 1""<br/>""<br/>""Quantity: 1<br/>""<br/>""Material: Durable paper<br/>""<br/>""Condition: Brand new<br/>""<br/>""Country of Manufacture: Made in the USA 🇺🇸<br/>""<br/>""🚚 Shipping<br/>""<br/>""Flat $10 shipping per case.<br/>""<br/>""Orders ship within 2 business days — most ship same or next business day.<br/>""<br/>""💼 Better Pricing Available<br/>""<br/>""Contact bagsupplyco directly for a cheaper rate — even if you are ordering just one case.<br/>""<br/>""✔ Sold as a full case only<br/>""<br/>""✔ Reliable supply for pharmacies and medical offices<br/>""<br/>""Please message with any questions.",FixedPrice,GTC,49.91,,,,,1,,United States,Flat,USPSPriority,10.00,,,2,,,ReturnsAccepted,Days_30,MoneyBack,Buyer,,,,,,,,,,,,,,,,,,,,,,,,,,
Add,DS-16,52533,,"Dispensary Bag Design #16 - #12-DS (7"" x 10"")",,,,,1000,bagsupplyco,,,,United States,https://www.bagsupplyco.com/images/catalog/smoke-shop/dispensary-bag-design-16.webp,,,"Dispensary Bag Design #16 - #12-DS (7"" x 10"")<br/>""<br/>""High-quality pharmacy prescription bags featuring the classic design. Strong, dependable paper bags built for everyday pharmacy and retail use.<br/>""<br/>""📦 Product Details<br/>""<br/>""Design: DS-16<br/>""<br/>""Size: 7"" x 10""<br/>""<br/>""Quantity: 1<br/>""<br/>""Material: Durable paper<br/>""<br/>""Condition: Brand new<br/>""<br/>""Country of Manufacture: Made in the USA 🇺🇸<br/>""<br/>""🚚 Shipping<br/>""<br/>""Flat $10 shipping per case.<br/>""<br/>""Orders ship within 2 business days — most ship same or next business day.<br/>""<br/>""💼 Better Pricing Available<br/>""<br/>""Contact bagsupplyco directly for a cheaper rate — even if you are ordering just one case.<br/>""<br/>""✔ Sold as a full case only<br/>""<br/>""✔ Reliable supply for pharmacies and medical offices<br/>""<br/>""Please message with any questions.",FixedPrice,GTC,49.91,,,,,1,,United States,Flat,USPSPriority,10.00,,,2,,,ReturnsAccepted,Days_30,MoneyBack,Buyer,,,,,,,,,,,,,,,,,,,,,,,,,,
Add,DS-17,52533,,"Dispensary Bag Design #17 - Classic RX (10"" x 5"" x 1"")",,,,,1000,bagsupplyco,,,,United States,https://www.bagsupplyco.com/images/catalog/smoke-shop/dispensary-bag-design-17.webp,,,"Dispensary Bag Design #17 - Classic RX (10"" x 5"" x 1"")<br/>""<br/>""High-quality pharmacy prescription bags featuring the classic design. Strong, dependable paper bags built for everyday pharmacy and retail use.<br/>""<br/>""📦 Product Details<br/>""<br/>""Design: DS-17<br/>""<br/>""Size: 10"" x 5"" x 1""<br/>""<br/>""Quantity: 1<br/>""<br/>""Material: Durable paper<br/>""<br/>""Condition: Brand new<br/>""<br/>""Country of Manufacture: Made in the USA 🇺🇸<br/>""<br/>""🚚 Shipping<br/>""<br/>""Flat $10 shipping per case.<br/>""<br/>""Orders ship within 2 business days — most ship same or next business day.<br/>""<br/>""💼 Better Pricing Available<br/>""<br/>""Contact bagsupplyco directly for a cheaper rate — even if you are ordering just one case.<br/>""<br/>""✔ Sold as a full case only<br/>""<br/>""✔ Reliable supply for pharmacies and medical offices<br/>""<br/>""Please message with any questions.",FixedPrice,GTC,49.91,,,,,1,,United States,Flat,USPSPriority,10.00,,,2,,,ReturnsAccepted,Days_30,MoneyBack,Buyer,,,,,,,,,,,,,,,,,,,,,,,,,,
Add,DS-17,52533,,"Dispensary Bag Design #17 - #12-DS (7"" x 10"")",,,,,1000,bagsupplyco,,,,United States,https://www.bagsupplyco.com/images/catalog/smoke-shop/dispensary-bag-design-17.webp,,,"Dispensary Bag Design #17 - #12-DS (7"" x 10"")<br/>""<br/>""High-quality pharmacy prescription bags featuring the classic design. Strong, dependable paper bags built for everyday pharmacy and retail use.<br/>""<br/>""📦 Product Details<br/>""<br/>""Design: DS-17<br/>""<br/>""Size: 7"" x 10""<br/>""<br/>""Quantity: 1<br/>""<br/>""Material: Durable paper<br/>""<br/>""Condition: Brand new<br/>""<br/>""Country of Manufacture: Made in the USA 🇺🇸<br/>""<br/>""🚚 Shipping<br/>""<br/>""Flat $10 shipping per case.<br/>""<br/>""Orders ship within 2 business days — most ship same or next business day.<br/>""<br/>""💼 Better Pricing Available<br/>""<br/>""Contact bagsupplyco directly for a cheaper rate — even if you are ordering just one case.<br/>""<br/>""✔ Sold as a full case only<br/>""<br/>""✔ Reliable supply for pharmacies and medical offices<br/>""<br/>""Please message with any questions.",FixedPrice,GTC,49.91,,,,,1,,United States,Flat,USPSPriority,10.00,,,2,,,ReturnsAccepted,Days_30,MoneyBack,Buyer,,,,,,,,,,,,,,,,,,,,,,,,,,
Add,DS-18,52533,,"Dispensary Bag Design #18 - Classic RX (10"" x 5"" x 1"")",,,,,1000,bagsupplyco,,,,United States,https://www.bagsupplyco.com/images/catalog/smoke-shop/dispensary-bag-design-18.webp,,,"Dispensary Bag Design #18 - Classic RX (10"" x 5"" x 1"")<br/>""<br/>""High-quality pharmacy prescription bags featuring the classic design. Strong, dependable paper bags built for everyday pharmacy and retail use.<br/>""<br/>""📦 Product Details<br/>""<br/>""Design: DS-18<br/>""<br/>""Size: 10"" x 5"" x 1""<br/>""<br/>""Quantity: 1<br/>""<br/>""Material: Durable paper<br/>""<br/>""Condition: Brand new<br/>""<br/>""Country of Manufacture: Made in the USA 🇺🇸<br/>""<br/>""🚚 Shipping<br/>""<br/>""Flat $10 shipping per case.<br/>""<br/>""Orders ship within 2 business days — most ship same or next business day.<br/>""<br/>""💼 Better Pricing Available<br/>""<br/>""Contact bagsupplyco directly for a cheaper rate — even if you are ordering just one case.<br/>""<br/>""✔ Sold as a full case only<br/>""<br/>""✔ Reliable supply for pharmacies and medical offices<br/>""<br/>""Please message with any questions.",FixedPrice,GTC,49.91,,,,,1,,United States,Flat,USPSPriority,10.00,,,2,,,ReturnsAccepted,Days_30,MoneyBack,Buyer,,,,,,,,,,,,,,,,,,,,,,,,,,
Add,DS-18,52533,,"Dispensary Bag Design #18 - #12-DS (7"" x 10"")",,,,,1000,bagsupplyco,,,,United States,https://www.bagsupplyco.com/images/catalog/smoke-shop/dispensary-bag-design-18.webp,,,"Dispensary Bag Design #18 - #12-DS (7"" x 10"")<br/>""<br/>""High-quality pharmacy prescription bags featuring the classic design. Strong, dependable paper bags built for everyday pharmacy and retail use.<br/>""<br/>""📦 Product Details<br/>""<br/>""Design: DS-18<br/>""<br/>""Size: 7"" x 10""<br/>""<br/>""Quantity: 1<br/>""<br/>""Material: Durable paper<br/>""<br/>""Condition: Brand new<br/>""<br/>""Country of Manufacture: Made in the USA 🇺🇸<br/>""<br/>""🚚 Shipping<br/>""<br/>""Flat $10 shipping per case.<br/>""<br/>""Orders ship within 2 business days — most ship same or next business day.<br/>""<br/>""💼 Better Pricing Available<br/>""<br/>""Contact bagsupplyco directly for a cheaper rate — even if you are ordering just one case.<br/>""<br/>""✔ Sold as a full case only<br/>""<br/>""✔ Reliable supply for pharmacies and medical offices<br/>""<br/>""Please message with any questions.",FixedPrice,GTC,49.91,,,,,1,,United States,Flat,USPSPriority,10.00,,,2,,,ReturnsAccepted,Days_30,MoneyBack,Buyer,,,,,,,,,,,,,,,,,,,,,,,,,,
Add,DS-19,52533,,"Dispensary Bag Design #19 - Classic RX (10"" x 5"" x 1"")",,,,,1000,bagsupplyco,,,,United States,https://www.bagsupplyco.com/images/catalog/smoke-shop/dispensary-bag-design-19.webp,,,"Dispensary Bag Design #19 - Classic RX (10"" x 5"" x 1"")<br/>""<br/>""High-quality pharmacy prescription bags featuring the classic design. Strong, dependable paper bags built for everyday pharmacy and retail use.<br/>""<br/>""📦 Product Details<br/>""<br/>""Design: DS-19<br/>""<br/>""Size: 10"" x 5"" x 1""<br/>""<br/>""Quantity: 1<br/>""<br/>""Material: Durable paper<br/>""<br/>""Condition: Brand new<br/>""<br/>""Country of Manufacture: Made in the USA 🇺🇸<br/>""<br/>""🚚 Shipping<br/>""<br/>""Flat $10 shipping per case.<br/>""<br/>""Orders ship within 2 business days — most ship same or next business day.<br/>""<br/>""💼 Better Pricing Available<br/>""<br/>""Contact bagsupplyco directly for a cheaper rate — even if you are ordering just one case.<br/>""<br/>""✔ Sold as a full case only<br/>""<br/>""✔ Reliable supply for pharmacies and medical offices<br/>""<br/>""Please message with any questions.",FixedPrice,GTC,49.91,,,,,1,,United States,Flat,USPSPriority,10.00,,,2,,,ReturnsAccepted,Days_30,MoneyBack,Buyer,,,,,,,,,,,,,,,,,,,,,,,,,,
Add,DS-19,52533,,"Dispensary Bag Design #19 - #12-DS (7"" x 10"")",,,,,1000,bagsupplyco,,,,United States,https://www.bagsupplyco.com/images/catalog/smoke-shop/dispensary-bag-design-19.webp,,,"Dispensary Bag Design #19 - #12-DS (7"" x 10"")<br/>""<br/>""High-quality pharmacy prescription bags featuring the classic design. Strong, dependable paper bags built for everyday pharmacy and retail use.<br/>""<br/>""📦 Product Details<br/>""<br/>""Design: DS-19<br/>""<br/>""Size: 7"" x 10""<br/>""<br/>""Quantity: 1<br/>""<br/>""Material: Durable paper<br/>""<br/>""Condition: Brand new<br/>""<br/>""Country of Manufacture: Made in the USA 🇺🇸<br/>""<br/>""🚚 Shipping<br/>""<br/>""Flat $10 shipping per case.<br/>""<br/>""Orders ship within 2 business days — most ship same or next business day.<br/>""<br/>""💼 Better Pricing Available<br/>""<br/>""Contact bagsupplyco directly for a cheaper rate — even if you are ordering just one case.<br/>""<br/>""✔ Sold as a full case only<br/>""<br/>""✔ Reliable supply for pharmacies and medical offices<br/>""<br/>""Please message with any questions.",FixedPrice,GTC,49.91,,,,,1,,United States,Flat,USPSPriority,10.00,,,2,,,ReturnsAccepted,Days_30,MoneyBack,Buyer,,,,,,,,,,,,,,,,,,,,,,,,,,
Add,DS-20,52533,,"Dispensary Bag Design #20 - Classic RX (10"" x 5"" x 1"")",,,,,1000,bagsupplyco,,,,United States,https://www.bagsupplyco.com/images/catalog/smoke-shop/dispensary-bag-design-20.webp,,,"Dispensary Bag Design #20 - Classic RX (10"" x 5"" x 1"")<br/>""<br/>""High-quality pharmacy prescription bags featuring the classic design. Strong, dependable paper bags built for everyday pharmacy and retail use.<br/>""<br/>""📦 Product Details<br/>""<br/>""Design: DS-20<br/>""<br/>""Size: 10"" x 5"" x 1""<br/>""<br/>""Quantity: 1<br/>""<br/>""Material: Durable paper<br/>""<br/>""Condition: Brand new<br/>""<br/>""Country of Manufacture: Made in the USA 🇺🇸<br/>""<br/>""🚚 Shipping<br/>""<br/>""Flat $10 shipping per case.<br/>""<br/>""Orders ship within 2 business days — most ship same or next business day.<br/>""<br/>""💼 Better Pricing Available<br/>""<br/>""Contact bagsupplyco directly for a cheaper rate — even if you are ordering just one case.<br/>""<br/>""✔ Sold as a full case only<br/>""<br/>""✔ Reliable supply for pharmacies and medical offices<br/>""<br/>""Please message with any questions.",FixedPrice,GTC,49.91,,,,,1,,United States,Flat,USPSPriority,10.00,,,2,,,ReturnsAccepted,Days_30,MoneyBack,Buyer,,,,,,,,,,,,,,,,,,,,,,,,,,
Add,DS-20,52533,,"Dispensary Bag Design #20 - #12-DS (7"" x 10"")",,,,,1000,bagsupplyco,,,,United States,https://www.bagsupplyco.com/images/catalog/smoke-shop/dispensary-bag-design-20.webp,,,"Dispensary Bag Design #20 - #12-DS (7"" x 10"")<br/>""<br/>""High-quality pharmacy prescription bags featuring the classic design. Strong, dependable paper bags built for everyday pharmacy and retail use.<br/>""<br/>""📦 Product Details<br/>""<br/>""Design: DS-20<br/>""<br/>""Size: 7"" x 10""<br/>""<br/>""Quantity: 1<br/>""<br/>""Material: Durable paper<br/>""<br/>""Condition: Brand new<br/>""<br/>""Country of Manufacture: Made in the USA 🇺🇸<br/>""<br/>""🚚 Shipping<br/>""<br/>""Flat $10 shipping per case.<br/>""<br/>""Orders ship within 2 business days — most ship same or next business day.<br/>""<br/>""💼 Better Pricing Available<br/>""<br/>""Contact bagsupplyco directly for a cheaper rate — even if you are ordering just one case.<br/>""<br/>""✔ Sold as a full case only<br/>""<br/>""✔ Reliable supply for pharmacies and medical offices<br/>""<br/>""Please message with any questions.",FixedPrice,GTC,49.91,,,,,1,,United States,Flat,USPSPriority,10.00,,,2,,,ReturnsAccepted,Days_30,MoneyBack,Buyer,,,,,,,,,,,,,,,,,,,,,,,,,,
Add,DS-21,52533,,"Dispensary Bag Design #21 - Classic RX (10"" x 5"" x 1"")",,,,,1000,bagsupplyco,,,,United States,https://www.bagsupplyco.com/images/catalog/smoke-shop/dispensary-bag-design-21.webp,,,"Dispensary Bag Design #21 - Classic RX (10"" x 5"" x 1"")<br/>""<br/>""High-quality pharmacy prescription bags featuring the classic design. Strong, dependable paper bags built for everyday pharmacy and retail use.<br/>""<br/>""📦 Product Details<br/>""<br/>""Design: DS-21<br/>""<br/>""Size: 10"" x 5"" x 1""<br/>""<br/>""Quantity: 1<br/>""<br/>""Material: Durable paper<br/>""<br/>""Condition: Brand new<br/>""<br/>""Country of Manufacture: Made in the USA 🇺🇸<br/>""<br/>""🚚 Shipping<br/>""<br/>""Flat $10 shipping per case.<br/>""<br/>""Orders ship within 2 business days — most ship same or next business day.<br/>""<br/>""💼 Better Pricing Available<br/>""<br/>""Contact bagsupplyco directly for a cheaper rate — even if you are ordering just one case.<br/>""<br/>""✔ Sold as a full case only<br/>""<br/>""✔ Reliable supply for pharmacies and medical offices<br/>""<br/>""Please message with any questions.",FixedPrice,GTC,49.91,,,,,1,,United States,Flat,USPSPriority,10.00,,,2,,,ReturnsAccepted,Days_30,MoneyBack,Buyer,,,,,,,,,,,,,,,,,,,,,,,,,,
Add,DS-21,52533,,"Dispensary Bag Design #21 - #12-DS (7"" x 10"")",,,,,1000,bagsupplyco,,,,United States,https://www.bagsupplyco.com/images/catalog/smoke-shop/dispensary-bag-design-21.webp,,,"Dispensary Bag Design #21 - #12-DS (7"" x 10"")<br/>""<br/>""High-quality pharmacy prescription bags featuring the classic design. Strong, dependable paper bags built for everyday pharmacy and retail use.<br/>""<br/>""📦 Product Details<br/>""<br/>""Design: DS-21<br/>""<br/>""Size: 7"" x 10""<br/>""<br/>""Quantity: 1<br/>""<br/>""Material: Durable paper<br/>""<br/>""Condition: Brand new<br/>""<br/>""Country of Manufacture: Made in the USA 🇺🇸<br/>""<br/>""🚚 Shipping<br/>""<br/>""Flat $10 shipping per case.<br/>""<br/>""Orders ship within 2 business days — most ship same or next business day.<br/>""<br/>""💼 Better Pricing Available<br/>""<br/>""Contact bagsupplyco directly for a cheaper rate — even if you are ordering just one case.<br/>""<br/>""✔ Sold as a full case only<br/>""<br/>""✔ Reliable supply for pharmacies and medical offices<br/>""<br/>""Please message with any questions.",FixedPrice,GTC,49.91,,,,,1,,United States,Flat,USPSPriority,10.00,,,2,,,ReturnsAccepted,Days_30,MoneyBack,Buyer,,,,,,,,,,,,,,,,,,,,,,,,,,
Add,DS-22,52533,,"Dispensary Bag Design #22 - Classic RX (10"" x 5"" x 1"")",,,,,1000,bagsupplyco,,,,United States,https://www.bagsupplyco.com/images/catalog/smoke-shop/dispensary-bag-design-22.webp,,,"Dispensary Bag Design #22 - Classic RX (10"" x 5"" x 1"")<br/>""<br/>""High-quality pharmacy prescription bags featuring the classic design. Strong, dependable paper bags built for everyday pharmacy and retail use.<br/>""<br/>""📦 Product Details<br/>""<br/>""Design: DS-22<br/>""<br/>""Size: 10"" x 5"" x 1""<br/>""<br/>""Quantity: 1<br/>""<br/>""Material: Durable paper<br/>""<br/>""Condition: Brand new<br/>""<br/>""Country of Manufacture: Made in the USA 🇺🇸<br/>""<br/>""🚚 Shipping<br/>""<br/>""Flat $10 shipping per case.<br/>""<br/>""Orders ship within 2 business days — most ship same or next business day.<br/>""<br/>""💼 Better Pricing Available<br/>""<br/>""Contact bagsupplyco directly for a cheaper rate — even if you are ordering just one case.<br/>""<br/>""✔ Sold as a full case only<br/>""<br/>""✔ Reliable supply for pharmacies and medical offices<br/>""<br/>""Please message with any questions.",FixedPrice,GTC,49.91,,,,,1,,United States,Flat,USPSPriority,10.00,,,2,,,ReturnsAccepted,Days_30,MoneyBack,Buyer,,,,,,,,,,,,,,,,,,,,,,,,,,
Add,DS-22,52533,,"Dispensary Bag Design #22 - #12-DS (7"" x 10"")",,,,,1000,bagsupplyco,,,,United States,https://www.bagsupplyco.com/images/catalog/smoke-shop/dispensary-bag-design-22.webp,,,"Dispensary Bag Design #22 - #12-DS (7"" x 10"")<br/>""<br/>""High-quality pharmacy prescription bags featuring the classic design. Strong, dependable paper bags built for everyday pharmacy and retail use.<br/>""<br/>""📦 Product Details<br/>""<br/>""Design: DS-22<br/>""<br/>""Size: 7"" x 10""<br/>""<br/>""Quantity: 1<br/>""<br/>""Material: Durable paper<br/>""<br/>""Condition: Brand new<br/>""<br/>""Country of Manufacture: Made in the USA 🇺🇸<br/>""<br/>""🚚 Shipping<br/>""<br/>""Flat $10 shipping per case.<br/>""<br/>""Orders ship within 2 business days — most ship same or next business day.<br/>""<br/>""💼 Better Pricing Available<br/>""<br/>""Contact bagsupplyco directly for a cheaper rate — even if you are ordering just one case.<br/>""<br/>""✔ Sold as a full case only<br/>""<br/>""✔ Reliable supply for pharmacies and medical offices<br/>""<br/>""Please message with any questions.",FixedPrice,GTC,49.91,,,,,1,,United States,Flat,USPSPriority,10.00,,,2,,,ReturnsAccepted,Days_30,MoneyBack,Buyer,,,,,,,,,,,,,,,,,,,,,,,,,,
Add,DS-23,52533,,"Dispensary Bag Design #23 - Classic RX (10"" x 5"" x 1"")",,,,,1000,bagsupplyco,,,,United States,https://www.bagsupplyco.com/images/catalog/smoke-shop/dispensary-bag-design-23.webp,,,"Dispensary Bag Design #23 - Classic RX (10"" x 5"" x 1"")<br/>""<br/>""High-quality pharmacy prescription bags featuring the classic design. Strong, dependable paper bags built for everyday pharmacy and retail use.<br/>""<br/>""📦 Product Details<br/>""<br/>""Design: DS-23<br/>""<br/>""Size: 10"" x 5"" x 1""<br/>""<br/>""Quantity: 1<br/>""<br/>""Material: Durable paper<br/>""<br/>""Condition: Brand new<br/>""<br/>""Country of Manufacture: Made in the USA 🇺🇸<br/>""<br/>""🚚 Shipping<br/>""<br/>""Flat $10 shipping per case.<br/>""<br/>""Orders ship within 2 business days — most ship same or next business day.<br/>""<br/>""💼 Better Pricing Available<br/>""<br/>""Contact bagsupplyco directly for a cheaper rate — even if you are ordering just one case.<br/>""<br/>""✔ Sold as a full case only<br/>""<br/>""✔ Reliable supply for pharmacies and medical offices<br/>""<br/>""Please message with any questions.",FixedPrice,GTC,49.91,,,,,1,,United States,Flat,USPSPriority,10.00,,,2,,,ReturnsAccepted,Days_30,MoneyBack,Buyer,,,,,,,,,,,,,,,,,,,,,,,,,,
Add,DS-23,52533,,"Dispensary Bag Design #23 - #12-DS (7"" x 10"")",,,,,1000,bagsupplyco,,,,United States,https://www.bagsupplyco.com/images/catalog/smoke-shop/dispensary-bag-design-23.webp,,,"Dispensary Bag Design #23 - #12-DS (7"" x 10"")<br/>""<br/>""High-quality pharmacy prescription bags featuring the classic design. Strong, dependable paper bags built for everyday pharmacy and retail use.<br/>""<br/>""📦 Product Details<br/>""<br/>""Design: DS-23<br/>""<br/>""Size: 7"" x 10""<br/>""<br/>""Quantity: 1<br/>""<br/>""Material: Durable paper<br/>""<br/>""Condition: Brand new<br/>""<br/>""Country of Manufacture: Made in the USA 🇺🇸<br/>""<br/>""🚚 Shipping<br/>""<br/>""Flat $10 shipping per case.<br/>""<br/>""Orders ship within 2 business days — most ship same or next business day.<br/>""<br/>""💼 Better Pricing Available<br/>""<br/>""Contact bagsupplyco directly for a cheaper rate — even if you are ordering just one case.<br/>""<br/>""✔ Sold as a full case only<br/>""<br/>""✔ Reliable supply for pharmacies and medical offices<br/>""<br/>""Please message with any questions.",FixedPrice,GTC,49.91,,,,,1,,United States,Flat,USPSPriority,10.00,,,2,,,ReturnsAccepted,Days_30,MoneyBack,Buyer,,,,,,,,,,,,,,,,,,,,,,,,,,
Add,DS-24,52533,,"Dispensary Bag Design #24 - Classic RX (10"" x 5"" x 1"")",,,,,1000,bagsupplyco,,,,United States,https://www.bagsupplyco.com/images/catalog/smoke-shop/dispensary-bag-design-24.webp,,,"Dispensary Bag Design #24 - Classic RX (10"" x 5"" x 1"")<br/>""<br/>""High-quality pharmacy prescription bags featuring the classic design. Strong, dependable paper bags built for everyday pharmacy and retail use.<br/>""<br/>""📦 Product Details<br/>""<br/>""Design: DS-24<br/>""<br/>""Size: 10"" x 5"" x 1""<br/>""<br/>""Quantity: 1<br/>""<br/>""Material: Durable paper<br/>""<br/>""Condition: Brand new<br/>""<br/>""Country of Manufacture: Made in the USA 🇺🇸<br/>""<br/>""🚚 Shipping<br/>""<br/>""Flat $10 shipping per case.<br/>""<br/>""Orders ship within 2 business days — most ship same or next business day.<br/>""<br/>""💼 Better Pricing Available<br/>""<br/>""Contact bagsupplyco directly for a cheaper rate — even if you are ordering just one case.<br/>""<br/>""✔ Sold as a full case only<br/>""<br/>""✔ Reliable supply for pharmacies and medical offices<br/>""<br/>""Please message with any questions.",FixedPrice,GTC,49.91,,,,,1,,United States,Flat,USPSPriority,10.00,,,2,,,ReturnsAccepted,Days_30,MoneyBack,Buyer,,,,,,,,,,,,,,,,,,,,,,,,,,
Add,DS-24,52533,,"Dispensary Bag Design #24 - #12-DS (7"" x 10"")",,,,,1000,bagsupplyco,,,,United States,https://www.bagsupplyco.com/images/catalog/smoke-shop/dispensary-bag-design-24.webp,,,"Dispensary Bag Design #24 - #12-DS (7"" x 10"")<br/>""<br/>""High-quality pharmacy prescription bags featuring the classic design. Strong, dependable paper bags built for everyday pharmacy and retail use.<br/>""<br/>""📦 Product Details<br/>""<br/>""Design: DS-24<br/>""<br/>""Size: 7"" x 10""<br/>""<br/>""Quantity: 1<br/>""<br/>""Material: Durable paper<br/>""<br/>""Condition: Brand new<br/>""<br/>""Country of Manufacture: Made in the USA 🇺🇸<br/>""<br/>""🚚 Shipping<br/>""<br/>""Flat $10 shipping per case.<br/>""<br/>""Orders ship within 2 business days — most ship same or next business day.<br/>""<br/>""💼 Better Pricing Available<br/>""<br/>""Contact bagsupplyco directly for a cheaper rate — even if you are ordering just one case.<br/>""<br/>""✔ Sold as a full case only<br/>""<br/>""✔ Reliable supply for pharmacies and medical offices<br/>""<br/>""Please message with any questions.",FixedPrice,GTC,49.91,,,,,1,,United States,Flat,USPSPriority,10.00,,,2,,,ReturnsAccepted,Days_30,MoneyBack,Buyer,,,,,,,,,,,,,,,,,,,,,,,,,,
Add,FC1C,52533,,"Full-Custom, 1-Color Bags - #21 (3.5"" x 1.5"" x 10"")",,,,,1000,bagsupplyco,,,,United States,https://www.bagsupplyco.com/catalog/custom/1-color/CBC-22-FC1C.webp,,,"Full-Custom, 1-Color Bags - #21 (3.5"" x 1.5"" x 10"")<br/>""<br/>""High-quality pharmacy prescription bags featuring the classic design. Strong, dependable paper bags built for everyday pharmacy and retail use.<br/>""<br/>""📦 Product Details<br/>""<br/>""Design: FC1C<br/>""<br/>""Size: 3.5"" x 1.5"" x 10""<br/>""<br/>""Quantity: 1<br/>""<br/>""Material: Durable paper<br/>""<br/>""Condition: Brand new<br/>""<br/>""Country of Manufacture: Made in the USA 🇺🇸<br/>""<br/>""🚚 Shipping<br/>""<br/>""Flat $10 shipping per case.<br/>""<br/>""Orders ship within 2 business days — most ship same or next business day.<br/>""<br/>""💼 Better Pricing Available<br/>""<br/>""Contact bagsupplyco directly for a cheaper rate — even if you are ordering just one case.<br/>""<br/>""✔ Sold as a full case only<br/>""<br/>""✔ Reliable supply for pharmacies and medical offices<br/>""<br/>""Please message with any questions.",FixedPrice,GTC,109.89,,,,,1,,United States,Flat,USPSPriority,10.00,,,2,,,ReturnsAccepted,Days_30,MoneyBack,Buyer,,,,,,,,,,,,,,,,,,,,,,,,,,
Add,FC1C,52533,,"Full-Custom, 1-Color Bags - #22 (4.5"" x 2.25"" x 11"")",,,,,1000,bagsupplyco,,,,United States,https://www.bagsupplyco.com/catalog/custom/1-color/CBC-22-FC1C.webp,,,"Full-Custom, 1-Color Bags - #22 (4.5"" x 2.25"" x 11"")<br/>""<br/>""High-quality pharmacy prescription bags featuring the classic design. Strong, dependable paper bags built for everyday pharmacy and retail use.<br/>""<br/>""📦 Product Details<br/>""<br/>""Design: FC1C<br/>""<br/>""Size: 4.5"" x 2.25"" x 11""<br/>""<br/>""Quantity: 1<br/>""<br/>""Material: Durable paper<br/>""<br/>""Condition: Brand new<br/>""<br/>""Country of Manufacture: Made in the USA 🇺🇸<br/>""<br/>""🚚 Shipping<br/>""<br/>""Flat $10 shipping per case.<br/>""<br/>""Orders ship within 2 business days — most ship same or next business day.<br/>""<br/>""💼 Better Pricing Available<br/>""<br/>""Contact bagsupplyco directly for a cheaper rate — even if you are ordering just one case.<br/>""<br/>""✔ Sold as a full case only<br/>""<br/>""✔ Reliable supply for pharmacies and medical offices<br/>""<br/>""Please message with any questions.",FixedPrice,GTC,137.77,,,,,1,,United States,Flat,USPSPriority,10.00,,,2,,,ReturnsAccepted,Days_30,MoneyBack,Buyer,,,,,,,,,,,,,,,,,,,,,,,,,,
Add,FC1C,52533,,"Full-Custom, 1-Color Bags - #23 (5"" x 2"" x 10"")",,,,,1000,bagsupplyco,,,,United States,https://www.bagsupplyco.com/catalog/custom/1-color/CBC-22-FC1C.webp,,,"Full-Custom, 1-Color Bags - #23 (5"" x 2"" x 10"")<br/>""<br/>""High-quality pharmacy prescription bags featuring the classic design. Strong, dependable paper bags built for everyday pharmacy and retail use.<br/>""<br/>""📦 Product Details<br/>""<br/>""Design: FC1C<br/>""<br/>""Size: 5"" x 2"" x 10""<br/>""<br/>""Quantity: 1<br/>""<br/>""Material: Durable paper<br/>""<br/>""Condition: Brand new<br/>""<br/>""Country of Manufacture: Made in the USA 🇺🇸<br/>""<br/>""🚚 Shipping<br/>""<br/>""Flat $10 shipping per case.<br/>""<br/>""Orders ship within 2 business days — most ship same or next business day.<br/>""<br/>""💼 Better Pricing Available<br/>""<br/>""Contact bagsupplyco directly for a cheaper rate — even if you are ordering just one case.<br/>""<br/>""✔ Sold as a full case only<br/>""<br/>""✔ Reliable supply for pharmacies and medical offices<br/>""<br/>""Please message with any questions.",FixedPrice,GTC,135.01,,,,,1,,United States,Flat,USPSPriority,10.00,,,2,,,ReturnsAccepted,Days_30,MoneyBack,Buyer,,,,,,,,,,,,,,,,,,,,,,,,,,
Add,FC1C,52533,,"Full-Custom, 1-Color Bags - #25 (6"" x 4"" x 11"")",,,,,1000,bagsupplyco,,,,United States,https://www.bagsupplyco.com/catalog/custom/1-color/CBC-22-FC1C.webp,,,"Full-Custom, 1-Color Bags - #25 (6"" x 4"" x 11"")<br/>""<br/>""High-quality pharmacy prescription bags featuring the classic design. Strong, dependable paper bags built for everyday pharmacy and retail use.<br/>""<br/>""📦 Product Details<br/>""<br/>""Design: FC1C<br/>""<br/>""Size: 6"" x 4"" x 11""<br/>""<br/>""Quantity: 1<br/>""<br/>""Material: Durable paper<br/>""<br/>""Condition: Brand new<br/>""<br/>""Country of Manufacture: Made in the USA 🇺🇸<br/>""<br/>""🚚 Shipping<br/>""<br/>""Flat $10 shipping per case.<br/>""<br/>""Orders ship within 2 business days — most ship same or next business day.<br/>""<br/>""💼 Better Pricing Available<br/>""<br/>""Contact bagsupplyco directly for a cheaper rate — even if you are ordering just one case.<br/>""<br/>""✔ Sold as a full case only<br/>""<br/>""✔ Reliable supply for pharmacies and medical offices<br/>""<br/>""Please message with any questions.",FixedPrice,GTC,153.04,,,,,1,,United States,Flat,USPSPriority,10.00,,,2,,,ReturnsAccepted,Days_30,MoneyBack,Buyer,,,,,,,,,,,,,,,,,,,,,,,,,,
Add,FC1C,52533,,"Full-Custom, 1-Color Bags - #26 (7"" x 4"" x 14"")",,,,,1000,bagsupplyco,,,,United States,https://www.bagsupplyco.com/catalog/custom/1-color/CBC-22-FC1C.webp,,,"Full-Custom, 1-Color Bags - #26 (7"" x 4"" x 14"")<br/>""<br/>""High-quality pharmacy prescription bags featuring the classic design. Strong, dependable paper bags built for everyday pharmacy and retail use.<br/>""<br/>""📦 Product Details<br/>""<br/>""Design: FC1C<br/>""<br/>""Size: 7"" x 4"" x 14""<br/>""<br/>""Quantity: 1<br/>""<br/>""Material: Durable paper<br/>""<br/>""Condition: Brand new<br/>""<br/>""Country of Manufacture: Made in the USA 🇺🇸<br/>""<br/>""🚚 Shipping<br/>""<br/>""Flat $10 shipping per case.<br/>""<br/>""Orders ship within 2 business days — most ship same or next business day.<br/>""<br/>""💼 Better Pricing Available<br/>""<br/>""Contact bagsupplyco directly for a cheaper rate — even if you are ordering just one case.<br/>""<br/>""✔ Sold as a full case only<br/>""<br/>""✔ Reliable supply for pharmacies and medical offices<br/>""<br/>""Please message with any questions.",FixedPrice,GTC,117.63,,,,,1,,United States,Flat,USPSPriority,10.00,,,2,,,ReturnsAccepted,Days_30,MoneyBack,Buyer,,,,,,,,,,,,,,,,,,,,,,,,,,
Add,FC1C,52533,,"Full-Custom, 1-Color Bags - #28 (8"" x 5"" x 17"")",,,,,1000,bagsupplyco,,,,United States,https://www.bagsupplyco.com/catalog/custom/1-color/CBC-22-FC1C.webp,,,"Full-Custom, 1-Color Bags - #28 (8"" x 5"" x 17"")<br/>""<br/>""High-quality pharmacy prescription bags featuring the classic design. Strong, dependable paper bags built for everyday pharmacy and retail use.<br/>""<br/>""📦 Product Details<br/>""<br/>""Design: FC1C<br/>""<br/>""Size: 8"" x 5"" x 17""<br/>""<br/>""Quantity: 1<br/>""<br/>""Material: Durable paper<br/>""<br/>""Condition: Brand new<br/>""<br/>""Country of Manufacture: Made in the USA 🇺🇸<br/>""<br/>""🚚 Shipping<br/>""<br/>""Flat $10 shipping per case.<br/>""<br/>""Orders ship within 2 business days — most ship same or next business day.<br/>""<br/>""💼 Better Pricing Available<br/>""<br/>""Contact bagsupplyco directly for a cheaper rate — even if you are ordering just one case.<br/>""<br/>""✔ Sold as a full case only<br/>""<br/>""✔ Reliable supply for pharmacies and medical offices<br/>""<br/>""Please message with any questions.",FixedPrice,GTC,128.91,,,,,1,,United States,Flat,USPSPriority,10.00,,,2,,,ReturnsAccepted,Days_30,MoneyBack,Buyer,,,,,,,,,,,,,,,,,,,,,,,,,,
Add,FC1C,52533,,"Full-Custom, 1-Color Bags - #12 (7"" x 10"")",,,,,1000,bagsupplyco,,,,United States,https://www.bagsupplyco.com/catalog/custom/1-color/CBC-22-FC1C.webp,,,"Full-Custom, 1-Color Bags - #12 (7"" x 10"")<br/>""<br/>""High-quality pharmacy prescription bags featuring the classic design. Strong, dependable paper bags built for everyday pharmacy and retail use.<br/>""<br/>""📦 Product Details<br/>""<br/>""Design: FC1C<br/>""<br/>""Size: 7"" x 10""<br/>""<br/>""Quantity: 1<br/>""<br/>""Material: Durable paper<br/>""<br/>""Condition: Brand new<br/>""<br/>""Country of Manufacture: Made in the USA 🇺🇸<br/>""<br/>""🚚 Shipping<br/>""<br/>""Flat $10 shipping per case.<br/>""<br/>""Orders ship within 2 business days — most ship same or next business day.<br/>""<br/>""💼 Better Pricing Available<br/>""<br/>""Contact bagsupplyco directly for a cheaper rate — even if you are ordering just one case.<br/>""<br/>""✔ Sold as a full case only<br/>""<br/>""✔ Reliable supply for pharmacies and medical offices<br/>""<br/>""Please message with any questions.",FixedPrice,GTC,132.65,,,,,1,,United States,Flat,USPSPriority,10.00,,,2,,,ReturnsAccepted,Days_30,MoneyBack,Buyer,,,,,,,,,,,,,,,,,,,,,,,,,,
Add,FC1C,52533,,"Full-Custom, 1-Color Bags - #14 (9"" x 11"")",,,,,1000,bagsupplyco,,,,United States,https://www.bagsupplyco.com/catalog/custom/1-color/CBC-22-FC1C.webp,,,"Full-Custom, 1-Color Bags - #14 (9"" x 11"")<br/>""<br/>""High-quality pharmacy prescription bags featuring the classic design. Strong, dependable paper bags built for everyday pharmacy and retail use.<br/>""<br/>""📦 Product Details<br/>""<br/>""Design: FC1C<br/>""<br/>""Size: 9"" x 11""<br/>""<br/>""Quantity: 1<br/>""<br/>""Material: Durable paper<br/>""<br/>""Condition: Brand new<br/>""<br/>""Country of Manufacture: Made in the USA 🇺🇸<br/>""<br/>""🚚 Shipping<br/>""<br/>""Flat $10 shipping per case.<br/>""<br/>""Orders ship within 2 business days — most ship same or next business day.<br/>""<br/>""💼 Better Pricing Available<br/>""<br/>""Contact bagsupplyco directly for a cheaper rate — even if you are ordering just one case.<br/>""<br/>""✔ Sold as a full case only<br/>""<br/>""✔ Reliable supply for pharmacies and medical offices<br/>""<br/>""Please message with any questions.",FixedPrice,GTC,114.63,,,,,1,,United States,Flat,USPSPriority,10.00,,,2,,,ReturnsAccepted,Days_30,MoneyBack,Buyer,,,,,,,,,,,,,,,,,,,,,,,,,,
Add,FC1C,52533,,"Full-Custom, 1-Color Bags - #15 (8.5"" x 3.5"" x 14.5"")",,,,,1000,bagsupplyco,,,,United States,https://www.bagsupplyco.com/catalog/custom/1-color/CBC-22-FC1C.webp,,,"Full-Custom, 1-Color Bags - #15 (8.5"" x 3.5"" x 14.5"")<br/>""<br/>""High-quality pharmacy prescription bags featuring the classic design. Strong, dependable paper bags built for everyday pharmacy and retail use.<br/>""<br/>""📦 Product Details<br/>""<br/>""Design: FC1C<br/>""<br/>""Size: 8.5"" x 3.5"" x 14.5""<br/>""<br/>""Quantity: 1<br/>""<br/>""Material: Durable paper<br/>""<br/>""Condition: Brand new<br/>""<br/>""Country of Manufacture: Made in the USA 🇺🇸<br/>""<br/>""🚚 Shipping<br/>""<br/>""Flat $10 shipping per case.<br/>""<br/>""Orders ship within 2 business days — most ship same or next business day.<br/>""<br/>""💼 Better Pricing Available<br/>""<br/>""Contact bagsupplyco directly for a cheaper rate — even if you are ordering just one case.<br/>""<br/>""✔ Sold as a full case only<br/>""<br/>""✔ Reliable supply for pharmacies and medical offices<br/>""<br/>""Please message with any questions.",FixedPrice,GTC,110.15,,,,,1,,United States,Flat,USPSPriority,10.00,,,2,,,ReturnsAccepted,Days_30,MoneyBack,Buyer,,,,,,,,,,,,,,,,,,,,,,,,,,
Add,FC2C,52533,,"Full-Custom, 2-Color Bags - #21 (3.5"" x 1.5"" x 10"")",,,,,1000,bagsupplyco,,,,United States,https://www.bagsupplyco.com/catalog/custom/2-color/CBC-22-FC2C.webp,,,"Full-Custom, 2-Color Bags - #21 (3.5"" x 1.5"" x 10"")<br/>""<br/>""High-quality pharmacy prescription bags featuring the classic design. Strong, dependable paper bags built for everyday pharmacy and retail use.<br/>""<br/>""📦 Product Details<br/>""<br/>""Design: FC2C<br/>""<br/>""Size: 3.5"" x 1.5"" x 10""<br/>""<br/>""Quantity: 1<br/>""<br/>""Material: Durable paper<br/>""<br/>""Condition: Brand new<br/>""<br/>""Country of Manufacture: Made in the USA 🇺🇸<br/>""<br/>""🚚 Shipping<br/>""<br/>""Flat $10 shipping per case.<br/>""<br/>""Orders ship within 2 business days — most ship same or next business day.<br/>""<br/>""💼 Better Pricing Available<br/>""<br/>""Contact bagsupplyco directly for a cheaper rate — even if you are ordering just one case.<br/>""<br/>""✔ Sold as a full case only<br/>""<br/>""✔ Reliable supply for pharmacies and medical offices<br/>""<br/>""Please message with any questions.",FixedPrice,GTC,109.89,,,,,1,,United States,Flat,USPSPriority,10.00,,,2,,,ReturnsAccepted,Days_30,MoneyBack,Buyer,,,,,,,,,,,,,,,,,,,,,,,,,,
Add,FC2C,52533,,"Full-Custom, 2-Color Bags - #22 (4.5"" x 2.25"" x 11"")",,,,,1000,bagsupplyco,,,,United States,https://www.bagsupplyco.com/catalog/custom/2-color/CBC-22-FC2C.webp,,,"Full-Custom, 2-Color Bags - #22 (4.5"" x 2.25"" x 11"")<br/>""<br/>""High-quality pharmacy prescription bags featuring the classic design. Strong, dependable paper bags built for everyday pharmacy and retail use.<br/>""<br/>""📦 Product Details<br/>""<br/>""Design: FC2C<br/>""<br/>""Size: 4.5"" x 2.25"" x 11""<br/>""<br/>""Quantity: 1<br/>""<br/>""Material: Durable paper<br/>""<br/>""Condition: Brand new<br/>""<br/>""Country of Manufacture: Made in the USA 🇺🇸<br/>""<br/>""🚚 Shipping<br/>""<br/>""Flat $10 shipping per case.<br/>""<br/>""Orders ship within 2 business days — most ship same or next business day.<br/>""<br/>""💼 Better Pricing Available<br/>""<br/>""Contact bagsupplyco directly for a cheaper rate — even if you are ordering just one case.<br/>""<br/>""✔ Sold as a full case only<br/>""<br/>""✔ Reliable supply for pharmacies and medical offices<br/>""<br/>""Please message with any questions.",FixedPrice,GTC,137.77,,,,,1,,United States,Flat,USPSPriority,10.00,,,2,,,ReturnsAccepted,Days_30,MoneyBack,Buyer,,,,,,,,,,,,,,,,,,,,,,,,,,
Add,FC2C,52533,,"Full-Custom, 2-Color Bags - #23 (5"" x 2"" x 10"")",,,,,1000,bagsupplyco,,,,United States,https://www.bagsupplyco.com/catalog/custom/2-color/CBC-22-FC2C.webp,,,"Full-Custom, 2-Color Bags - #23 (5"" x 2"" x 10"")<br/>""<br/>""High-quality pharmacy prescription bags featuring the classic design. Strong, dependable paper bags built for everyday pharmacy and retail use.<br/>""<br/>""📦 Product Details<br/>""<br/>""Design: FC2C<br/>""<br/>""Size: 5"" x 2"" x 10""<br/>""<br/>""Quantity: 1<br/>""<br/>""Material: Durable paper<br/>""<br/>""Condition: Brand new<br/>""<br/>""Country of Manufacture: Made in the USA 🇺🇸<br/>""<br/>""🚚 Shipping<br/>""<br/>""Flat $10 shipping per case.<br/>""<br/>""Orders ship within 2 business days — most ship same or next business day.<br/>""<br/>""💼 Better Pricing Available<br/>""<br/>""Contact bagsupplyco directly for a cheaper rate — even if you are ordering just one case.<br/>""<br/>""✔ Sold as a full case only<br/>""<br/>""✔ Reliable supply for pharmacies and medical offices<br/>""<br/>""Please message with any questions.",FixedPrice,GTC,135.01,,,,,1,,United States,Flat,USPSPriority,10.00,,,2,,,ReturnsAccepted,Days_30,MoneyBack,Buyer,,,,,,,,,,,,,,,,,,,,,,,,,,
Add,FC2C,52533,,"Full-Custom, 2-Color Bags - #25 (6"" x 4"" x 11"")",,,,,1000,bagsupplyco,,,,United States,https://www.bagsupplyco.com/catalog/custom/2-color/CBC-22-FC2C.webp,,,"Full-Custom, 2-Color Bags - #25 (6"" x 4"" x 11"")<br/>""<br/>""High-quality pharmacy prescription bags featuring the classic design. Strong, dependable paper bags built for everyday pharmacy and retail use.<br/>""<br/>""📦 Product Details<br/>""<br/>""Design: FC2C<br/>""<br/>""Size: 6"" x 4"" x 11""<br/>""<br/>""Quantity: 1<br/>""<br/>""Material: Durable paper<br/>""<br/>""Condition: Brand new<br/>""<br/>""Country of Manufacture: Made in the USA 🇺🇸<br/>""<br/>""🚚 Shipping<br/>""<br/>""Flat $10 shipping per case.<br/>""<br/>""Orders ship within 2 business days — most ship same or next business day.<br/>""<br/>""💼 Better Pricing Available<br/>""<br/>""Contact bagsupplyco directly for a cheaper rate — even if you are ordering just one case.<br/>""<br/>""✔ Sold as a full case only<br/>""<br/>""✔ Reliable supply for pharmacies and medical offices<br/>""<br/>""Please message with any questions.",FixedPrice,GTC,153.04,,,,,1,,United States,Flat,USPSPriority,10.00,,,2,,,ReturnsAccepted,Days_30,MoneyBack,Buyer,,,,,,,,,,,,,,,,,,,,,,,,,,
Add,FC2C,52533,,"Full-Custom, 2-Color Bags - #26 (7"" x 4"" x 14"")",,,,,1000,bagsupplyco,,,,United States,https://www.bagsupplyco.com/catalog/custom/2-color/CBC-22-FC2C.webp,,,"Full-Custom, 2-Color Bags - #26 (7"" x 4"" x 14"")<br/>""<br/>""High-quality pharmacy prescription bags featuring the classic design. Strong, dependable paper bags built for everyday pharmacy and retail use.<br/>""<br/>""📦 Product Details<br/>""<br/>""Design: FC2C<br/>""<br/>""Size: 7"" x 4"" x 14""<br/>""<br/>""Quantity: 1<br/>""<br/>""Material: Durable paper<br/>""<br/>""Condition: Brand new<br/>""<br/>""Country of Manufacture: Made in the USA 🇺🇸<br/>""<br/>""🚚 Shipping<br/>""<br/>""Flat $10 shipping per case.<br/>""<br/>""Orders ship within 2 business days — most ship same or next business day.<br/>""<br/>""💼 Better Pricing Available<br/>""<br/>""Contact bagsupplyco directly for a cheaper rate — even if you are ordering just one case.<br/>""<br/>""✔ Sold as a full case only<br/>""<br/>""✔ Reliable supply for pharmacies and medical offices<br/>""<br/>""Please message with any questions.",FixedPrice,GTC,117.63,,,,,1,,United States,Flat,USPSPriority,10.00,,,2,,,ReturnsAccepted,Days_30,MoneyBack,Buyer,,,,,,,,,,,,,,,,,,,,,,,,,,
Add,FC2C,52533,,"Full-Custom, 2-Color Bags - #28 (8"" x 5"" x 17"")",,,,,1000,bagsupplyco,,,,United States,https://www.bagsupplyco.com/catalog/custom/2-color/CBC-22-FC2C.webp,,,"Full-Custom, 2-Color Bags - #28 (8"" x 5"" x 17"")<br/>""<br/>""High-quality pharmacy prescription bags featuring the classic design. Strong, dependable paper bags built for everyday pharmacy and retail use.<br/>""<br/>""📦 Product Details<br/>""<br/>""Design: FC2C<br/>""<br/>""Size: 8"" x 5"" x 17""<br/>""<br/>""Quantity: 1<br/>""<br/>""Material: Durable paper<br/>""<br/>""Condition: Brand new<br/>""<br/>""Country of Manufacture: Made in the USA 🇺🇸<br/>""<br/>""🚚 Shipping<br/>""<br/>""Flat $10 shipping per case.<br/>""<br/>""Orders ship within 2 business days — most ship same or next business day.<br/>""<br/>""💼 Better Pricing Available<br/>""<br/>""Contact bagsupplyco directly for a cheaper rate — even if you are ordering just one case.<br/>""<br/>""✔ Sold as a full case only<br/>""<br/>""✔ Reliable supply for pharmacies and medical offices<br/>""<br/>""Please message with any questions.",FixedPrice,GTC,128.91,,,,,1,,United States,Flat,USPSPriority,10.00,,,2,,,ReturnsAccepted,Days_30,MoneyBack,Buyer,,,,,,,,,,,,,,,,,,,,,,,,,,
Add,FC2C,52533,,"Full-Custom, 2-Color Bags - #12 (7"" x 10"")",,,,,1000,bagsupplyco,,,,United States,https://www.bagsupplyco.com/catalog/custom/2-color/CBC-22-FC2C.webp,,,"Full-Custom, 2-Color Bags - #12 (7"" x 10"")<br/>""<br/>""High-quality pharmacy prescription bags featuring the classic design. Strong, dependable paper bags built for everyday pharmacy and retail use.<br/>""<br/>""📦 Product Details<br/>""<br/>""Design: FC2C<br/>""<br/>""Size: 7"" x 10""<br/>""<br/>""Quantity: 1<br/>""<br/>""Material: Durable paper<br/>""<br/>""Condition: Brand new<br/>""<br/>""Country of Manufacture: Made in the USA 🇺🇸<br/>""<br/>""🚚 Shipping<br/>""<br/>""Flat $10 shipping per case.<br/>""<br/>""Orders ship within 2 business days — most ship same or next business day.<br/>""<br/>""💼 Better Pricing Available<br/>""<br/>""Contact bagsupplyco directly for a cheaper rate — even if you are ordering just one case.<br/>""<br/>""✔ Sold as a full case only<br/>""<br/>""✔ Reliable supply for pharmacies and medical offices<br/>""<br/>""Please message with any questions.",FixedPrice,GTC,132.65,,,,,1,,United States,Flat,USPSPriority,10.00,,,2,,,ReturnsAccepted,Days_30,MoneyBack,Buyer,,,,,,,,,,,,,,,,,,,,,,,,,,
Add,FC2C,52533,,"Full-Custom, 2-Color Bags - #14 (9"" x 11"")",,,,,1000,bagsupplyco,,,,United States,https://www.bagsupplyco.com/catalog/custom/2-color/CBC-22-FC2C.webp,,,"Full-Custom, 2-Color Bags - #14 (9"" x 11"")<br/>""<br/>""High-quality pharmacy prescription bags featuring the classic design. Strong, dependable paper bags built for everyday pharmacy and retail use.<br/>""<br/>""📦 Product Details<br/>""<br/>""Design: FC2C<br/>""<br/>""Size: 9"" x 11""<br/>""<br/>""Quantity: 1<br/>""<br/>""Material: Durable paper<br/>""<br/>""Condition: Brand new<br/>""<br/>""Country of Manufacture: Made in the USA 🇺🇸<br/>""<br/>""🚚 Shipping<br/>""<br/>""Flat $10 shipping per case.<br/>""<br/>""Orders ship within 2 business days — most ship same or next business day.<br/>""<br/>""💼 Better Pricing Available<br/>""<br/>""Contact bagsupplyco directly for a cheaper rate — even if you are ordering just one case.<br/>""<br/>""✔ Sold as a full case only<br/>""<br/>""✔ Reliable supply for pharmacies and medical offices<br/>""<br/>""Please message with any questions.",FixedPrice,GTC,114.63,,,,,1,,United States,Flat,USPSPriority,10.00,,,2,,,ReturnsAccepted,Days_30,MoneyBack,Buyer,,,,,,,,,,,,,,,,,,,,,,,,,,
Add,FC2C,52533,,"Full-Custom, 2-Color Bags - #15 (8.5"" x 3.5"" x 14.5"")",,,,,1000,bagsupplyco,,,,United States,https://www.bagsupplyco.com/catalog/custom/2-color/CBC-22-FC2C.webp,,,"Full-Custom, 2-Color Bags - #15 (8.5"" x 3.5"" x 14.5"")<br/>""<br/>""High-quality pharmacy prescription bags featuring the classic design. Strong, dependable paper bags built for everyday pharmacy and retail use.<br/>""<br/>""📦 Product Details<br/>""<br/>""Design: FC2C<br/>""<br/>""Size: 8.5"" x 3.5"" x 14.5""<br/>""<br/>""Quantity: 1<br/>""<br/>""Material: Durable paper<br/>""<br/>""Condition: Brand new<br/>""<br/>""Country of Manufacture: Made in the USA 🇺🇸<br/>""<br/>""🚚 Shipping<br/>""<br/>""Flat $10 shipping per case.<br/>""<br/>""Orders ship within 2 business days — most ship same or next business day.<br/>""<br/>""💼 Better Pricing Available<br/>""<br/>""Contact bagsupplyco directly for a cheaper rate — even if you are ordering just one case.<br/>""<br/>""✔ Sold as a full case only<br/>""<br/>""✔ Reliable supply for pharmacies and medical offices<br/>""<br/>""Please message with any questions.",FixedPrice,GTC,110.15,,,,,1,,United States,Flat,USPSPriority,10.00,,,2,,,ReturnsAccepted,Days_30,MoneyBack,Buyer,,,,,,,,,,,,,,,,,,,,,,,,,,
Add,FC3C,52533,,"Full-Custom, 3-Color Bags - #21 (3.5"" x 1.5"" x 10"")",,,,,1000,bagsupplyco,,,,United States,https://www.bagsupplyco.com/catalog/custom/3-color/CBC-22-FC3C.webp,,,"Full-Custom, 3-Color Bags - #21 (3.5"" x 1.5"" x 10"")<br/>""<br/>""High-quality pharmacy prescription bags featuring the classic design. Strong, dependable paper bags built for everyday pharmacy and retail use.<br/>""<br/>""📦 Product Details<br/>""<br/>""Design: FC3C<br/>""<br/>""Size: 3.5"" x 1.5"" x 10""<br/>""<br/>""Quantity: 1<br/>""<br/>""Material: Durable paper<br/>""<br/>""Condition: Brand new<br/>""<br/>""Country of Manufacture: Made in the USA 🇺🇸<br/>""<br/>""🚚 Shipping<br/>""<br/>""Flat $10 shipping per case.<br/>""<br/>""Orders ship within 2 business days — most ship same or next business day.<br/>""<br/>""💼 Better Pricing Available<br/>""<br/>""Contact bagsupplyco directly for a cheaper rate — even if you are ordering just one case.<br/>""<br/>""✔ Sold as a full case only<br/>""<br/>""✔ Reliable supply for pharmacies and medical offices<br/>""<br/>""Please message with any questions.",FixedPrice,GTC,137.38,,,,,1,,United States,Flat,USPSPriority,10.00,,,2,,,ReturnsAccepted,Days_30,MoneyBack,Buyer,,,,,,,,,,,,,,,,,,,,,,,,,,
Add,FC3C,52533,,"Full-Custom, 3-Color Bags - #22 (4.5"" x 2.25"" x 11"")",,,,,1000,bagsupplyco,,,,United States,https://www.bagsupplyco.com/catalog/custom/3-color/CBC-22-FC3C.webp,,,"Full-Custom, 3-Color Bags - #22 (4.5"" x 2.25"" x 11"")<br/>""<br/>""High-quality pharmacy prescription bags featuring the classic design. Strong, dependable paper bags built for everyday pharmacy and retail use.<br/>""<br/>""📦 Product Details<br/>""<br/>""Design: FC3C<br/>""<br/>""Size: 4.5"" x 2.25"" x 11""<br/>""<br/>""Quantity: 1<br/>""<br/>""Material: Durable paper<br/>""<br/>""Condition: Brand new<br/>""<br/>""Country of Manufacture: Made in the USA 🇺🇸<br/>""<br/>""🚚 Shipping<br/>""<br/>""Flat $10 shipping per case.<br/>""<br/>""Orders ship within 2 business days — most ship same or next business day.<br/>""<br/>""💼 Better Pricing Available<br/>""<br/>""Contact bagsupplyco directly for a cheaper rate — even if you are ordering just one case.<br/>""<br/>""✔ Sold as a full case only<br/>""<br/>""✔ Reliable supply for pharmacies and medical offices<br/>""<br/>""Please message with any questions.",FixedPrice,GTC,172.22,,,,,1,,United States,Flat,USPSPriority,10.00,,,2,,,ReturnsAccepted,Days_30,MoneyBack,Buyer,,,,,,,,,,,,,,,,,,,,,,,,,,
Add,FC3C,52533,,"Full-Custom, 3-Color Bags - #23 (5"" x 2"" x 10"")",,,,,1000,bagsupplyco,,,,United States,https://www.bagsupplyco.com/catalog/custom/3-color/CBC-22-FC3C.webp,,,"Full-Custom, 3-Color Bags - #23 (5"" x 2"" x 10"")<br/>""<br/>""High-quality pharmacy prescription bags featuring the classic design. Strong, dependable paper bags built for everyday pharmacy and retail use.<br/>""<br/>""📦 Product Details<br/>""<br/>""Design: FC3C<br/>""<br/>""Size: 5"" x 2"" x 10""<br/>""<br/>""Quantity: 1<br/>""<br/>""Material: Durable paper<br/>""<br/>""Condition: Brand new<br/>""<br/>""Country of Manufacture: Made in the USA 🇺🇸<br/>""<br/>""🚚 Shipping<br/>""<br/>""Flat $10 shipping per case.<br/>""<br/>""Orders ship within 2 business days — most ship same or next business day.<br/>""<br/>""💼 Better Pricing Available<br/>""<br/>""Contact bagsupplyco directly for a cheaper rate — even if you are ordering just one case.<br/>""<br/>""✔ Sold as a full case only<br/>""<br/>""✔ Reliable supply for pharmacies and medical offices<br/>""<br/>""Please message with any questions.",FixedPrice,GTC,168.77,,,,,1,,United States,Flat,USPSPriority,10.00,,,2,,,ReturnsAccepted,Days_30,MoneyBack,Buyer,,,,,,,,,,,,,,,,,,,,,,,,,,
Add,FC3C,52533,,"Full-Custom, 3-Color Bags - #25 (6"" x 4"" x 11"")",,,,,1000,bagsupplyco,,,,United States,https://www.bagsupplyco.com/catalog/custom/3-color/CBC-22-FC3C.webp,,,"Full-Custom, 3-Color Bags - #25 (6"" x 4"" x 11"")<br/>""<br/>""High-quality pharmacy prescription bags featuring the classic design. Strong, dependable paper bags built for everyday pharmacy and retail use.<br/>""<br/>""📦 Product Details<br/>""<br/>""Design: FC3C<br/>""<br/>""Size: 6"" x 4"" x 11""<br/>""<br/>""Quantity: 1<br/>""<br/>""Material: Durable paper<br/>""<br/>""Condition: Brand new<br/>""<br/>""Country of Manufacture: Made in the USA 🇺🇸<br/>""<br/>""🚚 Shipping<br/>""<br/>""Flat $10 shipping per case.<br/>""<br/>""Orders ship within 2 business days — most ship same or next business day.<br/>""<br/>""💼 Better Pricing Available<br/>""<br/>""Contact bagsupplyco directly for a cheaper rate — even if you are ordering just one case.<br/>""<br/>""✔ Sold as a full case only<br/>""<br/>""✔ Reliable supply for pharmacies and medical offices<br/>""<br/>""Please message with any questions.",FixedPrice,GTC,191.31,,,,,1,,United States,Flat,USPSPriority,10.00,,,2,,,ReturnsAccepted,Days_30,MoneyBack,Buyer,,,,,,,,,,,,,,,,,,,,,,,,,,
Add,FC3C,52533,,"Full-Custom, 3-Color Bags - #26 (7"" x 4"" x 14"")",,,,,1000,bagsupplyco,,,,United States,https://www.bagsupplyco.com/catalog/custom/3-color/CBC-22-FC3C.webp,,,"Full-Custom, 3-Color Bags - #26 (7"" x 4"" x 14"")<br/>""<br/>""High-quality pharmacy prescription bags featuring the classic design. Strong, dependable paper bags built for everyday pharmacy and retail use.<br/>""<br/>""📦 Product Details<br/>""<br/>""Design: FC3C<br/>""<br/>""Size: 7"" x 4"" x 14""<br/>""<br/>""Quantity: 1<br/>""<br/>""Material: Durable paper<br/>""<br/>""Condition: Brand new<br/>""<br/>""Country of Manufacture: Made in the USA 🇺🇸<br/>""<br/>""🚚 Shipping<br/>""<br/>""Flat $10 shipping per case.<br/>""<br/>""Orders ship within 2 business days — most ship same or next business day.<br/>""<br/>""💼 Better Pricing Available<br/>""<br/>""Contact bagsupplyco directly for a cheaper rate — even if you are ordering just one case.<br/>""<br/>""✔ Sold as a full case only<br/>""<br/>""✔ Reliable supply for pharmacies and medical offices<br/>""<br/>""Please message with any questions.",FixedPrice,GTC,147.04,,,,,1,,United States,Flat,USPSPriority,10.00,,,2,,,ReturnsAccepted,Days_30,MoneyBack,Buyer,,,,,,,,,,,,,,,,,,,,,,,,,,
Add,FC3C,52533,,"Full-Custom, 3-Color Bags - #28 (8"" x 5"" x 17"")",,,,,1000,bagsupplyco,,,,United States,https://www.bagsupplyco.com/catalog/custom/3-color/CBC-22-FC3C.webp,,,"Full-Custom, 3-Color Bags - #28 (8"" x 5"" x 17"")<br/>""<br/>""High-quality pharmacy prescription bags featuring the classic design. Strong, dependable paper bags built for everyday pharmacy and retail use.<br/>""<br/>""📦 Product Details<br/>""<br/>""Design: FC3C<br/>""<br/>""Size: 8"" x 5"" x 17""<br/>""<br/>""Quantity: 1<br/>""<br/>""Material: Durable paper<br/>""<br/>""Condition: Brand new<br/>""<br/>""Country of Manufacture: Made in the USA 🇺🇸<br/>""<br/>""🚚 Shipping<br/>""<br/>""Flat $10 shipping per case.<br/>""<br/>""Orders ship within 2 business days — most ship same or next business day.<br/>""<br/>""💼 Better Pricing Available<br/>""<br/>""Contact bagsupplyco directly for a cheaper rate — even if you are ordering just one case.<br/>""<br/>""✔ Sold as a full case only<br/>""<br/>""✔ Reliable supply for pharmacies and medical offices<br/>""<br/>""Please message with any questions.",FixedPrice,GTC,161.14,,,,,1,,United States,Flat,USPSPriority,10.00,,,2,,,ReturnsAccepted,Days_30,MoneyBack,Buyer,,,,,,,,,,,,,,,,,,,,,,,,,,
Add,FC3C,52533,,"Full-Custom, 3-Color Bags - #12 (7"" x 10"")",,,,,1000,bagsupplyco,,,,United States,https://www.bagsupplyco.com/catalog/custom/3-color/CBC-22-FC3C.webp,,,"Full-Custom, 3-Color Bags - #12 (7"" x 10"")<br/>""<br/>""High-quality pharmacy prescription bags featuring the classic design. Strong, dependable paper bags built for everyday pharmacy and retail use.<br/>""<br/>""📦 Product Details<br/>""<br/>""Design: FC3C<br/>""<br/>""Size: 7"" x 10""<br/>""<br/>""Quantity: 1<br/>""<br/>""Material: Durable paper<br/>""<br/>""Condition: Brand new<br/>""<br/>""Country of Manufacture: Made in the USA 🇺🇸<br/>""<br/>""🚚 Shipping<br/>""<br/>""Flat $10 shipping per case.<br/>""<br/>""Orders ship within 2 business days — most ship same or next business day.<br/>""<br/>""💼 Better Pricing Available<br/>""<br/>""Contact bagsupplyco directly for a cheaper rate — even if you are ordering just one case.<br/>""<br/>""✔ Sold as a full case only<br/>""<br/>""✔ Reliable supply for pharmacies and medical offices<br/>""<br/>""Please message with any questions.",FixedPrice,GTC,165.81,,,,,1,,United States,Flat,USPSPriority,10.00,,,2,,,ReturnsAccepted,Days_30,MoneyBack,Buyer,,,,,,,,,,,,,,,,,,,,,,,,,,
Add,FC3C,52533,,"Full-Custom, 3-Color Bags - #14 (9"" x 11"")",,,,,1000,bagsupplyco,,,,United States,https://www.bagsupplyco.com/catalog/custom/3-color/CBC-22-FC3C.webp,,,"Full-Custom, 3-Color Bags - #14 (9"" x 11"")<br/>""<br/>""High-quality pharmacy prescription bags featuring the classic design. Strong, dependable paper bags built for everyday pharmacy and retail use.<br/>""<br/>""📦 Product Details<br/>""<br/>""Design: FC3C<br/>""<br/>""Size: 9"" x 11""<br/>""<br/>""Quantity: 1<br/>""<br/>""Material: Durable paper<br/>""<br/>""Condition: Brand new<br/>""<br/>""Country of Manufacture: Made in the USA 🇺🇸<br/>""<br/>""🚚 Shipping<br/>""<br/>""Flat $10 shipping per case.<br/>""<br/>""Orders ship within 2 business days — most ship same or next business day.<br/>""<br/>""💼 Better Pricing Available<br/>""<br/>""Contact bagsupplyco directly for a cheaper rate — even if you are ordering just one case.<br/>""<br/>""✔ Sold as a full case only<br/>""<br/>""✔ Reliable supply for pharmacies and medical offices<br/>""<br/>""Please message with any questions.",FixedPrice,GTC,143.30,,,,,1,,United States,Flat,USPSPriority,10.00,,,2,,,ReturnsAccepted,Days_30,MoneyBack,Buyer,,,,,,,,,,,,,,,,,,,,,,,,,,
Add,FC3C,52533,,"Full-Custom, 3-Color Bags - #15 (8.5"" x 3.5"" x 14.5"")",,,,,1000,bagsupplyco,,,,United States,https://www.bagsupplyco.com/catalog/custom/3-color/CBC-22-FC3C.webp,,,"Full-Custom, 3-Color Bags - #15 (8.5"" x 3.5"" x 14.5"")<br/>""<br/>""High-quality pharmacy prescription bags featuring the classic design. Strong, dependable paper bags built for everyday pharmacy and retail use.<br/>""<br/>""📦 Product Details<br/>""<br/>""Design: FC3C<br/>""<br/>""Size: 8.5"" x 3.5"" x 14.5""<br/>""<br/>""Quantity: 1<br/>""<br/>""Material: Durable paper<br/>""<br/>""Condition: Brand new<br/>""<br/>""Country of Manufacture: Made in the USA 🇺🇸<br/>""<br/>""🚚 Shipping<br/>""<br/>""Flat $10 shipping per case.<br/>""<br/>""Orders ship within 2 business days — most ship same or next business day.<br/>""<br/>""💼 Better Pricing Available<br/>""<br/>""Contact bagsupplyco directly for a cheaper rate — even if you are ordering just one case.<br/>""<br/>""✔ Sold as a full case only<br/>""<br/>""✔ Reliable supply for pharmacies and medical offices<br/>""<br/>""Please message with any questions.",FixedPrice,GTC,137.67,,,,,1,,United States,Flat,USPSPriority,10.00,,,2,,,ReturnsAccepted,Days_30,MoneyBack,Buyer,,,,,,,,,,,,,,,,,,,,,,,,,,
Add,MYL-DP-001,52533,,1/8 oz Rx Generic,,,,,1000,bagsupplyco,,,,United States,https://www.bagsupplyco.com/images/mylar/1-8-oz-rx-generic-designer.webp,,,"1/8 oz Rx Generic<br/>""<br/>""High-quality pharmacy prescription bags featuring the classic design. Strong, dependable paper bags built for everyday pharmacy and retail use.<br/>""<br/>""📦 Product Details<br/>""<br/>""Design: MYL-DP-001<br/>""<br/>""Size: N/A<br/>""<br/>""Quantity: 1<br/>""<br/>""Material: Durable paper<br/>""<br/>""Condition: Brand new<br/>""<br/>""Country of Manufacture: Made in the USA 🇺🇸<br/>""<br/>""🚚 Shipping<br/>""<br/>""Flat $10 shipping per case.<br/>""<br/>""Orders ship within 2 business days — most ship same or next business day.<br/>""<br/>""💼 Better Pricing Available<br/>""<br/>""Contact bagsupplyco directly for a cheaper rate — even if you are ordering just one case.<br/>""<br/>""✔ Sold as a full case only<br/>""<br/>""✔ Reliable supply for pharmacies and medical offices<br/>""<br/>""Please message with any questions.",FixedPrice,GTC,46.00,,,,,1,,United States,Flat,USPSPriority,10.00,,,2,,,ReturnsAccepted,Days_30,MoneyBack,Buyer,,,,,,,,,,,,,,,,,,,,,,,,,,
Add,MYL-DP-002,52533,,1/8 oz Cali Caviar,,,,,1000,bagsupplyco,,,,United States,https://www.bagsupplyco.com/images/mylar/1-8-oz-cali-caviar-designer.webp,,,"1/8 oz Cali Caviar<br/>""<br/>""High-quality pharmacy prescription bags featuring the classic design. Strong, dependable paper bags built for everyday pharmacy and retail use.<br/>""<br/>""📦 Product Details<br/>""<br/>""Design: MYL-DP-002<br/>""<br/>""Size: N/A<br/>""<br/>""Quantity: 1<br/>""<br/>""Material: Durable paper<br/>""<br/>""Condition: Brand new<br/>""<br/>""Country of Manufacture: Made in the USA 🇺🇸<br/>""<br/>""🚚 Shipping<br/>""<br/>""Flat $10 shipping per case.<br/>""<br/>""Orders ship within 2 business days — most ship same or next business day.<br/>""<br/>""💼 Better Pricing Available<br/>""<br/>""Contact bagsupplyco directly for a cheaper rate — even if you are ordering just one case.<br/>""<br/>""✔ Sold as a full case only<br/>""<br/>""✔ Reliable supply for pharmacies and medical offices<br/>""<br/>""Please message with any questions.",FixedPrice,GTC,46.00,,,,,1,,United States,Flat,USPSPriority,10.00,,,2,,,ReturnsAccepted,Days_30,MoneyBack,Buyer,,,,,,,,,,,,,,,,,,,,,,,,,,
Add,MYL-DP-003,52533,,1/8 oz 8th Madness Cali Caviar Red,,,,,1000,bagsupplyco,,,,United States,https://www.bagsupplyco.com/images/mylar/1-8-oz-8th-madness-cali-caviar-red-designer.webp,,,"1/8 oz 8th Madness Cali Caviar Red<br/>""<br/>""High-quality pharmacy prescription bags featuring the classic design. Strong, dependable paper bags built for everyday pharmacy and retail use.<br/>""<br/>""📦 Product Details<br/>""<br/>""Design: MYL-DP-003<br/>""<br/>""Size: N/A<br/>""<br/>""Quantity: 1<br/>""<br/>""Material: Durable paper<br/>""<br/>""Condition: Brand new<br/>""<br/>""Country of Manufacture: Made in the USA 🇺🇸<br/>""<br/>""🚚 Shipping<br/>""<br/>""Flat $10 shipping per case.<br/>""<br/>""Orders ship within 2 business days — most ship same or next business day.<br/>""<br/>""💼 Better Pricing Available<br/>""<br/>""Contact bagsupplyco directly for a cheaper rate — even if you are ordering just one case.<br/>""<br/>""✔ Sold as a full case only<br/>""<br/>""✔ Reliable supply for pharmacies and medical offices<br/>""<br/>""Please message with any questions.",FixedPrice,GTC,46.00,,,,,1,,United States,Flat,USPSPriority,10.00,,,2,,,ReturnsAccepted,Days_30,MoneyBack,Buyer,,,,,,,,,,,,,,,,,,,,,,,,,,
Add,MYL-DP-004,52533,,1/8 oz Gold Rx,,,,,1000,bagsupplyco,,,,United States,https://www.bagsupplyco.com/images/mylar/1-8-oz-gold-rx-designer.webp,,,"1/8 oz Gold Rx<br/>""<br/>""High-quality pharmacy prescription bags featuring the classic design. Strong, dependable paper bags built for everyday pharmacy and retail use.<br/>""<br/>""📦 Product Details<br/>""<br/>""Design: MYL-DP-004<br/>""<br/>""Size: N/A<br/>""<br/>""Quantity: 1<br/>""<br/>""Material: Durable paper<br/>""<br/>""Condition: Brand new<br/>""<br/>""Country of Manufacture: Made in the USA 🇺🇸<br/>""<br/>""🚚 Shipping<br/>""<br/>""Flat $10 shipping per case.<br/>""<br/>""Orders ship within 2 business days — most ship same or next business day.<br/>""<br/>""💼 Better Pricing Available<br/>""<br/>""Contact bagsupplyco directly for a cheaper rate — even if you are ordering just one case.<br/>""<br/>""✔ Sold as a full case only<br/>""<br/>""✔ Reliable supply for pharmacies and medical offices<br/>""<br/>""Please message with any questions.",FixedPrice,GTC,46.00,,,,,1,,United States,Flat,USPSPriority,10.00,,,2,,,ReturnsAccepted,Days_30,MoneyBack,Buyer,,,,,,,,,,,,,,,,,,,,,,,,,,
Add,MYL-DP-005,52533,,1/8 oz Green Rx,,,,,1000,bagsupplyco,,,,United States,https://www.bagsupplyco.com/images/mylar/1-8-oz-green-rx-designer.webp,,,"1/8 oz Green Rx<br/>""<br/>""High-quality pharmacy prescription bags featuring the classic design. Strong, dependable paper bags built for everyday pharmacy and retail use.<br/>""<br/>""📦 Product Details<br/>""<br/>""Design: MYL-DP-005<br/>""<br/>""Size: N/A<br/>""<br/>""Quantity: 1<br/>""<br/>""Material: Durable paper<br/>""<br/>""Condition: Brand new<br/>""<br/>""Country of Manufacture: Made in the USA 🇺🇸<br/>""<br/>""🚚 Shipping<br/>""<br/>""Flat $10 shipping per case.<br/>""<br/>""Orders ship within 2 business days — most ship same or next business day.<br/>""<br/>""💼 Better Pricing Available<br/>""<br/>""Contact bagsupplyco directly for a cheaper rate — even if you are ordering just one case.<br/>""<br/>""✔ Sold as a full case only<br/>""<br/>""✔ Reliable supply for pharmacies and medical offices<br/>""<br/>""Please message with any questions.",FixedPrice,GTC,46.00,,,,,1,,United States,Flat,USPSPriority,10.00,,,2,,,ReturnsAccepted,Days_30,MoneyBack,Buyer,,,,,,,,,,,,,,,,,,,,,,,,,,
Add,MYL-DP-006,52533,,1/8 oz White Rx,,,,,1000,bagsupplyco,,,,United States,https://www.bagsupplyco.com/images/mylar/1-8-oz-white-rx-designer.webp,,,"1/8 oz White Rx<br/>""<br/>""High-quality pharmacy prescription bags featuring the classic design. Strong, dependable paper bags built for everyday pharmacy and retail use.<br/>""<br/>""📦 Product Details<br/>""<br/>""Design: MYL-DP-006<br/>""<br/>""Size: N/A<br/>""<br/>""Quantity: 1<br/>""<br/>""Material: Durable paper<br/>""<br/>""Condition: Brand new<br/>""<br/>""Country of Manufacture: Made in the USA 🇺🇸<br/>""<br/>""🚚 Shipping<br/>""<br/>""Flat $10 shipping per case.<br/>""<br/>""Orders ship within 2 business days — most ship same or next business day.<br/>""<br/>""💼 Better Pricing Available<br/>""<br/>""Contact bagsupplyco directly for a cheaper rate — even if you are ordering just one case.<br/>""<br/>""✔ Sold as a full case only<br/>""<br/>""✔ Reliable supply for pharmacies and medical offices<br/>""<br/>""Please message with any questions.",FixedPrice,GTC,46.00,,,,,1,,United States,Flat,USPSPriority,10.00,,,2,,,ReturnsAccepted,Days_30,MoneyBack,Buyer,,,,,,,,,,,,,,,,,,,,,,,,,,
Add,MYL-DP-007,52533,,1/8 oz Holographic Black Mushroom,,,,,1000,bagsupplyco,,,,United States,https://www.bagsupplyco.com/images/mylar/1-8-oz-holographic-black-mushroom-designer.webp,,,"1/8 oz Holographic Black Mushroom<br/>""<br/>""High-quality pharmacy prescription bags featuring the classic design. Strong, dependable paper bags built for everyday pharmacy and retail use.<br/>""<br/>""📦 Product Details<br/>""<br/>""Design: MYL-DP-007<br/>""<br/>""Size: N/A<br/>""<br/>""Quantity: 1<br/>""<br/>""Material: Durable paper<br/>""<br/>""Condition: Brand new<br/>""<br/>""Country of Manufacture: Made in the USA 🇺🇸<br/>""<br/>""🚚 Shipping<br/>""<br/>""Flat $10 shipping per case.<br/>""<br/>""Orders ship within 2 business days — most ship same or next business day.<br/>""<br/>""💼 Better Pricing Available<br/>""<br/>""Contact bagsupplyco directly for a cheaper rate — even if you are ordering just one case.<br/>""<br/>""✔ Sold as a full case only<br/>""<br/>""✔ Reliable supply for pharmacies and medical offices<br/>""<br/>""Please message with any questions.",FixedPrice,GTC,46.00,,,,,1,,United States,Flat,USPSPriority,10.00,,,2,,,ReturnsAccepted,Days_30,MoneyBack,Buyer,,,,,,,,,,,,,,,,,,,,,,,,,,
Add,MYL-DP-008,52533,,1/8 oz Silver + Labels,,,,,1000,bagsupplyco,,,,United States,https://www.bagsupplyco.com/images/mylar/1-8-oz-silver-clear-with-labels-designer.webp,,,"1/8 oz Silver + Labels<br/>""<br/>""High-quality pharmacy prescription bags featuring the classic design. Strong, dependable paper bags built for everyday pharmacy and retail use.<br/>""<br/>""📦 Product Details<br/>""<br/>""Design: MYL-DP-008<br/>""<br/>""Size: N/A<br/>""<br/>""Quantity: 1<br/>""<br/>""Material: Durable paper<br/>""<br/>""Condition: Brand new<br/>""<br/>""Country of Manufacture: Made in the USA 🇺🇸<br/>""<br/>""🚚 Shipping<br/>""<br/>""Flat $10 shipping per case.<br/>""<br/>""Orders ship within 2 business days — most ship same or next business day.<br/>""<br/>""💼 Better Pricing Available<br/>""<br/>""Contact bagsupplyco directly for a cheaper rate — even if you are ordering just one case.<br/>""<br/>""✔ Sold as a full case only<br/>""<br/>""✔ Reliable supply for pharmacies and medical offices<br/>""<br/>""Please message with any questions.",FixedPrice,GTC,46.00,,,,,1,,United States,Flat,USPSPriority,10.00,,,2,,,ReturnsAccepted,Days_30,MoneyBack,Buyer,,,,,,,,,,,,,,,,,,,,,,,,,,
Add,MYL-DP-009,52533,,1/8 oz Matte Black/Clear + Labels,,,,,1000,bagsupplyco,,,,United States,https://www.bagsupplyco.com/images/mylar/1-8-oz-matte-black-clear-with-labels-designer.webp,,,"1/8 oz Matte Black/Clear + Labels<br/>""<br/>""High-quality pharmacy prescription bags featuring the classic design. Strong, dependable paper bags built for everyday pharmacy and retail use.<br/>""<br/>""📦 Product Details<br/>""<br/>""Design: MYL-DP-009<br/>""<br/>""Size: N/A<br/>""<br/>""Quantity: 1<br/>""<br/>""Material: Durable paper<br/>""<br/>""Condition: Brand new<br/>""<br/>""Country of Manufacture: Made in the USA 🇺🇸<br/>""<br/>""🚚 Shipping<br/>""<br/>""Flat $10 shipping per case.<br/>""<br/>""Orders ship within 2 business days — most ship same or next business day.<br/>""<br/>""💼 Better Pricing Available<br/>""<br/>""Contact bagsupplyco directly for a cheaper rate — even if you are ordering just one case.<br/>""<br/>""✔ Sold as a full case only<br/>""<br/>""✔ Reliable supply for pharmacies and medical offices<br/>""<br/>""Please message with any questions.",FixedPrice,GTC,46.00,,,,,1,,United States,Flat,USPSPriority,10.00,,,2,,,ReturnsAccepted,Days_30,MoneyBack,Buyer,,,,,,,,,,,,,,,,,,,,,,,,,,
Add,MYL-DP-010,52533,,1/8 oz Matte Black Opaque + Labels,,,,,1000,bagsupplyco,,,,United States,https://www.bagsupplyco.com/images/mylar/1-8-oz-matte-black-opaque-with-labels-designer.webp,,,"1/8 oz Matte Black Opaque + Labels<br/>""<br/>""High-quality pharmacy prescription bags featuring the classic design. Strong, dependable paper bags built for everyday pharmacy and retail use.<br/>""<br/>""📦 Product Details<br/>""<br/>""Design: MYL-DP-010<br/>""<br/>""Size: N/A<br/>""<br/>""Quantity: 1<br/>""<br/>""Material: Durable paper<br/>""<br/>""Condition: Brand new<br/>""<br/>""Country of Manufacture: Made in the USA 🇺🇸<br/>""<br/>""🚚 Shipping<br/>""<br/>""Flat $10 shipping per case.<br/>""<br/>""Orders ship within 2 business days — most ship same or next business day.<br/>""<br/>""💼 Better Pricing Available<br/>""<br/>""Contact bagsupplyco directly for a cheaper rate — even if you are ordering just one case.<br/>""<br/>""✔ Sold as a full case only<br/>""<br/>""✔ Reliable supply for pharmacies and medical offices<br/>""<br/>""Please message with any questions.",FixedPrice,GTC,46.00,,,,,1,,United States,Flat,USPSPriority,10.00,,,2,,,ReturnsAccepted,Days_30,MoneyBack,Buyer,,,,,,,,,,,,,,,,,,,,,,,,,,
Add,MYL-DP-011,52533,,1/8 oz Gold/Clear + Labels,,,,,1000,bagsupplyco,,,,United States,https://www.bagsupplyco.com/images/mylar/1-8-oz-gold-clear-with-labels-designer.webp,,,"1/8 oz Gold/Clear + Labels<br/>""<br/>""High-quality pharmacy prescription bags featuring the classic design. Strong, dependable paper bags built for everyday pharmacy and retail use.<br/>""<br/>""📦 Product Details<br/>""<br/>""Design: MYL-DP-011<br/>""<br/>""Size: N/A<br/>""<br/>""Quantity: 1<br/>""<br/>""Material: Durable paper<br/>""<br/>""Condition: Brand new<br/>""<br/>""Country of Manufacture: Made in the USA 🇺🇸<br/>""<br/>""🚚 Shipping<br/>""<br/>""Flat $10 shipping per case.<br/>""<br/>""Orders ship within 2 business days — most ship same or next business day.<br/>""<br/>""💼 Better Pricing Available<br/>""<br/>""Contact bagsupplyco directly for a cheaper rate — even if you are ordering just one case.<br/>""<br/>""✔ Sold as a full case only<br/>""<br/>""✔ Reliable supply for pharmacies and medical offices<br/>""<br/>""Please message with any questions.",FixedPrice,GTC,46.00,,,,,1,,United States,Flat,USPSPriority,10.00,,,2,,,ReturnsAccepted,Days_30,MoneyBack,Buyer,,,,,,,,,,,,,,,,,,,,,,,,,,
Add,MYL-DP-012,52533,,1/8 oz Holographic/Clear + Labels,,,,,1000,bagsupplyco,,,,United States,https://www.bagsupplyco.com/images/mylar/1-8-oz-holographic-clear-with-labels-designer.webp,,,"1/8 oz Holographic/Clear + Labels<br/>""<br/>""High-quality pharmacy prescription bags featuring the classic design. Strong, dependable paper bags built for everyday pharmacy and retail use.<br/>""<br/>""📦 Product Details<br/>""<br/>""Design: MYL-DP-012<br/>""<br/>""Size: N/A<br/>""<br/>""Quantity: 1<br/>""<br/>""Material: Durable paper<br/>""<br/>""Condition: Brand new<br/>""<br/>""Country of Manufacture: Made in the USA 🇺🇸<br/>""<br/>""🚚 Shipping<br/>""<br/>""Flat $10 shipping per case.<br/>""<br/>""Orders ship within 2 business days — most ship same or next business day.<br/>""<br/>""💼 Better Pricing Available<br/>""<br/>""Contact bagsupplyco directly for a cheaper rate — even if you are ordering just one case.<br/>""<br/>""✔ Sold as a full case only<br/>""<br/>""✔ Reliable supply for pharmacies and medical offices<br/>""<br/>""Please message with any questions.",FixedPrice,GTC,46.00,,,,,1,,United States,Flat,USPSPriority,10.00,,,2,,,ReturnsAccepted,Days_30,MoneyBack,Buyer,,,,,,,,,,,,,,,,,,,,,,,,,,
Add,MYL-DP-013,52533,,1/8 oz 4x5 Matte Black Opaque Rounded,,,,,1000,bagsupplyco,,,,United States,https://www.bagsupplyco.com/images/mylar/1-8-oz-4x5-matte-black-opaque-rounded-designer.webp,,,"1/8 oz 4x5 Matte Black Opaque Rounded<br/>""<br/>""High-quality pharmacy prescription bags featuring the classic design. Strong, dependable paper bags built for everyday pharmacy and retail use.<br/>""<br/>""📦 Product Details<br/>""<br/>""Design: MYL-DP-013<br/>""<br/>""Size: N/A<br/>""<br/>""Quantity: 1<br/>""<br/>""Material: Durable paper<br/>""<br/>""Condition: Brand new<br/>""<br/>""Country of Manufacture: Made in the USA 🇺🇸<br/>""<br/>""🚚 Shipping<br/>""<br/>""Flat $10 shipping per case.<br/>""<br/>""Orders ship within 2 business days — most ship same or next business day.<br/>""<br/>""💼 Better Pricing Available<br/>""<br/>""Contact bagsupplyco directly for a cheaper rate — even if you are ordering just one case.<br/>""<br/>""✔ Sold as a full case only<br/>""<br/>""✔ Reliable supply for pharmacies and medical offices<br/>""<br/>""Please message with any questions.",FixedPrice,GTC,46.00,,,,,1,,United States,Flat,USPSPriority,10.00,,,2,,,ReturnsAccepted,Days_30,MoneyBack,Buyer,,,,,,,,,,,,,,,,,,,,,,,,,,
Add,MYL-DP-014,52533,,1/8 oz 4x5 Matte White/Clear Rounded,,,,,1000,bagsupplyco,,,,United States,https://www.bagsupplyco.com/images/mylar/1-8-oz-4x5-matte-white-clear-rounded-designer.webp,,,"1/8 oz 4x5 Matte White/Clear Rounded<br/>""<br/>""High-quality pharmacy prescription bags featuring the classic design. Strong, dependable paper bags built for everyday pharmacy and retail use.<br/>""<br/>""📦 Product Details<br/>""<br/>""Design: MYL-DP-014<br/>""<br/>""Size: N/A<br/>""<br/>""Quantity: 1<br/>""<br/>""Material: Durable paper<br/>""<br/>""Condition: Brand new<br/>""<br/>""Country of Manufacture: Made in the USA 🇺🇸<br/>""<br/>""🚚 Shipping<br/>""<br/>""Flat $10 shipping per case.<br/>""<br/>""Orders ship within 2 business days — most ship same or next business day.<br/>""<br/>""💼 Better Pricing Available<br/>""<br/>""Contact bagsupplyco directly for a cheaper rate — even if you are ordering just one case.<br/>""<br/>""✔ Sold as a full case only<br/>""<br/>""✔ Reliable supply for pharmacies and medical offices<br/>""<br/>""Please message with any questions.",FixedPrice,GTC,46.00,,,,,1,,United States,Flat,USPSPriority,10.00,,,2,,,ReturnsAccepted,Days_30,MoneyBack,Buyer,,,,,,,,,,,,,,,,,,,,,,,,,,
Add,MYL-DP-015,52533,,1/4 oz Gloss Black/Clear + Labels,,,,,1000,bagsupplyco,,,,United States,https://www.bagsupplyco.com/images/mylar/1-4-oz-gloss-black-clear-with-labels-designer.webp,,,"1/4 oz Gloss Black/Clear + Labels<br/>""<br/>""High-quality pharmacy prescription bags featuring the classic design. Strong, dependable paper bags built for everyday pharmacy and retail use.<br/>""<br/>""📦 Product Details<br/>""<br/>""Design: MYL-DP-015<br/>""<br/>""Size: N/A<br/>""<br/>""Quantity: 1<br/>""<br/>""Material: Durable paper<br/>""<br/>""Condition: Brand new<br/>""<br/>""Country of Manufacture: Made in the USA 🇺🇸<br/>""<br/>""🚚 Shipping<br/>""<br/>""Flat $10 shipping per case.<br/>""<br/>""Orders ship within 2 business days — most ship same or next business day.<br/>""<br/>""💼 Better Pricing Available<br/>""<br/>""Contact bagsupplyco directly for a cheaper rate — even if you are ordering just one case.<br/>""<br/>""✔ Sold as a full case only<br/>""<br/>""✔ Reliable supply for pharmacies and medical offices<br/>""<br/>""Please message with any questions.",FixedPrice,GTC,54.05,,,,,1,,United States,Flat,USPSPriority,10.00,,,2,,,ReturnsAccepted,Days_30,MoneyBack,Buyer,,,,,,,,,,,,,,,,,,,,,,,,,,
Add,MYL-DP-016,52533,,1/4 oz Matte Black/Clear + Labels,,,,,1000,bagsupplyco,,,,United States,https://www.bagsupplyco.com/images/mylar/1-4-oz-matte-black-clear-with-labels-designer.webp,,,"1/4 oz Matte Black/Clear + Labels<br/>""<br/>""High-quality pharmacy prescription bags featuring the classic design. Strong, dependable paper bags built for everyday pharmacy and retail use.<br/>""<br/>""📦 Product Details<br/>""<br/>""Design: MYL-DP-016<br/>""<br/>""Size: N/A<br/>""<br/>""Quantity: 1<br/>""<br/>""Material: Durable paper<br/>""<br/>""Condition: Brand new<br/>""<br/>""Country of Manufacture: Made in the USA 🇺🇸<br/>""<br/>""🚚 Shipping<br/>""<br/>""Flat $10 shipping per case.<br/>""<br/>""Orders ship within 2 business days — most ship same or next business day.<br/>""<br/>""💼 Better Pricing Available<br/>""<br/>""Contact bagsupplyco directly for a cheaper rate — even if you are ordering just one case.<br/>""<br/>""✔ Sold as a full case only<br/>""<br/>""✔ Reliable supply for pharmacies and medical offices<br/>""<br/>""Please message with any questions.",FixedPrice,GTC,54.05,,,,,1,,United States,Flat,USPSPriority,10.00,,,2,,,ReturnsAccepted,Days_30,MoneyBack,Buyer,,,,,,,,,,,,,,,,,,,,,,,,,,
Add,MYL-DP-017,52533,,1/4 oz Matte Black Opaque,,,,,1000,bagsupplyco,,,,United States,https://www.bagsupplyco.com/images/mylar/1-4-oz-matte-black-opaque-designer.webp,,,"1/4 oz Matte Black Opaque<br/>""<br/>""High-quality pharmacy prescription bags featuring the classic design. Strong, dependable paper bags built for everyday pharmacy and retail use.<br/>""<br/>""📦 Product Details<br/>""<br/>""Design: MYL-DP-017<br/>""<br/>""Size: N/A<br/>""<br/>""Quantity: 1<br/>""<br/>""Material: Durable paper<br/>""<br/>""Condition: Brand new<br/>""<br/>""Country of Manufacture: Made in the USA 🇺🇸<br/>""<br/>""🚚 Shipping<br/>""<br/>""Flat $10 shipping per case.<br/>""<br/>""Orders ship within 2 business days — most ship same or next business day.<br/>""<br/>""💼 Better Pricing Available<br/>""<br/>""Contact bagsupplyco directly for a cheaper rate — even if you are ordering just one case.<br/>""<br/>""✔ Sold as a full case only<br/>""<br/>""✔ Reliable supply for pharmacies and medical offices<br/>""<br/>""Please message with any questions.",FixedPrice,GTC,54.05,,,,,1,,United States,Flat,USPSPriority,10.00,,,2,,,ReturnsAccepted,Days_30,MoneyBack,Buyer,,,,,,,,,,,,,,,,,,,,,,,,,,
Add,MYL-DP-018,52533,,1/4 oz Gloss Holographic/Clear,,,,,1000,bagsupplyco,,,,United States,https://www.bagsupplyco.com/images/mylar/1-4-oz-gloss-holographic-clear-designer.webp,,,"1/4 oz Gloss Holographic/Clear<br/>""<br/>""High-quality pharmacy prescription bags featuring the classic design. Strong, dependable paper bags built for everyday pharmacy and retail use.<br/>""<br/>""📦 Product Details<br/>""<br/>""Design: MYL-DP-018<br/>""<br/>""Size: N/A<br/>""<br/>""Quantity: 1<br/>""<br/>""Material: Durable paper<br/>""<br/>""Condition: Brand new<br/>""<br/>""Country of Manufacture: Made in the USA 🇺🇸<br/>""<br/>""🚚 Shipping<br/>""<br/>""Flat $10 shipping per case.<br/>""<br/>""Orders ship within 2 business days — most ship same or next business day.<br/>""<br/>""💼 Better Pricing Available<br/>""<br/>""Contact bagsupplyco directly for a cheaper rate — even if you are ordering just one case.<br/>""<br/>""✔ Sold as a full case only<br/>""<br/>""✔ Reliable supply for pharmacies and medical offices<br/>""<br/>""Please message with any questions.",FixedPrice,GTC,54.05,,,,,1,,United States,Flat,USPSPriority,10.00,,,2,,,ReturnsAccepted,Days_30,MoneyBack,Buyer,,,,,,,,,,,,,,,,,,,,,,,,,,
Add,MYL-DP-019,52533,,1/2 oz Matte Black/Clear + Labels,,,,,1000,bagsupplyco,,,,United States,https://www.bagsupplyco.com/images/mylar/1-2-oz-matte-black-clear-with-labels-designer.webp,,,"1/2 oz Matte Black/Clear + Labels<br/>""<br/>""High-quality pharmacy prescription bags featuring the classic design. Strong, dependable paper bags built for everyday pharmacy and retail use.<br/>""<br/>""📦 Product Details<br/>""<br/>""Design: MYL-DP-019<br/>""<br/>""Size: N/A<br/>""<br/>""Quantity: 1<br/>""<br/>""Material: Durable paper<br/>""<br/>""Condition: Brand new<br/>""<br/>""Country of Manufacture: Made in the USA 🇺🇸<br/>""<br/>""🚚 Shipping<br/>""<br/>""Flat $10 shipping per case.<br/>""<br/>""Orders ship within 2 business days — most ship same or next business day.<br/>""<br/>""💼 Better Pricing Available<br/>""<br/>""Contact bagsupplyco directly for a cheaper rate — even if you are ordering just one case.<br/>""<br/>""✔ Sold as a full case only<br/>""<br/>""✔ Reliable supply for pharmacies and medical offices<br/>""<br/>""Please message with any questions.",FixedPrice,GTC,63.25,,,,,1,,United States,Flat,USPSPriority,10.00,,,2,,,ReturnsAccepted,Days_30,MoneyBack,Buyer,,,,,,,,,,,,,,,,,,,,,,,,,,
Add,MYL-DP-020,52533,,1/2 oz Matte Black Opaque + Labels,,,,,1000,bagsupplyco,,,,United States,https://www.bagsupplyco.com/images/mylar/1-2-oz-matte-black-opaque-with-labels-designer.webp,,,"1/2 oz Matte Black Opaque + Labels<br/>""<br/>""High-quality pharmacy prescription bags featuring the classic design. Strong, dependable paper bags built for everyday pharmacy and retail use.<br/>""<br/>""📦 Product Details<br/>""<br/>""Design: MYL-DP-020<br/>""<br/>""Size: N/A<br/>""<br/>""Quantity: 1<br/>""<br/>""Material: Durable paper<br/>""<br/>""Condition: Brand new<br/>""<br/>""Country of Manufacture: Made in the USA 🇺🇸<br/>""<br/>""🚚 Shipping<br/>""<br/>""Flat $10 shipping per case.<br/>""<br/>""Orders ship within 2 business days — most ship same or next business day.<br/>""<br/>""💼 Better Pricing Available<br/>""<br/>""Contact bagsupplyco directly for a cheaper rate — even if you are ordering just one case.<br/>""<br/>""✔ Sold as a full case only<br/>""<br/>""✔ Reliable supply for pharmacies and medical offices<br/>""<br/>""Please message with any questions.",FixedPrice,GTC,63.25,,,,,1,,United States,Flat,USPSPriority,10.00,,,2,,,ReturnsAccepted,Days_30,MoneyBack,Buyer,,,,,,,,,,,,,,,,,,,,,,,,,,
Add,MYL-DP-021,52533,,1 oz Rx Generic,,,,,1000,bagsupplyco,,,,United States,https://www.bagsupplyco.com/images/mylar/1-oz-rx-generic-designer.webp,,,"1 oz Rx Generic<br/>""<br/>""High-quality pharmacy prescription bags featuring the classic design. Strong, dependable paper bags built for everyday pharmacy and retail use.<br/>""<br/>""📦 Product Details<br/>""<br/>""Design: MYL-DP-021<br/>""<br/>""Size: N/A<br/>""<br/>""Quantity: 1<br/>""<br/>""Material: Durable paper<br/>""<br/>""Condition: Brand new<br/>""<br/>""Country of Manufacture: Made in the USA 🇺🇸<br/>""<br/>""🚚 Shipping<br/>""<br/>""Flat $10 shipping per case.<br/>""<br/>""Orders ship within 2 business days — most ship same or next business day.<br/>""<br/>""💼 Better Pricing Available<br/>""<br/>""Contact bagsupplyco directly for a cheaper rate — even if you are ordering just one case.<br/>""<br/>""✔ Sold as a full case only<br/>""<br/>""✔ Reliable supply for pharmacies and medical offices<br/>""<br/>""Please message with any questions.",FixedPrice,GTC,69.00,,,,,1,,United States,Flat,USPSPriority,10.00,,,2,,,ReturnsAccepted,Days_30,MoneyBack,Buyer,,,,,,,,,,,,,,,,,,,,,,,,,,
Add,MYL-DP-022,52533,,1 oz Matte Black/Clear + Labels,,,,,1000,bagsupplyco,,,,United States,https://www.bagsupplyco.com/images/mylar/1-oz-matte-black-clear-with-labels-designer.webp,,,"1 oz Matte Black/Clear + Labels<br/>""<br/>""High-quality pharmacy prescription bags featuring the classic design. Strong, dependable paper bags built for everyday pharmacy and retail use.<br/>""<br/>""📦 Product Details<br/>""<br/>""Design: MYL-DP-022<br/>""<br/>""Size: N/A<br/>""<br/>""Quantity: 1<br/>""<br/>""Material: Durable paper<br/>""<br/>""Condition: Brand new<br/>""<br/>""Country of Manufacture: Made in the USA 🇺🇸<br/>""<br/>""🚚 Shipping<br/>""<br/>""Flat $10 shipping per case.<br/>""<br/>""Orders ship within 2 business days — most ship same or next business day.<br/>""<br/>""💼 Better Pricing Available<br/>""<br/>""Contact bagsupplyco directly for a cheaper rate — even if you are ordering just one case.<br/>""<br/>""✔ Sold as a full case only<br/>""<br/>""✔ Reliable supply for pharmacies and medical offices<br/>""<br/>""Please message with any questions.",FixedPrice,GTC,69.00,,,,,1,,United States,Flat,USPSPriority,10.00,,,2,,,ReturnsAccepted,Days_30,MoneyBack,Buyer,,,,,,,,,,,,,,,,,,,,,,,,,,
Add,MYL-DP-023,52533,,1 oz Matte Black Opaque + Labels,,,,,1000,bagsupplyco,,,,United States,https://www.bagsupplyco.com/images/mylar/1-oz-matte-black-opaque-with-labels-designer.webp,,,"1 oz Matte Black Opaque + Labels<br/>""<br/>""High-quality pharmacy prescription bags featuring the classic design. Strong, dependable paper bags built for everyday pharmacy and retail use.<br/>""<br/>""📦 Product Details<br/>""<br/>""Design: MYL-DP-023<br/>""<br/>""Size: N/A<br/>""<br/>""Quantity: 1<br/>""<br/>""Material: Durable paper<br/>""<br/>""Condition: Brand new<br/>""<br/>""Country of Manufacture: Made in the USA 🇺🇸<br/>""<br/>""🚚 Shipping<br/>""<br/>""Flat $10 shipping per case.<br/>""<br/>""Orders ship within 2 business days — most ship same or next business day.<br/>""<br/>""💼 Better Pricing Available<br/>""<br/>""Contact bagsupplyco directly for a cheaper rate — even if you are ordering just one case.<br/>""<br/>""✔ Sold as a full case only<br/>""<br/>""✔ Reliable supply for pharmacies and medical offices<br/>""<br/>""Please message with any questions.",FixedPrice,GTC,69.00,,,,,1,,United States,Flat,USPSPriority,10.00,,,2,,,ReturnsAccepted,Days_30,MoneyBack,Buyer,,,,,,,,,,,,,,,,,,,,,,,,,,
Add,MYL-DP-024,52533,,1 oz Matte Black/Matte Black Designer + Labels,,,,,1000,bagsupplyco,,,,United States,https://www.bagsupplyco.com/images/mylar/1-oz-matte-black-designer-with-labels.webp,,,"1 oz Matte Black/Matte Black Designer + Labels<br/>""<br/>""High-quality pharmacy prescription bags featuring the classic design. Strong, dependable paper bags built for everyday pharmacy and retail use.<br/>""<br/>""📦 Product Details<br/>""<br/>""Design: MYL-DP-024<br/>""<br/>""Size: N/A<br/>""<br/>""Quantity: 1<br/>""<br/>""Material: Durable paper<br/>""<br/>""Condition: Brand new<br/>""<br/>""Country of Manufacture: Made in the USA 🇺🇸<br/>""<br/>""🚚 Shipping<br/>""<br/>""Flat $10 shipping per case.<br/>""<br/>""Orders ship within 2 business days — most ship same or next business day.<br/>""<br/>""💼 Better Pricing Available<br/>""<br/>""Contact bagsupplyco directly for a cheaper rate — even if you are ordering just one case.<br/>""<br/>""✔ Sold as a full case only<br/>""<br/>""✔ Reliable supply for pharmacies and medical offices<br/>""<br/>""Please message with any questions.",FixedPrice,GTC,69.00,,,,,1,,United States,Flat,USPSPriority,10.00,,,2,,,ReturnsAccepted,Days_30,MoneyBack,Buyer,,,,,,,,,,,,,,,,,,,,,,,,,,
Add,MYL-DP-025,52533,,1g Gloss Black Opaque + Labels,,,,,1000,bagsupplyco,,,,United States,https://www.bagsupplyco.com/images/mylar/1g-gloss-black-opaque-with-labels-designer.webp,,,"1g Gloss Black Opaque + Labels<br/>""<br/>""High-quality pharmacy prescription bags featuring the classic design. Strong, dependable paper bags built for everyday pharmacy and retail use.<br/>""<br/>""📦 Product Details<br/>""<br/>""Design: MYL-DP-025<br/>""<br/>""Size: N/A<br/>""<br/>""Quantity: 1<br/>""<br/>""Material: Durable paper<br/>""<br/>""Condition: Brand new<br/>""<br/>""Country of Manufacture: Made in the USA 🇺🇸<br/>""<br/>""🚚 Shipping<br/>""<br/>""Flat $10 shipping per case.<br/>""<br/>""Orders ship within 2 business days — most ship same or next business day.<br/>""<br/>""💼 Better Pricing Available<br/>""<br/>""Contact bagsupplyco directly for a cheaper rate — even if you are ordering just one case.<br/>""<br/>""✔ Sold as a full case only<br/>""<br/>""✔ Reliable supply for pharmacies and medical offices<br/>""<br/>""Please message with any questions.",FixedPrice,GTC,31.05,,,,,1,,United States,Flat,USPSPriority,10.00,,,2,,,ReturnsAccepted,Days_30,MoneyBack,Buyer,,,,,,,,,,,,,,,,,,,,,,,,,,
Add,MYL-DP-026,52533,,Pre-Roll Matte White/Clear,,,,,1000,bagsupplyco,,,,United States,https://www.bagsupplyco.com/images/mylar/pre-roll-matte-white-clear-designer.webp,,,"Pre-Roll Matte White/Clear<br/>""<br/>""High-quality pharmacy prescription bags featuring the classic design. Strong, dependable paper bags built for everyday pharmacy and retail use.<br/>""<br/>""📦 Product Details<br/>""<br/>""Design: MYL-DP-026<br/>""<br/>""Size: N/A<br/>""<br/>""Quantity: 1<br/>""<br/>""Material: Durable paper<br/>""<br/>""Condition: Brand new<br/>""<br/>""Country of Manufacture: Made in the USA 🇺🇸<br/>""<br/>""🚚 Shipping<br/>""<br/>""Flat $10 shipping per case.<br/>""<br/>""Orders ship within 2 business days — most ship same or next business day.<br/>""<br/>""💼 Better Pricing Available<br/>""<br/>""Contact bagsupplyco directly for a cheaper rate — even if you are ordering just one case.<br/>""<br/>""✔ Sold as a full case only<br/>""<br/>""✔ Reliable supply for pharmacies and medical offices<br/>""<br/>""Please message with any questions.",FixedPrice,GTC,73.60,,,,,1,,United States,Flat,USPSPriority,10.00,,,2,,,ReturnsAccepted,Days_30,MoneyBack,Buyer,,,,,,,,,,,,,,,,,,,,,,,,,,
Add,MYL-DP-027,52533,,Pre-Roll Matte Black/Clear,,,,,1000,bagsupplyco,,,,United States,https://www.bagsupplyco.com/images/mylar/pre-roll-matte-black-clear-designer.webp,,,"Pre-Roll Matte Black/Clear<br/>""<br/>""High-quality pharmacy prescription bags featuring the classic design. Strong, dependable paper bags built for everyday pharmacy and retail use.<br/>""<br/>""📦 Product Details<br/>""<br/>""Design: MYL-DP-027<br/>""<br/>""Size: N/A<br/>""<br/>""Quantity: 1<br/>""<br/>""Material: Durable paper<br/>""<br/>""Condition: Brand new<br/>""<br/>""Country of Manufacture: Made in the USA 🇺🇸<br/>""<br/>""🚚 Shipping<br/>""<br/>""Flat $10 shipping per case.<br/>""<br/>""Orders ship within 2 business days — most ship same or next business day.<br/>""<br/>""💼 Better Pricing Available<br/>""<br/>""Contact bagsupplyco directly for a cheaper rate — even if you are ordering just one case.<br/>""<br/>""✔ Sold as a full case only<br/>""<br/>""✔ Reliable supply for pharmacies and medical offices<br/>""<br/>""Please message with any questions.",FixedPrice,GTC,73.60,,,,,1,,United States,Flat,USPSPriority,10.00,,,2,,,ReturnsAccepted,Days_30,MoneyBack,Buyer,,,,,,,,,,,,,,,,,,,,,,,,,,
Add,MYL-DP-028,52533,,1/8 oz CR Exit Bag Matte Black,,,,,1000,bagsupplyco,,,,United States,https://www.bagsupplyco.com/images/mylar/1-8-oz-cr-exit-matte-black-designer.webp,,,"1/8 oz CR Exit Bag Matte Black<br/>""<br/>""High-quality pharmacy prescription bags featuring the classic design. Strong, dependable paper bags built for everyday pharmacy and retail use.<br/>""<br/>""📦 Product Details<br/>""<br/>""Design: MYL-DP-028<br/>""<br/>""Size: N/A<br/>""<br/>""Quantity: 1<br/>""<br/>""Material: Durable paper<br/>""<br/>""Condition: Brand new<br/>""<br/>""Country of Manufacture: Made in the USA 🇺🇸<br/>""<br/>""🚚 Shipping<br/>""<br/>""Flat $10 shipping per case.<br/>""<br/>""Orders ship within 2 business days — most ship same or next business day.<br/>""<br/>""💼 Better Pricing Available<br/>""<br/>""Contact bagsupplyco directly for a cheaper rate — even if you are ordering just one case.<br/>""<br/>""✔ Sold as a full case only<br/>""<br/>""✔ Reliable supply for pharmacies and medical offices<br/>""<br/>""Please message with any questions.",FixedPrice,GTC,46.00,,,,,1,,United States,Flat,USPSPriority,10.00,,,2,,,ReturnsAccepted,Days_30,MoneyBack,Buyer,,,,,,,,,,,,,,,,,,,,,,,,,,
Add,MYL-DP-029,52533,,1/4 oz CR Exit Bag Matte Black,,,,,1000,bagsupplyco,,,,United States,https://www.bagsupplyco.com/images/mylar/1-4-oz-cr-exit-matte-black-designer.webp,,,"1/4 oz CR Exit Bag Matte Black<br/>""<br/>""High-quality pharmacy prescription bags featuring the classic design. Strong, dependable paper bags built for everyday pharmacy and retail use.<br/>""<br/>""📦 Product Details<br/>""<br/>""Design: MYL-DP-029<br/>""<br/>""Size: N/A<br/>""<br/>""Quantity: 1<br/>""<br/>""Material: Durable paper<br/>""<br/>""Condition: Brand new<br/>""<br/>""Country of Manufacture: Made in the USA 🇺🇸<br/>""<br/>""🚚 Shipping<br/>""<br/>""Flat $10 shipping per case.<br/>""<br/>""Orders ship within 2 business days — most ship same or next business day.<br/>""<br/>""💼 Better Pricing Available<br/>""<br/>""Contact bagsupplyco directly for a cheaper rate — even if you are ordering just one case.<br/>""<br/>""✔ Sold as a full case only<br/>""<br/>""✔ Reliable supply for pharmacies and medical offices<br/>""<br/>""Please message with any questions.",FixedPrice,GTC,54.05,,,,,1,,United States,Flat,USPSPriority,10.00,,,2,,,ReturnsAccepted,Days_30,MoneyBack,Buyer,,,,,,,,,,,,,,,,,,,,,,,,,,
Add,MYL-DP-030,52533,,1 LB Grower Gloss Black/Clear,,,,,1000,bagsupplyco,,,,United States,https://www.bagsupplyco.com/images/mylar/1-lb-grower-gloss-black-clear-designer.webp,,,"1 LB Grower Gloss Black/Clear<br/>""<br/>""High-quality pharmacy prescription bags featuring the classic design. Strong, dependable paper bags built for everyday pharmacy and retail use.<br/>""<br/>""📦 Product Details<br/>""<br/>""Design: MYL-DP-030<br/>""<br/>""Size: N/A<br/>""<br/>""Quantity: 1<br/>""<br/>""Material: Durable paper<br/>""<br/>""Condition: Brand new<br/>""<br/>""Country of Manufacture: Made in the USA 🇺🇸<br/>""<br/>""🚚 Shipping<br/>""<br/>""Flat $10 shipping per case.<br/>""<br/>""Orders ship within 2 business days — most ship same or next business day.<br/>""<br/>""💼 Better Pricing Available<br/>""<br/>""Contact bagsupplyco directly for a cheaper rate — even if you are ordering just one case.<br/>""<br/>""✔ Sold as a full case only<br/>""<br/>""✔ Reliable supply for pharmacies and medical offices<br/>""<br/>""Please message with any questions.",FixedPrice,GTC,83.95,,,,,1,,United States,Flat,USPSPriority,10.00,,,2,,,ReturnsAccepted,Days_30,MoneyBack,Buyer,,,,,,,,,,,,,,,,,,,,,,,,,,
Add,MYL-PS-031,52533,,1g Gloss Black/Clear,,,,,1000,bagsupplyco,,,,United States,https://www.bagsupplyco.com/images/mylar/1g-gloss-black-clear-plain.webp,,,"1g Gloss Black/Clear<br/>""<br/>""High-quality pharmacy prescription bags featuring the classic design. Strong, dependable paper bags built for everyday pharmacy and retail use.<br/>""<br/>""📦 Product Details<br/>""<br/>""Design: MYL-PS-031<br/>""<br/>""Size: N/A<br/>""<br/>""Quantity: 1<br/>""<br/>""Material: Durable paper<br/>""<br/>""Condition: Brand new<br/>""<br/>""Country of Manufacture: Made in the USA 🇺🇸<br/>""<br/>""🚚 Shipping<br/>""<br/>""Flat $10 shipping per case.<br/>""<br/>""Orders ship within 2 business days — most ship same or next business day.<br/>""<br/>""💼 Better Pricing Available<br/>""<br/>""Contact bagsupplyco directly for a cheaper rate — even if you are ordering just one case.<br/>""<br/>""✔ Sold as a full case only<br/>""<br/>""✔ Reliable supply for pharmacies and medical offices<br/>""<br/>""Please message with any questions.",FixedPrice,GTC,125.35,,,,,1,,United States,Flat,USPSPriority,10.00,,,2,,,ReturnsAccepted,Days_30,MoneyBack,Buyer,,,,,,,,,,,,,,,,,,,,,,,,,,
Add,MYL-PS-032,52533,,1g Matte Black/Clear,,,,,1000,bagsupplyco,,,,United States,https://www.bagsupplyco.com/images/mylar/1g-matte-black-clear-plain.webp,,,"1g Matte Black/Clear<br/>""<br/>""High-quality pharmacy prescription bags featuring the classic design. Strong, dependable paper bags built for everyday pharmacy and retail use.<br/>""<br/>""📦 Product Details<br/>""<br/>""Design: MYL-PS-032<br/>""<br/>""Size: N/A<br/>""<br/>""Quantity: 1<br/>""<br/>""Material: Durable paper<br/>""<br/>""Condition: Brand new<br/>""<br/>""Country of Manufacture: Made in the USA 🇺🇸<br/>""<br/>""🚚 Shipping<br/>""<br/>""Flat $10 shipping per case.<br/>""<br/>""Orders ship within 2 business days — most ship same or next business day.<br/>""<br/>""💼 Better Pricing Available<br/>""<br/>""Contact bagsupplyco directly for a cheaper rate — even if you are ordering just one case.<br/>""<br/>""✔ Sold as a full case only<br/>""<br/>""✔ Reliable supply for pharmacies and medical offices<br/>""<br/>""Please message with any questions.",FixedPrice,GTC,125.35,,,,,1,,United States,Flat,USPSPriority,10.00,,,2,,,ReturnsAccepted,Days_30,MoneyBack,Buyer,,,,,,,,,,,,,,,,,,,,,,,,,,
Add,MYL-PS-033,52533,,1g Matte Black Opaque,,,,,1000,bagsupplyco,,,,United States,https://www.bagsupplyco.com/images/mylar/1g-matte-black-opaque-plain.webp,,,"1g Matte Black Opaque<br/>""<br/>""High-quality pharmacy prescription bags featuring the classic design. Strong, dependable paper bags built for everyday pharmacy and retail use.<br/>""<br/>""📦 Product Details<br/>""<br/>""Design: MYL-PS-033<br/>""<br/>""Size: N/A<br/>""<br/>""Quantity: 1<br/>""<br/>""Material: Durable paper<br/>""<br/>""Condition: Brand new<br/>""<br/>""Country of Manufacture: Made in the USA 🇺🇸<br/>""<br/>""🚚 Shipping<br/>""<br/>""Flat $10 shipping per case.<br/>""<br/>""Orders ship within 2 business days — most ship same or next business day.<br/>""<br/>""💼 Better Pricing Available<br/>""<br/>""Contact bagsupplyco directly for a cheaper rate — even if you are ordering just one case.<br/>""<br/>""✔ Sold as a full case only<br/>""<br/>""✔ Reliable supply for pharmacies and medical offices<br/>""<br/>""Please message with any questions.",FixedPrice,GTC,125.35,,,,,1,,United States,Flat,USPSPriority,10.00,,,2,,,ReturnsAccepted,Days_30,MoneyBack,Buyer,,,,,,,,,,,,,,,,,,,,,,,,,,
Add,MYL-PS-034,52533,,1g Matte White/Clear,,,,,1000,bagsupplyco,,,,United States,https://www.bagsupplyco.com/images/mylar/1g-matte-white-clear-plain.webp,,,"1g Matte White/Clear<br/>""<br/>""High-quality pharmacy prescription bags featuring the classic design. Strong, dependable paper bags built for everyday pharmacy and retail use.<br/>""<br/>""📦 Product Details<br/>""<br/>""Design: MYL-PS-034<br/>""<br/>""Size: N/A<br/>""<br/>""Quantity: 1<br/>""<br/>""Material: Durable paper<br/>""<br/>""Condition: Brand new<br/>""<br/>""Country of Manufacture: Made in the USA 🇺🇸<br/>""<br/>""🚚 Shipping<br/>""<br/>""Flat $10 shipping per case.<br/>""<br/>""Orders ship within 2 business days — most ship same or next business day.<br/>""<br/>""💼 Better Pricing Available<br/>""<br/>""Contact bagsupplyco directly for a cheaper rate — even if you are ordering just one case.<br/>""<br/>""✔ Sold as a full case only<br/>""<br/>""✔ Reliable supply for pharmacies and medical offices<br/>""<br/>""Please message with any questions.",FixedPrice,GTC,125.35,,,,,1,,United States,Flat,USPSPriority,10.00,,,2,,,ReturnsAccepted,Days_30,MoneyBack,Buyer,,,,,,,,,,,,,,,,,,,,,,,,,,
Add,MYL-PS-035,52533,,1g Gloss Silver/Clear,,,,,1000,bagsupplyco,,,,United States,https://www.bagsupplyco.com/images/mylar/1g-gloss-silver-clear-plain.webp,,,"1g Gloss Silver/Clear<br/>""<br/>""High-quality pharmacy prescription bags featuring the classic design. Strong, dependable paper bags built for everyday pharmacy and retail use.<br/>""<br/>""📦 Product Details<br/>""<br/>""Design: MYL-PS-035<br/>""<br/>""Size: N/A<br/>""<br/>""Quantity: 1<br/>""<br/>""Material: Durable paper<br/>""<br/>""Condition: Brand new<br/>""<br/>""Country of Manufacture: Made in the USA 🇺🇸<br/>""<br/>""🚚 Shipping<br/>""<br/>""Flat $10 shipping per case.<br/>""<br/>""Orders ship within 2 business days — most ship same or next business day.<br/>""<br/>""💼 Better Pricing Available<br/>""<br/>""Contact bagsupplyco directly for a cheaper rate — even if you are ordering just one case.<br/>""<br/>""✔ Sold as a full case only<br/>""<br/>""✔ Reliable supply for pharmacies and medical offices<br/>""<br/>""Please message with any questions.",FixedPrice,GTC,125.35,,,,,1,,United States,Flat,USPSPriority,10.00,,,2,,,ReturnsAccepted,Days_30,MoneyBack,Buyer,,,,,,,,,,,,,,,,,,,,,,,,,,
Add,MYL-PS-036,52533,,1g Gloss Holographic/Clear,,,,,1000,bagsupplyco,,,,United States,https://www.bagsupplyco.com/images/mylar/1g-gloss-holographic-clear-plain.webp,,,"1g Gloss Holographic/Clear<br/>""<br/>""High-quality pharmacy prescription bags featuring the classic design. Strong, dependable paper bags built for everyday pharmacy and retail use.<br/>""<br/>""📦 Product Details<br/>""<br/>""Design: MYL-PS-036<br/>""<br/>""Size: N/A<br/>""<br/>""Quantity: 1<br/>""<br/>""Material: Durable paper<br/>""<br/>""Condition: Brand new<br/>""<br/>""Country of Manufacture: Made in the USA 🇺🇸<br/>""<br/>""🚚 Shipping<br/>""<br/>""Flat $10 shipping per case.<br/>""<br/>""Orders ship within 2 business days — most ship same or next business day.<br/>""<br/>""💼 Better Pricing Available<br/>""<br/>""Contact bagsupplyco directly for a cheaper rate — even if you are ordering just one case.<br/>""<br/>""✔ Sold as a full case only<br/>""<br/>""✔ Reliable supply for pharmacies and medical offices<br/>""<br/>""Please message with any questions.",FixedPrice,GTC,125.35,,,,,1,,United States,Flat,USPSPriority,10.00,,,2,,,ReturnsAccepted,Days_30,MoneyBack,Buyer,,,,,,,,,,,,,,,,,,,,,,,,,,
Add,MYL-PS-037,52533,,1g Kraft/Clear,,,,,1000,bagsupplyco,,,,United States,https://www.bagsupplyco.com/images/mylar/1g-kraft-clear-plain.webp,,,"1g Kraft/Clear<br/>""<br/>""High-quality pharmacy prescription bags featuring the classic design. Strong, dependable paper bags built for everyday pharmacy and retail use.<br/>""<br/>""📦 Product Details<br/>""<br/>""Design: MYL-PS-037<br/>""<br/>""Size: N/A<br/>""<br/>""Quantity: 1<br/>""<br/>""Material: Durable paper<br/>""<br/>""Condition: Brand new<br/>""<br/>""Country of Manufacture: Made in the USA 🇺🇸<br/>""<br/>""🚚 Shipping<br/>""<br/>""Flat $10 shipping per case.<br/>""<br/>""Orders ship within 2 business days — most ship same or next business day.<br/>""<br/>""💼 Better Pricing Available<br/>""<br/>""Contact bagsupplyco directly for a cheaper rate — even if you are ordering just one case.<br/>""<br/>""✔ Sold as a full case only<br/>""<br/>""✔ Reliable supply for pharmacies and medical offices<br/>""<br/>""Please message with any questions.",FixedPrice,GTC,125.35,,,,,1,,United States,Flat,USPSPriority,10.00,,,2,,,ReturnsAccepted,Days_30,MoneyBack,Buyer,,,,,,,,,,,,,,,,,,,,,,,,,,
Add,MYL-PS-038,52533,,1/8 oz Gloss Black/Clear,,,,,1000,bagsupplyco,,,,United States,https://www.bagsupplyco.com/images/mylar/1-8-oz-gloss-black-clear-plain.webp,,,"1/8 oz Gloss Black/Clear<br/>""<br/>""High-quality pharmacy prescription bags featuring the classic design. Strong, dependable paper bags built for everyday pharmacy and retail use.<br/>""<br/>""📦 Product Details<br/>""<br/>""Design: MYL-PS-038<br/>""<br/>""Size: N/A<br/>""<br/>""Quantity: 1<br/>""<br/>""Material: Durable paper<br/>""<br/>""Condition: Brand new<br/>""<br/>""Country of Manufacture: Made in the USA 🇺🇸<br/>""<br/>""🚚 Shipping<br/>""<br/>""Flat $10 shipping per case.<br/>""<br/>""Orders ship within 2 business days — most ship same or next business day.<br/>""<br/>""💼 Better Pricing Available<br/>""<br/>""Contact bagsupplyco directly for a cheaper rate — even if you are ordering just one case.<br/>""<br/>""✔ Sold as a full case only<br/>""<br/>""✔ Reliable supply for pharmacies and medical offices<br/>""<br/>""Please message with any questions.",FixedPrice,GTC,146.05,,,,,1,,United States,Flat,USPSPriority,10.00,,,2,,,ReturnsAccepted,Days_30,MoneyBack,Buyer,,,,,,,,,,,,,,,,,,,,,,,,,,
Add,MYL-PS-039,52533,,1/8 oz Matte Black/Clear,,,,,1000,bagsupplyco,,,,United States,https://www.bagsupplyco.com/images/mylar/1-8-oz-matte-black-clear-plain.webp,,,"1/8 oz Matte Black/Clear<br/>""<br/>""High-quality pharmacy prescription bags featuring the classic design. Strong, dependable paper bags built for everyday pharmacy and retail use.<br/>""<br/>""📦 Product Details<br/>""<br/>""Design: MYL-PS-039<br/>""<br/>""Size: N/A<br/>""<br/>""Quantity: 1<br/>""<br/>""Material: Durable paper<br/>""<br/>""Condition: Brand new<br/>""<br/>""Country of Manufacture: Made in the USA 🇺🇸<br/>""<br/>""🚚 Shipping<br/>""<br/>""Flat $10 shipping per case.<br/>""<br/>""Orders ship within 2 business days — most ship same or next business day.<br/>""<br/>""💼 Better Pricing Available<br/>""<br/>""Contact bagsupplyco directly for a cheaper rate — even if you are ordering just one case.<br/>""<br/>""✔ Sold as a full case only<br/>""<br/>""✔ Reliable supply for pharmacies and medical offices<br/>""<br/>""Please message with any questions.",FixedPrice,GTC,146.05,,,,,1,,United States,Flat,USPSPriority,10.00,,,2,,,ReturnsAccepted,Days_30,MoneyBack,Buyer,,,,,,,,,,,,,,,,,,,,,,,,,,
Add,MYL-PS-040,52533,,1/8 oz Matte Black Opaque,,,,,1000,bagsupplyco,,,,United States,https://www.bagsupplyco.com/images/mylar/1-8-oz-matte-black-opaque-plain.webp,,,"1/8 oz Matte Black Opaque<br/>""<br/>""High-quality pharmacy prescription bags featuring the classic design. Strong, dependable paper bags built for everyday pharmacy and retail use.<br/>""<br/>""📦 Product Details<br/>""<br/>""Design: MYL-PS-040<br/>""<br/>""Size: N/A<br/>""<br/>""Quantity: 1<br/>""<br/>""Material: Durable paper<br/>""<br/>""Condition: Brand new<br/>""<br/>""Country of Manufacture: Made in the USA 🇺🇸<br/>""<br/>""🚚 Shipping<br/>""<br/>""Flat $10 shipping per case.<br/>""<br/>""Orders ship within 2 business days — most ship same or next business day.<br/>""<br/>""💼 Better Pricing Available<br/>""<br/>""Contact bagsupplyco directly for a cheaper rate — even if you are ordering just one case.<br/>""<br/>""✔ Sold as a full case only<br/>""<br/>""✔ Reliable supply for pharmacies and medical offices<br/>""<br/>""Please message with any questions.",FixedPrice,GTC,146.05,,,,,1,,United States,Flat,USPSPriority,10.00,,,2,,,ReturnsAccepted,Days_30,MoneyBack,Buyer,,,,,,,,,,,,,,,,,,,,,,,,,,
Add,MYL-PS-041,52533,,1/8 oz Matte White/Clear,,,,,1000,bagsupplyco,,,,United States,https://www.bagsupplyco.com/images/mylar/1-8-oz-matte-white-clear-plain.webp,,,"1/8 oz Matte White/Clear<br/>""<br/>""High-quality pharmacy prescription bags featuring the classic design. Strong, dependable paper bags built for everyday pharmacy and retail use.<br/>""<br/>""📦 Product Details<br/>""<br/>""Design: MYL-PS-041<br/>""<br/>""Size: N/A<br/>""<br/>""Quantity: 1<br/>""<br/>""Material: Durable paper<br/>""<br/>""Condition: Brand new<br/>""<br/>""Country of Manufacture: Made in the USA 🇺🇸<br/>""<br/>""🚚 Shipping<br/>""<br/>""Flat $10 shipping per case.<br/>""<br/>""Orders ship within 2 business days — most ship same or next business day.<br/>""<br/>""💼 Better Pricing Available<br/>""<br/>""Contact bagsupplyco directly for a cheaper rate — even if you are ordering just one case.<br/>""<br/>""✔ Sold as a full case only<br/>""<br/>""✔ Reliable supply for pharmacies and medical offices<br/>""<br/>""Please message with any questions.",FixedPrice,GTC,146.05,,,,,1,,United States,Flat,USPSPriority,10.00,,,2,,,ReturnsAccepted,Days_30,MoneyBack,Buyer,,,,,,,,,,,,,,,,,,,,,,,,,,
Add,MYL-PS-042,52533,,1/8 oz Gloss Silver/Clear,,,,,1000,bagsupplyco,,,,United States,https://www.bagsupplyco.com/images/mylar/1-8-oz-gloss-silver-clear-plain.webp,,,"1/8 oz Gloss Silver/Clear<br/>""<br/>""High-quality pharmacy prescription bags featuring the classic design. Strong, dependable paper bags built for everyday pharmacy and retail use.<br/>""<br/>""📦 Product Details<br/>""<br/>""Design: MYL-PS-042<br/>""<br/>""Size: N/A<br/>""<br/>""Quantity: 1<br/>""<br/>""Material: Durable paper<br/>""<br/>""Condition: Brand new<br/>""<br/>""Country of Manufacture: Made in the USA 🇺🇸<br/>""<br/>""🚚 Shipping<br/>""<br/>""Flat $10 shipping per case.<br/>""<br/>""Orders ship within 2 business days — most ship same or next business day.<br/>""<br/>""💼 Better Pricing Available<br/>""<br/>""Contact bagsupplyco directly for a cheaper rate — even if you are ordering just one case.<br/>""<br/>""✔ Sold as a full case only<br/>""<br/>""✔ Reliable supply for pharmacies and medical offices<br/>""<br/>""Please message with any questions.",FixedPrice,GTC,146.05,,,,,1,,United States,Flat,USPSPriority,10.00,,,2,,,ReturnsAccepted,Days_30,MoneyBack,Buyer,,,,,,,,,,,,,,,,,,,,,,,,,,
Add,MYL-PS-043,52533,,1/8 oz Gloss Gold/Clear,,,,,1000,bagsupplyco,,,,United States,https://www.bagsupplyco.com/images/mylar/1-8-oz-gloss-gold-clear-plain.webp,,,"1/8 oz Gloss Gold/Clear<br/>""<br/>""High-quality pharmacy prescription bags featuring the classic design. Strong, dependable paper bags built for everyday pharmacy and retail use.<br/>""<br/>""📦 Product Details<br/>""<br/>""Design: MYL-PS-043<br/>""<br/>""Size: N/A<br/>""<br/>""Quantity: 1<br/>""<br/>""Material: Durable paper<br/>""<br/>""Condition: Brand new<br/>""<br/>""Country of Manufacture: Made in the USA 🇺🇸<br/>""<br/>""🚚 Shipping<br/>""<br/>""Flat $10 shipping per case.<br/>""<br/>""Orders ship within 2 business days — most ship same or next business day.<br/>""<br/>""💼 Better Pricing Available<br/>""<br/>""Contact bagsupplyco directly for a cheaper rate — even if you are ordering just one case.<br/>""<br/>""✔ Sold as a full case only<br/>""<br/>""✔ Reliable supply for pharmacies and medical offices<br/>""<br/>""Please message with any questions.",FixedPrice,GTC,146.05,,,,,1,,United States,Flat,USPSPriority,10.00,,,2,,,ReturnsAccepted,Days_30,MoneyBack,Buyer,,,,,,,,,,,,,,,,,,,,,,,,,,
Add,MYL-PS-044,52533,,1/8 oz Gloss Holographic/Clear,,,,,1000,bagsupplyco,,,,United States,https://www.bagsupplyco.com/images/mylar/1-8-oz-gloss-holographic-clear-plain.webp,,,"1/8 oz Gloss Holographic/Clear<br/>""<br/>""High-quality pharmacy prescription bags featuring the classic design. Strong, dependable paper bags built for everyday pharmacy and retail use.<br/>""<br/>""📦 Product Details<br/>""<br/>""Design: MYL-PS-044<br/>""<br/>""Size: N/A<br/>""<br/>""Quantity: 1<br/>""<br/>""Material: Durable paper<br/>""<br/>""Condition: Brand new<br/>""<br/>""Country of Manufacture: Made in the USA 🇺🇸<br/>""<br/>""🚚 Shipping<br/>""<br/>""Flat $10 shipping per case.<br/>""<br/>""Orders ship within 2 business days — most ship same or next business day.<br/>""<br/>""💼 Better Pricing Available<br/>""<br/>""Contact bagsupplyco directly for a cheaper rate — even if you are ordering just one case.<br/>""<br/>""✔ Sold as a full case only<br/>""<br/>""✔ Reliable supply for pharmacies and medical offices<br/>""<br/>""Please message with any questions.",FixedPrice,GTC,146.05,,,,,1,,United States,Flat,USPSPriority,10.00,,,2,,,ReturnsAccepted,Days_30,MoneyBack,Buyer,,,,,,,,,,,,,,,,,,,,,,,,,,
Add,MYL-PS-045,52533,,1/8 oz Kraft/Clear,,,,,1000,bagsupplyco,,,,United States,https://www.bagsupplyco.com/images/mylar/1-8-oz-kraft-clear-plain.webp,,,"1/8 oz Kraft/Clear<br/>""<br/>""High-quality pharmacy prescription bags featuring the classic design. Strong, dependable paper bags built for everyday pharmacy and retail use.<br/>""<br/>""📦 Product Details<br/>""<br/>""Design: MYL-PS-045<br/>""<br/>""Size: N/A<br/>""<br/>""Quantity: 1<br/>""<br/>""Material: Durable paper<br/>""<br/>""Condition: Brand new<br/>""<br/>""Country of Manufacture: Made in the USA 🇺🇸<br/>""<br/>""🚚 Shipping<br/>""<br/>""Flat $10 shipping per case.<br/>""<br/>""Orders ship within 2 business days — most ship same or next business day.<br/>""<br/>""💼 Better Pricing Available<br/>""<br/>""Contact bagsupplyco directly for a cheaper rate — even if you are ordering just one case.<br/>""<br/>""✔ Sold as a full case only<br/>""<br/>""✔ Reliable supply for pharmacies and medical offices<br/>""<br/>""Please message with any questions.",FixedPrice,GTC,146.05,,,,,1,,United States,Flat,USPSPriority,10.00,,,2,,,ReturnsAccepted,Days_30,MoneyBack,Buyer,,,,,,,,,,,,,,,,,,,,,,,,,,
Add,MYL-PS-046,52533,,1/4 oz Gloss Black/Clear,,,,,1000,bagsupplyco,,,,United States,https://www.bagsupplyco.com/images/mylar/1-4-oz-gloss-black-clear-plain.webp,,,"1/4 oz Gloss Black/Clear<br/>""<br/>""High-quality pharmacy prescription bags featuring the classic design. Strong, dependable paper bags built for everyday pharmacy and retail use.<br/>""<br/>""📦 Product Details<br/>""<br/>""Design: MYL-PS-046<br/>""<br/>""Size: N/A<br/>""<br/>""Quantity: 1<br/>""<br/>""Material: Durable paper<br/>""<br/>""Condition: Brand new<br/>""<br/>""Country of Manufacture: Made in the USA 🇺🇸<br/>""<br/>""🚚 Shipping<br/>""<br/>""Flat $10 shipping per case.<br/>""<br/>""Orders ship within 2 business days — most ship same or next business day.<br/>""<br/>""💼 Better Pricing Available<br/>""<br/>""Contact bagsupplyco directly for a cheaper rate — even if you are ordering just one case.<br/>""<br/>""✔ Sold as a full case only<br/>""<br/>""✔ Reliable supply for pharmacies and medical offices<br/>""<br/>""Please message with any questions.",FixedPrice,GTC,166.75,,,,,1,,United States,Flat,USPSPriority,10.00,,,2,,,ReturnsAccepted,Days_30,MoneyBack,Buyer,,,,,,,,,,,,,,,,,,,,,,,,,,
Add,MYL-PS-047,52533,,1/4 oz Matte Black/Clear,,,,,1000,bagsupplyco,,,,United States,https://www.bagsupplyco.com/images/mylar/1-4-oz-matte-black-clear-plain.webp,,,"1/4 oz Matte Black/Clear<br/>""<br/>""High-quality pharmacy prescription bags featuring the classic design. Strong, dependable paper bags built for everyday pharmacy and retail use.<br/>""<br/>""📦 Product Details<br/>""<br/>""Design: MYL-PS-047<br/>""<br/>""Size: N/A<br/>""<br/>""Quantity: 1<br/>""<br/>""Material: Durable paper<br/>""<br/>""Condition: Brand new<br/>""<br/>""Country of Manufacture: Made in the USA 🇺🇸<br/>""<br/>""🚚 Shipping<br/>""<br/>""Flat $10 shipping per case.<br/>""<br/>""Orders ship within 2 business days — most ship same or next business day.<br/>""<br/>""💼 Better Pricing Available<br/>""<br/>""Contact bagsupplyco directly for a cheaper rate — even if you are ordering just one case.<br/>""<br/>""✔ Sold as a full case only<br/>""<br/>""✔ Reliable supply for pharmacies and medical offices<br/>""<br/>""Please message with any questions.",FixedPrice,GTC,188.60,,,,,1,,United States,Flat,USPSPriority,10.00,,,2,,,ReturnsAccepted,Days_30,MoneyBack,Buyer,,,,,,,,,,,,,,,,,,,,,,,,,,
Add,MYL-PS-048,52533,,1/4 oz Matte White/Clear,,,,,1000,bagsupplyco,,,,United States,https://www.bagsupplyco.com/images/mylar/1-4-oz-matte-white-clear-plain.webp,,,"1/4 oz Matte White/Clear<br/>""<br/>""High-quality pharmacy prescription bags featuring the classic design. Strong, dependable paper bags built for everyday pharmacy and retail use.<br/>""<br/>""📦 Product Details<br/>""<br/>""Design: MYL-PS-048<br/>""<br/>""Size: N/A<br/>""<br/>""Quantity: 1<br/>""<br/>""Material: Durable paper<br/>""<br/>""Condition: Brand new<br/>""<br/>""Country of Manufacture: Made in the USA 🇺🇸<br/>""<br/>""🚚 Shipping<br/>""<br/>""Flat $10 shipping per case.<br/>""<br/>""Orders ship within 2 business days — most ship same or next business day.<br/>""<br/>""💼 Better Pricing Available<br/>""<br/>""Contact bagsupplyco directly for a cheaper rate — even if you are ordering just one case.<br/>""<br/>""✔ Sold as a full case only<br/>""<br/>""✔ Reliable supply for pharmacies and medical offices<br/>""<br/>""Please message with any questions.",FixedPrice,GTC,188.60,,,,,1,,United States,Flat,USPSPriority,10.00,,,2,,,ReturnsAccepted,Days_30,MoneyBack,Buyer,,,,,,,,,,,,,,,,,,,,,,,,,,
Add,MYL-PS-049,52533,,1/2 oz Gloss Black/Clear,,,,,1000,bagsupplyco,,,,United States,https://www.bagsupplyco.com/images/mylar/1-2-oz-gloss-black-clear-plain.webp,,,"1/2 oz Gloss Black/Clear<br/>""<br/>""High-quality pharmacy prescription bags featuring the classic design. Strong, dependable paper bags built for everyday pharmacy and retail use.<br/>""<br/>""📦 Product Details<br/>""<br/>""Design: MYL-PS-049<br/>""<br/>""Size: N/A<br/>""<br/>""Quantity: 1<br/>""<br/>""Material: Durable paper<br/>""<br/>""Condition: Brand new<br/>""<br/>""Country of Manufacture: Made in the USA 🇺🇸<br/>""<br/>""🚚 Shipping<br/>""<br/>""Flat $10 shipping per case.<br/>""<br/>""Orders ship within 2 business days — most ship same or next business day.<br/>""<br/>""💼 Better Pricing Available<br/>""<br/>""Contact bagsupplyco directly for a cheaper rate — even if you are ordering just one case.<br/>""<br/>""✔ Sold as a full case only<br/>""<br/>""✔ Reliable supply for pharmacies and medical offices<br/>""<br/>""Please message with any questions.",FixedPrice,GTC,230.00,,,,,1,,United States,Flat,USPSPriority,10.00,,,2,,,ReturnsAccepted,Days_30,MoneyBack,Buyer,,,,,,,,,,,,,,,,,,,,,,,,,,
Add,MYL-PS-050,52533,,1/2 oz Matte Black/Clear,,,,,1000,bagsupplyco,,,,United States,https://www.bagsupplyco.com/images/mylar/1-2-oz-matte-black-clear-plain.webp,,,"1/2 oz Matte Black/Clear<br/>""<br/>""High-quality pharmacy prescription bags featuring the classic design. Strong, dependable paper bags built for everyday pharmacy and retail use.<br/>""<br/>""📦 Product Details<br/>""<br/>""Design: MYL-PS-050<br/>""<br/>""Size: N/A<br/>""<br/>""Quantity: 1<br/>""<br/>""Material: Durable paper<br/>""<br/>""Condition: Brand new<br/>""<br/>""Country of Manufacture: Made in the USA 🇺🇸<br/>""<br/>""🚚 Shipping<br/>""<br/>""Flat $10 shipping per case.<br/>""<br/>""Orders ship within 2 business days — most ship same or next business day.<br/>""<br/>""💼 Better Pricing Available<br/>""<br/>""Contact bagsupplyco directly for a cheaper rate — even if you are ordering just one case.<br/>""<br/>""✔ Sold as a full case only<br/>""<br/>""✔ Reliable supply for pharmacies and medical offices<br/>""<br/>""Please message with any questions.",FixedPrice,GTC,250.70,,,,,1,,United States,Flat,USPSPriority,10.00,,,2,,,ReturnsAccepted,Days_30,MoneyBack,Buyer,,,,,,,,,,,,,,,,,,,,,,,,,,
Add,MYL-PS-051,52533,,1/2 oz Matte Black Opaque,,,,,1000,bagsupplyco,,,,United States,https://www.bagsupplyco.com/images/mylar/1-2-oz-matte-black-opaque-plain.webp,,,"1/2 oz Matte Black Opaque<br/>""<br/>""High-quality pharmacy prescription bags featuring the classic design. Strong, dependable paper bags built for everyday pharmacy and retail use.<br/>""<br/>""📦 Product Details<br/>""<br/>""Design: MYL-PS-051<br/>""<br/>""Size: N/A<br/>""<br/>""Quantity: 1<br/>""<br/>""Material: Durable paper<br/>""<br/>""Condition: Brand new<br/>""<br/>""Country of Manufacture: Made in the USA 🇺🇸<br/>""<br/>""🚚 Shipping<br/>""<br/>""Flat $10 shipping per case.<br/>""<br/>""Orders ship within 2 business days — most ship same or next business day.<br/>""<br/>""💼 Better Pricing Available<br/>""<br/>""Contact bagsupplyco directly for a cheaper rate — even if you are ordering just one case.<br/>""<br/>""✔ Sold as a full case only<br/>""<br/>""✔ Reliable supply for pharmacies and medical offices<br/>""<br/>""Please message with any questions.",FixedPrice,GTC,250.70,,,,,1,,United States,Flat,USPSPriority,10.00,,,2,,,ReturnsAccepted,Days_30,MoneyBack,Buyer,,,,,,,,,,,,,,,,,,,,,,,,,,
Add,MYL-PS-052,52533,,1 oz Gloss Black/Clear,,,,,1000,bagsupplyco,,,,United States,https://www.bagsupplyco.com/images/mylar/1-oz-gloss-black-clear-plain.webp,,,"1 oz Gloss Black/Clear<br/>""<br/>""High-quality pharmacy prescription bags featuring the classic design. Strong, dependable paper bags built for everyday pharmacy and retail use.<br/>""<br/>""📦 Product Details<br/>""<br/>""Design: MYL-PS-052<br/>""<br/>""Size: N/A<br/>""<br/>""Quantity: 1<br/>""<br/>""Material: Durable paper<br/>""<br/>""Condition: Brand new<br/>""<br/>""Country of Manufacture: Made in the USA 🇺🇸<br/>""<br/>""🚚 Shipping<br/>""<br/>""Flat $10 shipping per case.<br/>""<br/>""Orders ship within 2 business days — most ship same or next business day.<br/>""<br/>""💼 Better Pricing Available<br/>""<br/>""Contact bagsupplyco directly for a cheaper rate — even if you are ordering just one case.<br/>""<br/>""✔ Sold as a full case only<br/>""<br/>""✔ Reliable supply for pharmacies and medical offices<br/>""<br/>""Please message with any questions.",FixedPrice,GTC,271.40,,,,,1,,United States,Flat,USPSPriority,10.00,,,2,,,ReturnsAccepted,Days_30,MoneyBack,Buyer,,,,,,,,,,,,,,,,,,,,,,,,,,
Add,MYL-PS-053,52533,,1 oz Matte Black/Clear,,,,,1000,bagsupplyco,,,,United States,https://www.bagsupplyco.com/images/mylar/1-oz-matte-black-clear-plain.webp,,,"1 oz Matte Black/Clear<br/>""<br/>""High-quality pharmacy prescription bags featuring the classic design. Strong, dependable paper bags built for everyday pharmacy and retail use.<br/>""<br/>""📦 Product Details<br/>""<br/>""Design: MYL-PS-053<br/>""<br/>""Size: N/A<br/>""<br/>""Quantity: 1<br/>""<br/>""Material: Durable paper<br/>""<br/>""Condition: Brand new<br/>""<br/>""Country of Manufacture: Made in the USA 🇺🇸<br/>""<br/>""🚚 Shipping<br/>""<br/>""Flat $10 shipping per case.<br/>""<br/>""Orders ship within 2 business days — most ship same or next business day.<br/>""<br/>""💼 Better Pricing Available<br/>""<br/>""Contact bagsupplyco directly for a cheaper rate — even if you are ordering just one case.<br/>""<br/>""✔ Sold as a full case only<br/>""<br/>""✔ Reliable supply for pharmacies and medical offices<br/>""<br/>""Please message with any questions.",FixedPrice,GTC,292.10,,,,,1,,United States,Flat,USPSPriority,10.00,,,2,,,ReturnsAccepted,Days_30,MoneyBack,Buyer,,,,,,,,,,,,,,,,,,,,,,,,,,
Add,MYL-PS-054,52533,,1 oz Matte Black Opaque,,,,,1000,bagsupplyco,,,,United States,https://www.bagsupplyco.com/images/mylar/1-oz-matte-black-opaque-plain.webp,,,"1 oz Matte Black Opaque<br/>""<br/>""High-quality pharmacy prescription bags featuring the classic design. Strong, dependable paper bags built for everyday pharmacy and retail use.<br/>""<br/>""📦 Product Details<br/>""<br/>""Design: MYL-PS-054<br/>""<br/>""Size: N/A<br/>""<br/>""Quantity: 1<br/>""<br/>""Material: Durable paper<br/>""<br/>""Condition: Brand new<br/>""<br/>""Country of Manufacture: Made in the USA 🇺🇸<br/>""<br/>""🚚 Shipping<br/>""<br/>""Flat $10 shipping per case.<br/>""<br/>""Orders ship within 2 business days — most ship same or next business day.<br/>""<br/>""💼 Better Pricing Available<br/>""<br/>""Contact bagsupplyco directly for a cheaper rate — even if you are ordering just one case.<br/>""<br/>""✔ Sold as a full case only<br/>""<br/>""✔ Reliable supply for pharmacies and medical offices<br/>""<br/>""Please message with any questions.",FixedPrice,GTC,292.10,,,,,1,,United States,Flat,USPSPriority,10.00,,,2,,,ReturnsAccepted,Days_30,MoneyBack,Buyer,,,,,,,,,,,,,,,,,,,,,,,,,,
Add,MYL-PS-055,52533,,1/8 oz CR Exit Bag Gloss Black Opaque,,,,,1000,bagsupplyco,,,,United States,https://www.bagsupplyco.com/images/mylar/1-8-oz-cr-exit-gloss-black-opaque-plain.webp,,,"1/8 oz CR Exit Bag Gloss Black Opaque<br/>""<br/>""High-quality pharmacy prescription bags featuring the classic design. Strong, dependable paper bags built for everyday pharmacy and retail use.<br/>""<br/>""📦 Product Details<br/>""<br/>""Design: MYL-PS-055<br/>""<br/>""Size: N/A<br/>""<br/>""Quantity: 1<br/>""<br/>""Material: Durable paper<br/>""<br/>""Condition: Brand new<br/>""<br/>""Country of Manufacture: Made in the USA 🇺🇸<br/>""<br/>""🚚 Shipping<br/>""<br/>""Flat $10 shipping per case.<br/>""<br/>""Orders ship within 2 business days — most ship same or next business day.<br/>""<br/>""💼 Better Pricing Available<br/>""<br/>""Contact bagsupplyco directly for a cheaper rate — even if you are ordering just one case.<br/>""<br/>""✔ Sold as a full case only<br/>""<br/>""✔ Reliable supply for pharmacies and medical offices<br/>""<br/>""Please message with any questions.",FixedPrice,GTC,230.00,,,,,1,,United States,Flat,USPSPriority,10.00,,,2,,,ReturnsAccepted,Days_30,MoneyBack,Buyer,,,,,,,,,,,,,,,,,,,,,,,,,,
Add,MYL-PS-056,52533,,1/8 oz CR Exit Bag Matte Black/Clear,,,,,1000,bagsupplyco,,,,United States,https://www.bagsupplyco.com/images/mylar/1-8-oz-cr-exit-matte-black-clear-plain.webp,,,"1/8 oz CR Exit Bag Matte Black/Clear<br/>""<br/>""High-quality pharmacy prescription bags featuring the classic design. Strong, dependable paper bags built for everyday pharmacy and retail use.<br/>""<br/>""📦 Product Details<br/>""<br/>""Design: MYL-PS-056<br/>""<br/>""Size: N/A<br/>""<br/>""Quantity: 1<br/>""<br/>""Material: Durable paper<br/>""<br/>""Condition: Brand new<br/>""<br/>""Country of Manufacture: Made in the USA 🇺🇸<br/>""<br/>""🚚 Shipping<br/>""<br/>""Flat $10 shipping per case.<br/>""<br/>""Orders ship within 2 business days — most ship same or next business day.<br/>""<br/>""💼 Better Pricing Available<br/>""<br/>""Contact bagsupplyco directly for a cheaper rate — even if you are ordering just one case.<br/>""<br/>""✔ Sold as a full case only<br/>""<br/>""✔ Reliable supply for pharmacies and medical offices<br/>""<br/>""Please message with any questions.",FixedPrice,GTC,230.00,,,,,1,,United States,Flat,USPSPriority,10.00,,,2,,,ReturnsAccepted,Days_30,MoneyBack,Buyer,,,,,,,,,,,,,,,,,,,,,,,,,,
Add,MYL-PS-057,52533,,1/8 oz CR Exit Bag Gloss White/Clear,,,,,1000,bagsupplyco,,,,United States,https://www.bagsupplyco.com/images/mylar/1-8-oz-cr-exit-gloss-white-clear-plain.webp,,,"1/8 oz CR Exit Bag Gloss White/Clear<br/>""<br/>""High-quality pharmacy prescription bags featuring the classic design. Strong, dependable paper bags built for everyday pharmacy and retail use.<br/>""<br/>""📦 Product Details<br/>""<br/>""Design: MYL-PS-057<br/>""<br/>""Size: N/A<br/>""<br/>""Quantity: 1<br/>""<br/>""Material: Durable paper<br/>""<br/>""Condition: Brand new<br/>""<br/>""Country of Manufacture: Made in the USA 🇺🇸<br/>""<br/>""🚚 Shipping<br/>""<br/>""Flat $10 shipping per case.<br/>""<br/>""Orders ship within 2 business days — most ship same or next business day.<br/>""<br/>""💼 Better Pricing Available<br/>""<br/>""Contact bagsupplyco directly for a cheaper rate — even if you are ordering just one case.<br/>""<br/>""✔ Sold as a full case only<br/>""<br/>""✔ Reliable supply for pharmacies and medical offices<br/>""<br/>""Please message with any questions.",FixedPrice,GTC,230.00,,,,,1,,United States,Flat,USPSPriority,10.00,,,2,,,ReturnsAccepted,Days_30,MoneyBack,Buyer,,,,,,,,,,,,,,,,,,,,,,,,,,
Add,MYL-PS-058,52533,,1/8 oz CR Exit Bag Gloss White Opaque,,,,,1000,bagsupplyco,,,,United States,https://www.bagsupplyco.com/images/mylar/1-8-oz-cr-exit-gloss-white-opaque-plain.webp,,,"1/8 oz CR Exit Bag Gloss White Opaque<br/>""<br/>""High-quality pharmacy prescription bags featuring the classic design. Strong, dependable paper bags built for everyday pharmacy and retail use.<br/>""<br/>""📦 Product Details<br/>""<br/>""Design: MYL-PS-058<br/>""<br/>""Size: N/A<br/>""<br/>""Quantity: 1<br/>""<br/>""Material: Durable paper<br/>""<br/>""Condition: Brand new<br/>""<br/>""Country of Manufacture: Made in the USA 🇺🇸<br/>""<br/>""🚚 Shipping<br/>""<br/>""Flat $10 shipping per case.<br/>""<br/>""Orders ship within 2 business days — most ship same or next business day.<br/>""<br/>""💼 Better Pricing Available<br/>""<br/>""Contact bagsupplyco directly for a cheaper rate — even if you are ordering just one case.<br/>""<br/>""✔ Sold as a full case only<br/>""<br/>""✔ Reliable supply for pharmacies and medical offices<br/>""<br/>""Please message with any questions.",FixedPrice,GTC,230.00,,,,,1,,United States,Flat,USPSPriority,10.00,,,2,,,ReturnsAccepted,Days_30,MoneyBack,Buyer,,,,,,,,,,,,,,,,,,,,,,,,,,
Add,MYL-PS-059,52533,,1/8 oz CR Exit Bag Kraft Opaque,,,,,1000,bagsupplyco,,,,United States,https://www.bagsupplyco.com/images/mylar/1-8-oz-cr-exit-kraft-opaque-plain.webp,,,"1/8 oz CR Exit Bag Kraft Opaque<br/>""<br/>""High-quality pharmacy prescription bags featuring the classic design. Strong, dependable paper bags built for everyday pharmacy and retail use.<br/>""<br/>""📦 Product Details<br/>""<br/>""Design: MYL-PS-059<br/>""<br/>""Size: N/A<br/>""<br/>""Quantity: 1<br/>""<br/>""Material: Durable paper<br/>""<br/>""Condition: Brand new<br/>""<br/>""Country of Manufacture: Made in the USA 🇺🇸<br/>""<br/>""🚚 Shipping<br/>""<br/>""Flat $10 shipping per case.<br/>""<br/>""Orders ship within 2 business days — most ship same or next business day.<br/>""<br/>""💼 Better Pricing Available<br/>""<br/>""Contact bagsupplyco directly for a cheaper rate — even if you are ordering just one case.<br/>""<br/>""✔ Sold as a full case only<br/>""<br/>""✔ Reliable supply for pharmacies and medical offices<br/>""<br/>""Please message with any questions.",FixedPrice,GTC,230.00,,,,,1,,United States,Flat,USPSPriority,10.00,,,2,,,ReturnsAccepted,Days_30,MoneyBack,Buyer,,,,,,,,,,,,,,,,,,,,,,,,,,
Add,MYL-PS-060,52533,,1/4 oz CR Exit Bag Matte Black/Clear,,,,,1000,bagsupplyco,,,,United States,https://www.bagsupplyco.com/images/mylar/1-4-oz-cr-exit-matte-black-clear-plain.webp,,,"1/4 oz CR Exit Bag Matte Black/Clear<br/>""<br/>""High-quality pharmacy prescription bags featuring the classic design. Strong, dependable paper bags built for everyday pharmacy and retail use.<br/>""<br/>""📦 Product Details<br/>""<br/>""Design: MYL-PS-060<br/>""<br/>""Size: N/A<br/>""<br/>""Quantity: 1<br/>""<br/>""Material: Durable paper<br/>""<br/>""Condition: Brand new<br/>""<br/>""Country of Manufacture: Made in the USA 🇺🇸<br/>""<br/>""🚚 Shipping<br/>""<br/>""Flat $10 shipping per case.<br/>""<br/>""Orders ship within 2 business days — most ship same or next business day.<br/>""<br/>""💼 Better Pricing Available<br/>""<br/>""Contact bagsupplyco directly for a cheaper rate — even if you are ordering just one case.<br/>""<br/>""✔ Sold as a full case only<br/>""<br/>""✔ Reliable supply for pharmacies and medical offices<br/>""<br/>""Please message with any questions.",FixedPrice,GTC,272.55,,,,,1,,United States,Flat,USPSPriority,10.00,,,2,,,ReturnsAccepted,Days_30,MoneyBack,Buyer,,,,,,,,,,,,,,,,,,,,,,,,,,
Add,MYL-PS-061,52533,,1/4 oz CR Exit Bag Gloss Black Opaque,,,,,1000,bagsupplyco,,,,United States,https://www.bagsupplyco.com/images/mylar/1-4-oz-cr-exit-gloss-black-opaque-plain.webp,,,"1/4 oz CR Exit Bag Gloss Black Opaque<br/>""<br/>""High-quality pharmacy prescription bags featuring the classic design. Strong, dependable paper bags built for everyday pharmacy and retail use.<br/>""<br/>""📦 Product Details<br/>""<br/>""Design: MYL-PS-061<br/>""<br/>""Size: N/A<br/>""<br/>""Quantity: 1<br/>""<br/>""Material: Durable paper<br/>""<br/>""Condition: Brand new<br/>""<br/>""Country of Manufacture: Made in the USA 🇺🇸<br/>""<br/>""🚚 Shipping<br/>""<br/>""Flat $10 shipping per case.<br/>""<br/>""Orders ship within 2 business days — most ship same or next business day.<br/>""<br/>""💼 Better Pricing Available<br/>""<br/>""Contact bagsupplyco directly for a cheaper rate — even if you are ordering just one case.<br/>""<br/>""✔ Sold as a full case only<br/>""<br/>""✔ Reliable supply for pharmacies and medical offices<br/>""<br/>""Please message with any questions.",FixedPrice,GTC,272.55,,,,,1,,United States,Flat,USPSPriority,10.00,,,2,,,ReturnsAccepted,Days_30,MoneyBack,Buyer,,,,,,,,,,,,,,,,,,,,,,,,,,
Add,MYL-PS-062,52533,,1/4 oz CR Exit Bag Gloss White/Clear,,,,,1000,bagsupplyco,,,,United States,https://www.bagsupplyco.com/images/mylar/1-4-oz-cr-exit-gloss-white-clear-plain.webp,,,"1/4 oz CR Exit Bag Gloss White/Clear<br/>""<br/>""High-quality pharmacy prescription bags featuring the classic design. Strong, dependable paper bags built for everyday pharmacy and retail use.<br/>""<br/>""📦 Product Details<br/>""<br/>""Design: MYL-PS-062<br/>""<br/>""Size: N/A<br/>""<br/>""Quantity: 1<br/>""<br/>""Material: Durable paper<br/>""<br/>""Condition: Brand new<br/>""<br/>""Country of Manufacture: Made in the USA 🇺🇸<br/>""<br/>""🚚 Shipping<br/>""<br/>""Flat $10 shipping per case.<br/>""<br/>""Orders ship within 2 business days — most ship same or next business day.<br/>""<br/>""💼 Better Pricing Available<br/>""<br/>""Contact bagsupplyco directly for a cheaper rate — even if you are ordering just one case.<br/>""<br/>""✔ Sold as a full case only<br/>""<br/>""✔ Reliable supply for pharmacies and medical offices<br/>""<br/>""Please message with any questions.",FixedPrice,GTC,272.55,,,,,1,,United States,Flat,USPSPriority,10.00,,,2,,,ReturnsAccepted,Days_30,MoneyBack,Buyer,,,,,,,,,,,,,,,,,,,,,,,,,,
Add,MYL-PS-063,52533,,1/4 oz CR Exit Bag Gloss White Opaque,,,,,1000,bagsupplyco,,,,United States,https://www.bagsupplyco.com/images/mylar/1-4-oz-cr-exit-gloss-white-opaque-plain.webp,,,"1/4 oz CR Exit Bag Gloss White Opaque<br/>""<br/>""High-quality pharmacy prescription bags featuring the classic design. Strong, dependable paper bags built for everyday pharmacy and retail use.<br/>""<br/>""📦 Product Details<br/>""<br/>""Design: MYL-PS-063<br/>""<br/>""Size: N/A<br/>""<br/>""Quantity: 1<br/>""<br/>""Material: Durable paper<br/>""<br/>""Condition: Brand new<br/>""<br/>""Country of Manufacture: Made in the USA 🇺🇸<br/>""<br/>""🚚 Shipping<br/>""<br/>""Flat $10 shipping per case.<br/>""<br/>""Orders ship within 2 business days — most ship same or next business day.<br/>""<br/>""💼 Better Pricing Available<br/>""<br/>""Contact bagsupplyco directly for a cheaper rate — even if you are ordering just one case.<br/>""<br/>""✔ Sold as a full case only<br/>""<br/>""✔ Reliable supply for pharmacies and medical offices<br/>""<br/>""Please message with any questions.",FixedPrice,GTC,209.30,,,,,1,,United States,Flat,USPSPriority,10.00,,,2,,,ReturnsAccepted,Days_30,MoneyBack,Buyer,,,,,,,,,,,,,,,,,,,,,,,,,,
Add,MYL-PS-064,52533,,1/4 oz CR Exit Bag Kraft Opaque,,,,,1000,bagsupplyco,,,,United States,https://www.bagsupplyco.com/images/mylar/1-4-oz-cr-exit-kraft-opaque-plain.webp,,,"1/4 oz CR Exit Bag Kraft Opaque<br/>""<br/>""High-quality pharmacy prescription bags featuring the classic design. Strong, dependable paper bags built for everyday pharmacy and retail use.<br/>""<br/>""📦 Product Details<br/>""<br/>""Design: MYL-PS-064<br/>""<br/>""Size: N/A<br/>""<br/>""Quantity: 1<br/>""<br/>""Material: Durable paper<br/>""<br/>""Condition: Brand new<br/>""<br/>""Country of Manufacture: Made in the USA 🇺🇸<br/>""<br/>""🚚 Shipping<br/>""<br/>""Flat $10 shipping per case.<br/>""<br/>""Orders ship within 2 business days — most ship same or next business day.<br/>""<br/>""💼 Better Pricing Available<br/>""<br/>""Contact bagsupplyco directly for a cheaper rate — even if you are ordering just one case.<br/>""<br/>""✔ Sold as a full case only<br/>""<br/>""✔ Reliable supply for pharmacies and medical offices<br/>""<br/>""Please message with any questions.",FixedPrice,GTC,272.55,,,,,1,,United States,Flat,USPSPriority,10.00,,,2,,,ReturnsAccepted,Days_30,MoneyBack,Buyer,,,,,,,,,,,,,,,,,,,,,,,,,,
Add,MYL-PS-065,52533,,1/2 oz CR Exit Bag Matte Black Opaque,,,,,1000,bagsupplyco,,,,United States,https://www.bagsupplyco.com/images/mylar/1-2-oz-cr-exit-matte-black-opaque-plain.webp,,,"1/2 oz CR Exit Bag Matte Black Opaque<br/>""<br/>""High-quality pharmacy prescription bags featuring the classic design. Strong, dependable paper bags built for everyday pharmacy and retail use.<br/>""<br/>""📦 Product Details<br/>""<br/>""Design: MYL-PS-065<br/>""<br/>""Size: N/A<br/>""<br/>""Quantity: 1<br/>""<br/>""Material: Durable paper<br/>""<br/>""Condition: Brand new<br/>""<br/>""Country of Manufacture: Made in the USA 🇺🇸<br/>""<br/>""🚚 Shipping<br/>""<br/>""Flat $10 shipping per case.<br/>""<br/>""Orders ship within 2 business days — most ship same or next business day.<br/>""<br/>""💼 Better Pricing Available<br/>""<br/>""Contact bagsupplyco directly for a cheaper rate — even if you are ordering just one case.<br/>""<br/>""✔ Sold as a full case only<br/>""<br/>""✔ Reliable supply for pharmacies and medical offices<br/>""<br/>""Please message with any questions.",FixedPrice,GTC,334.65,,,,,1,,United States,Flat,USPSPriority,10.00,,,2,,,ReturnsAccepted,Days_30,MoneyBack,Buyer,,,,,,,,,,,,,,,,,,,,,,,,,,
Add,MYL-PS-066,52533,,1/2 oz CR Exit Bag Gloss Black/Clear,,,,,1000,bagsupplyco,,,,United States,https://www.bagsupplyco.com/images/mylar/1-2-oz-cr-exit-gloss-black-clear-plain.webp,,,"1/2 oz CR Exit Bag Gloss Black/Clear<br/>""<br/>""High-quality pharmacy prescription bags featuring the classic design. Strong, dependable paper bags built for everyday pharmacy and retail use.<br/>""<br/>""📦 Product Details<br/>""<br/>""Design: MYL-PS-066<br/>""<br/>""Size: N/A<br/>""<br/>""Quantity: 1<br/>""<br/>""Material: Durable paper<br/>""<br/>""Condition: Brand new<br/>""<br/>""Country of Manufacture: Made in the USA 🇺🇸<br/>""<br/>""🚚 Shipping<br/>""<br/>""Flat $10 shipping per case.<br/>""<br/>""Orders ship within 2 business days — most ship same or next business day.<br/>""<br/>""💼 Better Pricing Available<br/>""<br/>""Contact bagsupplyco directly for a cheaper rate — even if you are ordering just one case.<br/>""<br/>""✔ Sold as a full case only<br/>""<br/>""✔ Reliable supply for pharmacies and medical offices<br/>""<br/>""Please message with any questions.",FixedPrice,GTC,334.65,,,,,1,,United States,Flat,USPSPriority,10.00,,,2,,,ReturnsAccepted,Days_30,MoneyBack,Buyer,,,,,,,,,,,,,,,,,,,,,,,,,,
Add,MYL-PS-067,52533,,1/2 oz CR Exit Bag Gloss Black Opaque,,,,,1000,bagsupplyco,,,,United States,https://www.bagsupplyco.com/images/mylar/1-2-oz-cr-exit-gloss-black-opaque-plain.webp,,,"1/2 oz CR Exit Bag Gloss Black Opaque<br/>""<br/>""High-quality pharmacy prescription bags featuring the classic design. Strong, dependable paper bags built for everyday pharmacy and retail use.<br/>""<br/>""📦 Product Details<br/>""<br/>""Design: MYL-PS-067<br/>""<br/>""Size: N/A<br/>""<br/>""Quantity: 1<br/>""<br/>""Material: Durable paper<br/>""<br/>""Condition: Brand new<br/>""<br/>""Country of Manufacture: Made in the USA 🇺🇸<br/>""<br/>""🚚 Shipping<br/>""<br/>""Flat $10 shipping per case.<br/>""<br/>""Orders ship within 2 business days — most ship same or next business day.<br/>""<br/>""💼 Better Pricing Available<br/>""<br/>""Contact bagsupplyco directly for a cheaper rate — even if you are ordering just one case.<br/>""<br/>""✔ Sold as a full case only<br/>""<br/>""✔ Reliable supply for pharmacies and medical offices<br/>""<br/>""Please message with any questions.",FixedPrice,GTC,334.65,,,,,1,,United States,Flat,USPSPriority,10.00,,,2,,,ReturnsAccepted,Days_30,MoneyBack,Buyer,,,,,,,,,,,,,,,,,,,,,,,,,,
Add,MYL-PS-068,52533,,1/2 oz CR Exit Bag Gloss White/Clear,,,,,1000,bagsupplyco,,,,United States,https://www.bagsupplyco.com/images/mylar/1-2-oz-cr-exit-gloss-white-clear-plain.webp,,,"1/2 oz CR Exit Bag Gloss White/Clear<br/>""<br/>""High-quality pharmacy prescription bags featuring the classic design. Strong, dependable paper bags built for everyday pharmacy and retail use.<br/>""<br/>""📦 Product Details<br/>""<br/>""Design: MYL-PS-068<br/>""<br/>""Size: N/A<br/>""<br/>""Quantity: 1<br/>""<br/>""Material: Durable paper<br/>""<br/>""Condition: Brand new<br/>""<br/>""Country of Manufacture: Made in the USA 🇺🇸<br/>""<br/>""🚚 Shipping<br/>""<br/>""Flat $10 shipping per case.<br/>""<br/>""Orders ship within 2 business days — most ship same or next business day.<br/>""<br/>""💼 Better Pricing Available<br/>""<br/>""Contact bagsupplyco directly for a cheaper rate — even if you are ordering just one case.<br/>""<br/>""✔ Sold as a full case only<br/>""<br/>""✔ Reliable supply for pharmacies and medical offices<br/>""<br/>""Please message with any questions.",FixedPrice,GTC,334.65,,,,,1,,United States,Flat,USPSPriority,10.00,,,2,,,ReturnsAccepted,Days_30,MoneyBack,Buyer,,,,,,,,,,,,,,,,,,,,,,,,,,
Add,MYL-PS-069,52533,,1/2 oz CR Exit Bag Kraft Opaque,,,,,1000,bagsupplyco,,,,United States,https://www.bagsupplyco.com/images/mylar/1-2-oz-cr-exit-kraft-opaque-plain.webp,,,"1/2 oz CR Exit Bag Kraft Opaque<br/>""<br/>""High-quality pharmacy prescription bags featuring the classic design. Strong, dependable paper bags built for everyday pharmacy and retail use.<br/>""<br/>""📦 Product Details<br/>""<br/>""Design: MYL-PS-069<br/>""<br/>""Size: N/A<br/>""<br/>""Quantity: 1<br/>""<br/>""Material: Durable paper<br/>""<br/>""Condition: Brand new<br/>""<br/>""Country of Manufacture: Made in the USA 🇺🇸<br/>""<br/>""🚚 Shipping<br/>""<br/>""Flat $10 shipping per case.<br/>""<br/>""Orders ship within 2 business days — most ship same or next business day.<br/>""<br/>""💼 Better Pricing Available<br/>""<br/>""Contact bagsupplyco directly for a cheaper rate — even if you are ordering just one case.<br/>""<br/>""✔ Sold as a full case only<br/>""<br/>""✔ Reliable supply for pharmacies and medical offices<br/>""<br/>""Please message with any questions.",FixedPrice,GTC,334.65,,,,,1,,United States,Flat,USPSPriority,10.00,,,2,,,ReturnsAccepted,Days_30,MoneyBack,Buyer,,,,,,,,,,,,,,,,,,,,,,,,,,
Add,MYL-PS-070,52533,,1 oz CR Exit Bag Matte Black Opaque,,,,,1000,bagsupplyco,,,,United States,https://www.bagsupplyco.com/images/mylar/1-oz-cr-exit-matte-black-opaque-plain.webp,,,"1 oz CR Exit Bag Matte Black Opaque<br/>""<br/>""High-quality pharmacy prescription bags featuring the classic design. Strong, dependable paper bags built for everyday pharmacy and retail use.<br/>""<br/>""📦 Product Details<br/>""<br/>""Design: MYL-PS-070<br/>""<br/>""Size: N/A<br/>""<br/>""Quantity: 1<br/>""<br/>""Material: Durable paper<br/>""<br/>""Condition: Brand new<br/>""<br/>""Country of Manufacture: Made in the USA 🇺🇸<br/>""<br/>""🚚 Shipping<br/>""<br/>""Flat $10 shipping per case.<br/>""<br/>""Orders ship within 2 business days — most ship same or next business day.<br/>""<br/>""💼 Better Pricing Available<br/>""<br/>""Contact bagsupplyco directly for a cheaper rate — even if you are ordering just one case.<br/>""<br/>""✔ Sold as a full case only<br/>""<br/>""✔ Reliable supply for pharmacies and medical offices<br/>""<br/>""Please message with any questions.",FixedPrice,GTC,397.90,,,,,1,,United States,Flat,USPSPriority,10.00,,,2,,,ReturnsAccepted,Days_30,MoneyBack,Buyer,,,,,,,,,,,,,,,,,,,,,,,,,,
Add,MYL-PS-071,52533,,1 oz CR Exit Bag Matte Black/Clear,,,,,1000,bagsupplyco,,,,United States,https://www.bagsupplyco.com/images/mylar/1-oz-cr-exit-matte-black-clear-plain.webp,,,"1 oz CR Exit Bag Matte Black/Clear<br/>""<br/>""High-quality pharmacy prescription bags featuring the classic design. Strong, dependable paper bags built for everyday pharmacy and retail use.<br/>""<br/>""📦 Product Details<br/>""<br/>""Design: MYL-PS-071<br/>""<br/>""Size: N/A<br/>""<br/>""Quantity: 1<br/>""<br/>""Material: Durable paper<br/>""<br/>""Condition: Brand new<br/>""<br/>""Country of Manufacture: Made in the USA 🇺🇸<br/>""<br/>""🚚 Shipping<br/>""<br/>""Flat $10 shipping per case.<br/>""<br/>""Orders ship within 2 business days — most ship same or next business day.<br/>""<br/>""💼 Better Pricing Available<br/>""<br/>""Contact bagsupplyco directly for a cheaper rate — even if you are ordering just one case.<br/>""<br/>""✔ Sold as a full case only<br/>""<br/>""✔ Reliable supply for pharmacies and medical offices<br/>""<br/>""Please message with any questions.",FixedPrice,GTC,397.90,,,,,1,,United States,Flat,USPSPriority,10.00,,,2,,,ReturnsAccepted,Days_30,MoneyBack,Buyer,,,,,,,,,,,,,,,,,,,,,,,,,,
Add,MYL-PS-072,52533,,1 oz CR Exit Bag Gloss Black Opaque,,,,,1000,bagsupplyco,,,,United States,https://www.bagsupplyco.com/images/mylar/1-oz-cr-exit-gloss-black-opaque-plain.webp,,,"1 oz CR Exit Bag Gloss Black Opaque<br/>""<br/>""High-quality pharmacy prescription bags featuring the classic design. Strong, dependable paper bags built for everyday pharmacy and retail use.<br/>""<br/>""📦 Product Details<br/>""<br/>""Design: MYL-PS-072<br/>""<br/>""Size: N/A<br/>""<br/>""Quantity: 1<br/>""<br/>""Material: Durable paper<br/>""<br/>""Condition: Brand new<br/>""<br/>""Country of Manufacture: Made in the USA 🇺🇸<br/>""<br/>""🚚 Shipping<br/>""<br/>""Flat $10 shipping per case.<br/>""<br/>""Orders ship within 2 business days — most ship same or next business day.<br/>""<br/>""💼 Better Pricing Available<br/>""<br/>""Contact bagsupplyco directly for a cheaper rate — even if you are ordering just one case.<br/>""<br/>""✔ Sold as a full case only<br/>""<br/>""✔ Reliable supply for pharmacies and medical offices<br/>""<br/>""Please message with any questions.",FixedPrice,GTC,397.90,,,,,1,,United States,Flat,USPSPriority,10.00,,,2,,,ReturnsAccepted,Days_30,MoneyBack,Buyer,,,,,,,,,,,,,,,,,,,,,,,,,,
Add,MYL-PS-073,52533,,1 oz CR Exit Bag Gloss White/Clear,,,,,1000,bagsupplyco,,,,United States,https://www.bagsupplyco.com/images/mylar/1-oz-cr-exit-gloss-white-clear-plain.webp,,,"1 oz CR Exit Bag Gloss White/Clear<br/>""<br/>""High-quality pharmacy prescription bags featuring the classic design. Strong, dependable paper bags built for everyday pharmacy and retail use.<br/>""<br/>""📦 Product Details<br/>""<br/>""Design: MYL-PS-073<br/>""<br/>""Size: N/A<br/>""<br/>""Quantity: 1<br/>""<br/>""Material: Durable paper<br/>""<br/>""Condition: Brand new<br/>""<br/>""Country of Manufacture: Made in the USA 🇺🇸<br/>""<br/>""🚚 Shipping<br/>""<br/>""Flat $10 shipping per case.<br/>""<br/>""Orders ship within 2 business days — most ship same or next business day.<br/>""<br/>""💼 Better Pricing Available<br/>""<br/>""Contact bagsupplyco directly for a cheaper rate — even if you are ordering just one case.<br/>""<br/>""✔ Sold as a full case only<br/>""<br/>""✔ Reliable supply for pharmacies and medical offices<br/>""<br/>""Please message with any questions.",FixedPrice,GTC,397.90,,,,,1,,United States,Flat,USPSPriority,10.00,,,2,,,ReturnsAccepted,Days_30,MoneyBack,Buyer,,,,,,,,,,,,,,,,,,,,,,,,,,
Add,MYL-PS-074,52533,,Medium 9 x 6 CR Exit Bag Gloss Black Opaque,,,,,1000,bagsupplyco,,,,United States,https://www.bagsupplyco.com/images/mylar/medium-9-x-6-cr-exit-gloss-black-opaque-plain.webp,,,"Medium 9 x 6 CR Exit Bag Gloss Black Opaque<br/>""<br/>""High-quality pharmacy prescription bags featuring the classic design. Strong, dependable paper bags built for everyday pharmacy and retail use.<br/>""<br/>""📦 Product Details<br/>""<br/>""Design: MYL-PS-074<br/>""<br/>""Size: N/A<br/>""<br/>""Quantity: 1<br/>""<br/>""Material: Durable paper<br/>""<br/>""Condition: Brand new<br/>""<br/>""Country of Manufacture: Made in the USA 🇺🇸<br/>""<br/>""🚚 Shipping<br/>""<br/>""Flat $10 shipping per case.<br/>""<br/>""Orders ship within 2 business days — most ship same or next business day.<br/>""<br/>""💼 Better Pricing Available<br/>""<br/>""Contact bagsupplyco directly for a cheaper rate — even if you are ordering just one case.<br/>""<br/>""✔ Sold as a full case only<br/>""<br/>""✔ Reliable supply for pharmacies and medical offices<br/>""<br/>""Please message with any questions.",FixedPrice,GTC,418.60,,,,,1,,United States,Flat,USPSPriority,10.00,,,2,,,ReturnsAccepted,Days_30,MoneyBack,Buyer,,,,,,,,,,,,,,,,,,,,,,,,,,
Add,MYL-PS-075,52533,,Medium 9 x 6 CR Exit Bag Gloss White Opaque,,,,,1000,bagsupplyco,,,,United States,https://www.bagsupplyco.com/images/mylar/medium-9-x-6-cr-exit-gloss-white-opaque-plain.webp,,,"Medium 9 x 6 CR Exit Bag Gloss White Opaque<br/>""<br/>""High-quality pharmacy prescription bags featuring the classic design. Strong, dependable paper bags built for everyday pharmacy and retail use.<br/>""<br/>""📦 Product Details<br/>""<br/>""Design: MYL-PS-075<br/>""<br/>""Size: N/A<br/>""<br/>""Quantity: 1<br/>""<br/>""Material: Durable paper<br/>""<br/>""Condition: Brand new<br/>""<br/>""Country of Manufacture: Made in the USA 🇺🇸<br/>""<br/>""🚚 Shipping<br/>""<br/>""Flat $10 shipping per case.<br/>""<br/>""Orders ship within 2 business days — most ship same or next business day.<br/>""<br/>""💼 Better Pricing Available<br/>""<br/>""Contact bagsupplyco directly for a cheaper rate — even if you are ordering just one case.<br/>""<br/>""✔ Sold as a full case only<br/>""<br/>""✔ Reliable supply for pharmacies and medical offices<br/>""<br/>""Please message with any questions.",FixedPrice,GTC,418.60,,,,,1,,United States,Flat,USPSPriority,10.00,,,2,,,ReturnsAccepted,Days_30,MoneyBack,Buyer,,,,,,,,,,,,,,,,,,,,,,,,,,
Add,MYL-PS-076,52533,,Large 12 x 9 CR Exit Bag Gloss Black Opaque,,,,,1000,bagsupplyco,,,,United States,https://www.bagsupplyco.com/images/mylar/large-12-x-9-cr-exit-gloss-black-opaque-plain.webp,,,"Large 12 x 9 CR Exit Bag Gloss Black Opaque<br/>""<br/>""High-quality pharmacy prescription bags featuring the classic design. Strong, dependable paper bags built for everyday pharmacy and retail use.<br/>""<br/>""📦 Product Details<br/>""<br/>""Design: MYL-PS-076<br/>""<br/>""Size: N/A<br/>""<br/>""Quantity: 1<br/>""<br/>""Material: Durable paper<br/>""<br/>""Condition: Brand new<br/>""<br/>""Country of Manufacture: Made in the USA 🇺🇸<br/>""<br/>""🚚 Shipping<br/>""<br/>""Flat $10 shipping per case.<br/>""<br/>""Orders ship within 2 business days — most ship same or next business day.<br/>""<br/>""💼 Better Pricing Available<br/>""<br/>""Contact bagsupplyco directly for a cheaper rate — even if you are ordering just one case.<br/>""<br/>""✔ Sold as a full case only<br/>""<br/>""✔ Reliable supply for pharmacies and medical offices<br/>""<br/>""Please message with any questions.",FixedPrice,GTC,564.65,,,,,1,,United States,Flat,USPSPriority,10.00,,,2,,,ReturnsAccepted,Days_30,MoneyBack,Buyer,,,,,,,,,,,,,,,,,,,,,,,,,,
Add,MYL-PS-077,52533,,Pre-Roll CR Top Zipper Matte Black Opaque,,,,,1000,bagsupplyco,,,,United States,https://www.bagsupplyco.com/images/mylar/pre-roll-cr-top-zipper-matte-black-opaque-plain.webp,,,"Pre-Roll CR Top Zipper Matte Black Opaque<br/>""<br/>""High-quality pharmacy prescription bags featuring the classic design. Strong, dependable paper bags built for everyday pharmacy and retail use.<br/>""<br/>""📦 Product Details<br/>""<br/>""Design: MYL-PS-077<br/>""<br/>""Size: N/A<br/>""<br/>""Quantity: 1<br/>""<br/>""Material: Durable paper<br/>""<br/>""Condition: Brand new<br/>""<br/>""Country of Manufacture: Made in the USA 🇺🇸<br/>""<br/>""🚚 Shipping<br/>""<br/>""Flat $10 shipping per case.<br/>""<br/>""Orders ship within 2 business days — most ship same or next business day.<br/>""<br/>""💼 Better Pricing Available<br/>""<br/>""Contact bagsupplyco directly for a cheaper rate — even if you are ordering just one case.<br/>""<br/>""✔ Sold as a full case only<br/>""<br/>""✔ Reliable supply for pharmacies and medical offices<br/>""<br/>""Please message with any questions.",FixedPrice,GTC,167.90,,,,,1,,United States,Flat,USPSPriority,10.00,,,2,,,ReturnsAccepted,Days_30,MoneyBack,Buyer,,,,,,,,,,,,,,,,,,,,,,,,,,
Add,MYL-PS-078,52533,,1g Gloss Gold/Clear,,,,,1000,bagsupplyco,,,,United States,https://www.bagsupplyco.com/images/mylar/1g-gloss-gold-clear-plain.webp,,,"1g Gloss Gold/Clear<br/>""<br/>""High-quality pharmacy prescription bags featuring the classic design. Strong, dependable paper bags built for everyday pharmacy and retail use.<br/>""<br/>""📦 Product Details<br/>""<br/>""Design: MYL-PS-078<br/>""<br/>""Size: N/A<br/>""<br/>""Quantity: 1<br/>""<br/>""Material: Durable paper<br/>""<br/>""Condition: Brand new<br/>""<br/>""Country of Manufacture: Made in the USA 🇺🇸<br/>""<br/>""🚚 Shipping<br/>""<br/>""Flat $10 shipping per case.<br/>""<br/>""Orders ship within 2 business days — most ship same or next business day.<br/>""<br/>""💼 Better Pricing Available<br/>""<br/>""Contact bagsupplyco directly for a cheaper rate — even if you are ordering just one case.<br/>""<br/>""✔ Sold as a full case only<br/>""<br/>""✔ Reliable supply for pharmacies and medical offices<br/>""<br/>""Please message with any questions.",FixedPrice,GTC,147.20,,,,,1,,United States,Flat,USPSPriority,10.00,,,2,,,ReturnsAccepted,Days_30,MoneyBack,Buyer,,,,,,,,,,,,,,,,,,,,,,,,,,
Add,MYL-PS-079,52533,,1/4 oz Gloss Gold/Clear,,,,,1000,bagsupplyco,,,,United States,https://www.bagsupplyco.com/images/mylar/1-4-oz-gloss-gold-clear-plain.webp,,,"1/4 oz Gloss Gold/Clear<br/>""<br/>""High-quality pharmacy prescription bags featuring the classic design. Strong, dependable paper bags built for everyday pharmacy and retail use.<br/>""<br/>""📦 Product Details<br/>""<br/>""Design: MYL-PS-079<br/>""<br/>""Size: N/A<br/>""<br/>""Quantity: 1<br/>""<br/>""Material: Durable paper<br/>""<br/>""Condition: Brand new<br/>""<br/>""Country of Manufacture: Made in the USA 🇺🇸<br/>""<br/>""🚚 Shipping<br/>""<br/>""Flat $10 shipping per case.<br/>""<br/>""Orders ship within 2 business days — most ship same or next business day.<br/>""<br/>""💼 Better Pricing Available<br/>""<br/>""Contact bagsupplyco directly for a cheaper rate — even if you are ordering just one case.<br/>""<br/>""✔ Sold as a full case only<br/>""<br/>""✔ Reliable supply for pharmacies and medical offices<br/>""<br/>""Please message with any questions.",FixedPrice,GTC,188.60,,,,,1,,United States,Flat,USPSPriority,10.00,,,2,,,ReturnsAccepted,Days_30,MoneyBack,Buyer,,,,,,,,,,,,,,,,,,,,,,,,,,
Add,MYL-PS-080,52533,,1/4 oz Gloss Silver/Clear,,,,,1000,bagsupplyco,,,,United States,https://www.bagsupplyco.com/images/mylar/1-4-oz-gloss-silver-clear-plain.webp,,,"1/4 oz Gloss Silver/Clear<br/>""<br/>""High-quality pharmacy prescription bags featuring the classic design. Strong, dependable paper bags built for everyday pharmacy and retail use.<br/>""<br/>""📦 Product Details<br/>""<br/>""Design: MYL-PS-080<br/>""<br/>""Size: N/A<br/>""<br/>""Quantity: 1<br/>""<br/>""Material: Durable paper<br/>""<br/>""Condition: Brand new<br/>""<br/>""Country of Manufacture: Made in the USA 🇺🇸<br/>""<br/>""🚚 Shipping<br/>""<br/>""Flat $10 shipping per case.<br/>""<br/>""Orders ship within 2 business days — most ship same or next business day.<br/>""<br/>""💼 Better Pricing Available<br/>""<br/>""Contact bagsupplyco directly for a cheaper rate — even if you are ordering just one case.<br/>""<br/>""✔ Sold as a full case only<br/>""<br/>""✔ Reliable supply for pharmacies and medical offices<br/>""<br/>""Please message with any questions.",FixedPrice,GTC,188.60,,,,,1,,United States,Flat,USPSPriority,10.00,,,2,,,ReturnsAccepted,Days_30,MoneyBack,Buyer,,,,,,,,,,,,,,,,,,,,,,,,,,
Add,MYL-PS-081,52533,,1/4 oz Kraft Opaque,,,,,1000,bagsupplyco,,,,United States,https://www.bagsupplyco.com/images/mylar/1-4-oz-kraft-opaque-plain.webp,,,"1/4 oz Kraft Opaque<br/>""<br/>""High-quality pharmacy prescription bags featuring the classic design. Strong, dependable paper bags built for everyday pharmacy and retail use.<br/>""<br/>""📦 Product Details<br/>""<br/>""Design: MYL-PS-081<br/>""<br/>""Size: N/A<br/>""<br/>""Quantity: 1<br/>""<br/>""Material: Durable paper<br/>""<br/>""Condition: Brand new<br/>""<br/>""Country of Manufacture: Made in the USA 🇺🇸<br/>""<br/>""🚚 Shipping<br/>""<br/>""Flat $10 shipping per case.<br/>""<br/>""Orders ship within 2 business days — most ship same or next business day.<br/>""<br/>""💼 Better Pricing Available<br/>""<br/>""Contact bagsupplyco directly for a cheaper rate — even if you are ordering just one case.<br/>""<br/>""✔ Sold as a full case only<br/>""<br/>""✔ Reliable supply for pharmacies and medical offices<br/>""<br/>""Please message with any questions.",FixedPrice,GTC,209.30,,,,,1,,United States,Flat,USPSPriority,10.00,,,2,,,ReturnsAccepted,Days_30,MoneyBack,Buyer,,,,,,,,,,,,,,,,,,,,,,,,,,
Add,MYL-PS-082,52533,,1/2 oz Gloss Gold/Clear,,,,,1000,bagsupplyco,,,,United States,https://www.bagsupplyco.com/images/mylar/1-2-oz-gloss-gold-clear-plain.webp,,,"1/2 oz Gloss Gold/Clear<br/>""<br/>""High-quality pharmacy prescription bags featuring the classic design. Strong, dependable paper bags built for everyday pharmacy and retail use.<br/>""<br/>""📦 Product Details<br/>""<br/>""Design: MYL-PS-082<br/>""<br/>""Size: N/A<br/>""<br/>""Quantity: 1<br/>""<br/>""Material: Durable paper<br/>""<br/>""Condition: Brand new<br/>""<br/>""Country of Manufacture: Made in the USA 🇺🇸<br/>""<br/>""🚚 Shipping<br/>""<br/>""Flat $10 shipping per case.<br/>""<br/>""Orders ship within 2 business days — most ship same or next business day.<br/>""<br/>""💼 Better Pricing Available<br/>""<br/>""Contact bagsupplyco directly for a cheaper rate — even if you are ordering just one case.<br/>""<br/>""✔ Sold as a full case only<br/>""<br/>""✔ Reliable supply for pharmacies and medical offices<br/>""<br/>""Please message with any questions.",FixedPrice,GTC,251.85,,,,,1,,United States,Flat,USPSPriority,10.00,,,2,,,ReturnsAccepted,Days_30,MoneyBack,Buyer,,,,,,,,,,,,,,,,,,,,,,,,,,
Add,MYL-PS-083,52533,,1/2 oz Gloss Silver/Clear,,,,,1000,bagsupplyco,,,,United States,https://www.bagsupplyco.com/images/mylar/1-2-oz-gloss-silver-clear-plain.webp,,,"1/2 oz Gloss Silver/Clear<br/>""<br/>""High-quality pharmacy prescription bags featuring the classic design. Strong, dependable paper bags built for everyday pharmacy and retail use.<br/>""<br/>""📦 Product Details<br/>""<br/>""Design: MYL-PS-083<br/>""<br/>""Size: N/A<br/>""<br/>""Quantity: 1<br/>""<br/>""Material: Durable paper<br/>""<br/>""Condition: Brand new<br/>""<br/>""Country of Manufacture: Made in the USA 🇺🇸<br/>""<br/>""🚚 Shipping<br/>""<br/>""Flat $10 shipping per case.<br/>""<br/>""Orders ship within 2 business days — most ship same or next business day.<br/>""<br/>""💼 Better Pricing Available<br/>""<br/>""Contact bagsupplyco directly for a cheaper rate — even if you are ordering just one case.<br/>""<br/>""✔ Sold as a full case only<br/>""<br/>""✔ Reliable supply for pharmacies and medical offices<br/>""<br/>""Please message with any questions.",FixedPrice,GTC,251.85,,,,,1,,United States,Flat,USPSPriority,10.00,,,2,,,ReturnsAccepted,Days_30,MoneyBack,Buyer,,,,,,,,,,,,,,,,,,,,,,,,,,
Add,MYL-PS-084,52533,,1/2 oz Kraft Opaque,,,,,1000,bagsupplyco,,,,United States,https://www.bagsupplyco.com/images/mylar/1-2-oz-kraft-opaque-plain.webp,,,"1/2 oz Kraft Opaque<br/>""<br/>""High-quality pharmacy prescription bags featuring the classic design. Strong, dependable paper bags built for everyday pharmacy and retail use.<br/>""<br/>""📦 Product Details<br/>""<br/>""Design: MYL-PS-084<br/>""<br/>""Size: N/A<br/>""<br/>""Quantity: 1<br/>""<br/>""Material: Durable paper<br/>""<br/>""Condition: Brand new<br/>""<br/>""Country of Manufacture: Made in the USA 🇺🇸<br/>""<br/>""🚚 Shipping<br/>""<br/>""Flat $10 shipping per case.<br/>""<br/>""Orders ship within 2 business days — most ship same or next business day.<br/>""<br/>""💼 Better Pricing Available<br/>""<br/>""Contact bagsupplyco directly for a cheaper rate — even if you are ordering just one case.<br/>""<br/>""✔ Sold as a full case only<br/>""<br/>""✔ Reliable supply for pharmacies and medical offices<br/>""<br/>""Please message with any questions.",FixedPrice,GTC,230.00,,,,,1,,United States,Flat,USPSPriority,10.00,,,2,,,ReturnsAccepted,Days_30,MoneyBack,Buyer,,,,,,,,,,,,,,,,,,,,,,,,,,
Add,MYL-PS-085,52533,,1 oz Gloss Gold/Clear,,,,,1000,bagsupplyco,,,,United States,https://www.bagsupplyco.com/images/mylar/1-oz-gloss-gold-clear-plain.webp,,,"1 oz Gloss Gold/Clear<br/>""<br/>""High-quality pharmacy prescription bags featuring the classic design. Strong, dependable paper bags built for everyday pharmacy and retail use.<br/>""<br/>""📦 Product Details<br/>""<br/>""Design: MYL-PS-085<br/>""<br/>""Size: N/A<br/>""<br/>""Quantity: 1<br/>""<br/>""Material: Durable paper<br/>""<br/>""Condition: Brand new<br/>""<br/>""Country of Manufacture: Made in the USA 🇺🇸<br/>""<br/>""🚚 Shipping<br/>""<br/>""Flat $10 shipping per case.<br/>""<br/>""Orders ship within 2 business days — most ship same or next business day.<br/>""<br/>""💼 Better Pricing Available<br/>""<br/>""Contact bagsupplyco directly for a cheaper rate — even if you are ordering just one case.<br/>""<br/>""✔ Sold as a full case only<br/>""<br/>""✔ Reliable supply for pharmacies and medical offices<br/>""<br/>""Please message with any questions.",FixedPrice,GTC,293.25,,,,,1,,United States,Flat,USPSPriority,10.00,,,2,,,ReturnsAccepted,Days_30,MoneyBack,Buyer,,,,,,,,,,,,,,,,,,,,,,,,,,
Add,MYL-PS-086,52533,,1 oz Gloss Silver/Clear,,,,,1000,bagsupplyco,,,,United States,https://www.bagsupplyco.com/images/mylar/1-oz-gloss-silver-clear-plain.webp,,,"1 oz Gloss Silver/Clear<br/>""<br/>""High-quality pharmacy prescription bags featuring the classic design. Strong, dependable paper bags built for everyday pharmacy and retail use.<br/>""<br/>""📦 Product Details<br/>""<br/>""Design: MYL-PS-086<br/>""<br/>""Size: N/A<br/>""<br/>""Quantity: 1<br/>""<br/>""Material: Durable paper<br/>""<br/>""Condition: Brand new<br/>""<br/>""Country of Manufacture: Made in the USA 🇺🇸<br/>""<br/>""🚚 Shipping<br/>""<br/>""Flat $10 shipping per case.<br/>""<br/>""Orders ship within 2 business days — most ship same or next business day.<br/>""<br/>""💼 Better Pricing Available<br/>""<br/>""Contact bagsupplyco directly for a cheaper rate — even if you are ordering just one case.<br/>""<br/>""✔ Sold as a full case only<br/>""<br/>""✔ Reliable supply for pharmacies and medical offices<br/>""<br/>""Please message with any questions.",FixedPrice,GTC,293.25,,,,,1,,United States,Flat,USPSPriority,10.00,,,2,,,ReturnsAccepted,Days_30,MoneyBack,Buyer,,,,,,,,,,,,,,,,,,,,,,,,,,
Add,MYL-PS-087,52533,,1 oz Kraft Opaque,,,,,1000,bagsupplyco,,,,United States,https://www.bagsupplyco.com/images/mylar/1-oz-kraft-opaque-plain.webp,,,"1 oz Kraft Opaque<br/>""<br/>""High-quality pharmacy prescription bags featuring the classic design. Strong, dependable paper bags built for everyday pharmacy and retail use.<br/>""<br/>""📦 Product Details<br/>""<br/>""Design: MYL-PS-087<br/>""<br/>""Size: N/A<br/>""<br/>""Quantity: 1<br/>""<br/>""Material: Durable paper<br/>""<br/>""Condition: Brand new<br/>""<br/>""Country of Manufacture: Made in the USA 🇺🇸<br/>""<br/>""🚚 Shipping<br/>""<br/>""Flat $10 shipping per case.<br/>""<br/>""Orders ship within 2 business days — most ship same or next business day.<br/>""<br/>""💼 Better Pricing Available<br/>""<br/>""Contact bagsupplyco directly for a cheaper rate — even if you are ordering just one case.<br/>""<br/>""✔ Sold as a full case only<br/>""<br/>""✔ Reliable supply for pharmacies and medical offices<br/>""<br/>""Please message with any questions.",FixedPrice,GTC,355.35,,,,,1,,United States,Flat,USPSPriority,10.00,,,2,,,ReturnsAccepted,Days_30,MoneyBack,Buyer,,,,,,,,,,,,,,,,,,,,,,,,,,
Add,MYL-PS-088,52533,,1 oz Gloss Holographic/Clear,,,,,1000,bagsupplyco,,,,United States,https://www.bagsupplyco.com/images/mylar/1-oz-gloss-holographic-clear-plain.webp,,,"1 oz Gloss Holographic/Clear<br/>""<br/>""High-quality pharmacy prescription bags featuring the classic design. Strong, dependable paper bags built for everyday pharmacy and retail use.<br/>""<br/>""📦 Product Details<br/>""<br/>""Design: MYL-PS-088<br/>""<br/>""Size: N/A<br/>""<br/>""Quantity: 1<br/>""<br/>""Material: Durable paper<br/>""<br/>""Condition: Brand new<br/>""<br/>""Country of Manufacture: Made in the USA 🇺🇸<br/>""<br/>""🚚 Shipping<br/>""<br/>""Flat $10 shipping per case.<br/>""<br/>""Orders ship within 2 business days — most ship same or next business day.<br/>""<br/>""💼 Better Pricing Available<br/>""<br/>""Contact bagsupplyco directly for a cheaper rate — even if you are ordering just one case.<br/>""<br/>""✔ Sold as a full case only<br/>""<br/>""✔ Reliable supply for pharmacies and medical offices<br/>""<br/>""Please message with any questions.",FixedPrice,GTC,355.35,,,,,1,,United States,Flat,USPSPriority,10.00,,,2,,,ReturnsAccepted,Days_30,MoneyBack,Buyer,,,,,,,,,,,,,,,,,,,,,,,,,,
Add,MYL-PS-089,52533,,Pre-Roll Gloss Holographic/Clear,,,,,1000,bagsupplyco,,,,United States,https://www.bagsupplyco.com/images/mylar/pre-roll-gloss-holographic-clear-plain.webp,,,"Pre-Roll Gloss Holographic/Clear<br/>""<br/>""High-quality pharmacy prescription bags featuring the classic design. Strong, dependable paper bags built for everyday pharmacy and retail use.<br/>""<br/>""📦 Product Details<br/>""<br/>""Design: MYL-PS-089<br/>""<br/>""Size: N/A<br/>""<br/>""Quantity: 1<br/>""<br/>""Material: Durable paper<br/>""<br/>""Condition: Brand new<br/>""<br/>""Country of Manufacture: Made in the USA 🇺🇸<br/>""<br/>""🚚 Shipping<br/>""<br/>""Flat $10 shipping per case.<br/>""<br/>""Orders ship within 2 business days — most ship same or next business day.<br/>""<br/>""💼 Better Pricing Available<br/>""<br/>""Contact bagsupplyco directly for a cheaper rate — even if you are ordering just one case.<br/>""<br/>""✔ Sold as a full case only<br/>""<br/>""✔ Reliable supply for pharmacies and medical offices<br/>""<br/>""Please message with any questions.",FixedPrice,GTC,188.60,,,,,1,,United States,Flat,USPSPriority,10.00,,,2,,,ReturnsAccepted,Days_30,MoneyBack,Buyer,,,,,,,,,,,,,,,,,,,,,,,,,,
Add,MYL-PS-090,52533,,Pre-Roll Matte Black Opaque,,,,,1000,bagsupplyco,,,,United States,https://www.bagsupplyco.com/images/mylar/pre-roll-matte-black-opaque-plain.webp,,,"Pre-Roll Matte Black Opaque<br/>""<br/>""High-quality pharmacy prescription bags featuring the classic design. Strong, dependable paper bags built for everyday pharmacy and retail use.<br/>""<br/>""📦 Product Details<br/>""<br/>""Design: MYL-PS-090<br/>""<br/>""Size: N/A<br/>""<br/>""Quantity: 1<br/>""<br/>""Material: Durable paper<br/>""<br/>""Condition: Brand new<br/>""<br/>""Country of Manufacture: Made in the USA 🇺🇸<br/>""<br/>""🚚 Shipping<br/>""<br/>""Flat $10 shipping per case.<br/>""<br/>""Orders ship within 2 business days — most ship same or next business day.<br/>""<br/>""💼 Better Pricing Available<br/>""<br/>""Contact bagsupplyco directly for a cheaper rate — even if you are ordering just one case.<br/>""<br/>""✔ Sold as a full case only<br/>""<br/>""✔ Reliable supply for pharmacies and medical offices<br/>""<br/>""Please message with any questions.",FixedPrice,GTC,167.90,,,,,1,,United States,Flat,USPSPriority,10.00,,,2,,,ReturnsAccepted,Days_30,MoneyBack,Buyer,,,,,,,,,,,,,,,,,,,,,,,,,,
Add,MYL-PS-091,52533,,Pre-Roll Kraft Opaque,,,,,1000,bagsupplyco,,,,United States,https://www.bagsupplyco.com/images/mylar/pre-roll-kraft-opaque-plain.webp,,,"Pre-Roll Kraft Opaque<br/>""<br/>""High-quality pharmacy prescription bags featuring the classic design. Strong, dependable paper bags built for everyday pharmacy and retail use.<br/>""<br/>""📦 Product Details<br/>""<br/>""Design: MYL-PS-091<br/>""<br/>""Size: N/A<br/>""<br/>""Quantity: 1<br/>""<br/>""Material: Durable paper<br/>""<br/>""Condition: Brand new<br/>""<br/>""Country of Manufacture: Made in the USA 🇺🇸<br/>""<br/>""🚚 Shipping<br/>""<br/>""Flat $10 shipping per case.<br/>""<br/>""Orders ship within 2 business days — most ship same or next business day.<br/>""<br/>""💼 Better Pricing Available<br/>""<br/>""Contact bagsupplyco directly for a cheaper rate — even if you are ordering just one case.<br/>""<br/>""✔ Sold as a full case only<br/>""<br/>""✔ Reliable supply for pharmacies and medical offices<br/>""<br/>""Please message with any questions.",FixedPrice,GTC,167.90,,,,,1,,United States,Flat,USPSPriority,10.00,,,2,,,ReturnsAccepted,Days_30,MoneyBack,Buyer,,,,,,,,,,,,,,,,,,,,,,,,,,
Add,MYL-PS-092,52533,,Pre-Roll Matte White Opaque,,,,,1000,bagsupplyco,,,,United States,https://www.bagsupplyco.com/images/mylar/pre-roll-matte-white-opaque-plain.webp,,,"Pre-Roll Matte White Opaque<br/>""<br/>""High-quality pharmacy prescription bags featuring the classic design. Strong, dependable paper bags built for everyday pharmacy and retail use.<br/>""<br/>""📦 Product Details<br/>""<br/>""Design: MYL-PS-092<br/>""<br/>""Size: N/A<br/>""<br/>""Quantity: 1<br/>""<br/>""Material: Durable paper<br/>""<br/>""Condition: Brand new<br/>""<br/>""Country of Manufacture: Made in the USA 🇺🇸<br/>""<br/>""🚚 Shipping<br/>""<br/>""Flat $10 shipping per case.<br/>""<br/>""Orders ship within 2 business days — most ship same or next business day.<br/>""<br/>""💼 Better Pricing Available<br/>""<br/>""Contact bagsupplyco directly for a cheaper rate — even if you are ordering just one case.<br/>""<br/>""✔ Sold as a full case only<br/>""<br/>""✔ Reliable supply for pharmacies and medical offices<br/>""<br/>""Please message with any questions.",FixedPrice,GTC,167.90,,,,,1,,United States,Flat,USPSPriority,10.00,,,2,,,ReturnsAccepted,Days_30,MoneyBack,Buyer,,,,,,,,,,,,,,,,,,,,,,,,,,
Add,MYL-PS-093,52533,,Pre-Roll Gloss Black/Clear Hang Hole,,,,,1000,bagsupplyco,,,,United States,https://www.bagsupplyco.com/images/mylar/pre-roll-gloss-black-clear-hang-hole-plain.webp,,,"Pre-Roll Gloss Black/Clear Hang Hole<br/>""<br/>""High-quality pharmacy prescription bags featuring the classic design. Strong, dependable paper bags built for everyday pharmacy and retail use.<br/>""<br/>""📦 Product Details<br/>""<br/>""Design: MYL-PS-093<br/>""<br/>""Size: N/A<br/>""<br/>""Quantity: 1<br/>""<br/>""Material: Durable paper<br/>""<br/>""Condition: Brand new<br/>""<br/>""Country of Manufacture: Made in the USA 🇺🇸<br/>""<br/>""🚚 Shipping<br/>""<br/>""Flat $10 shipping per case.<br/>""<br/>""Orders ship within 2 business days — most ship same or next business day.<br/>""<br/>""💼 Better Pricing Available<br/>""<br/>""Contact bagsupplyco directly for a cheaper rate — even if you are ordering just one case.<br/>""<br/>""✔ Sold as a full case only<br/>""<br/>""✔ Reliable supply for pharmacies and medical offices<br/>""<br/>""Please message with any questions.",FixedPrice,GTC,167.90,,,,,1,,United States,Flat,USPSPriority,10.00,,,2,,,ReturnsAccepted,Days_30,MoneyBack,Buyer,,,,,,,,,,,,,,,,,,,,,,,,,,
Add,MYL-PS-094,52533,,Syringe Pre-Roll Matte Black Opaque Hang Hole,,,,,1000,bagsupplyco,,,,United States,https://www.bagsupplyco.com/images/mylar/syringe-pre-roll-matte-black-opaque-hang-hole-plain.webp,,,"Syringe Pre-Roll Matte Black Opaque Hang Hole<br/>""<br/>""High-quality pharmacy prescription bags featuring the classic design. Strong, dependable paper bags built for everyday pharmacy and retail use.<br/>""<br/>""📦 Product Details<br/>""<br/>""Design: MYL-PS-094<br/>""<br/>""Size: N/A<br/>""<br/>""Quantity: 1<br/>""<br/>""Material: Durable paper<br/>""<br/>""Condition: Brand new<br/>""<br/>""Country of Manufacture: Made in the USA 🇺🇸<br/>""<br/>""🚚 Shipping<br/>""<br/>""Flat $10 shipping per case.<br/>""<br/>""Orders ship within 2 business days — most ship same or next business day.<br/>""<br/>""💼 Better Pricing Available<br/>""<br/>""Contact bagsupplyco directly for a cheaper rate — even if you are ordering just one case.<br/>""<br/>""✔ Sold as a full case only<br/>""<br/>""✔ Reliable supply for pharmacies and medical offices<br/>""<br/>""Please message with any questions.",FixedPrice,GTC,167.90,,,,,1,,United States,Flat,USPSPriority,10.00,,,2,,,ReturnsAccepted,Days_30,MoneyBack,Buyer,,,,,,,,,,,,,,,,,,,,,,,,,,
Add,MYL-PS-095,52533,,Syringe Pre-Roll Matte Black/Clear Hang Hole,,,,,1000,bagsupplyco,,,,United States,https://www.bagsupplyco.com/images/mylar/syringe-pre-roll-matte-black-clear-hang-hole-plain.webp,,,"Syringe Pre-Roll Matte Black/Clear Hang Hole<br/>""<br/>""High-quality pharmacy prescription bags featuring the classic design. Strong, dependable paper bags built for everyday pharmacy and retail use.<br/>""<br/>""📦 Product Details<br/>""<br/>""Design: MYL-PS-095<br/>""<br/>""Size: N/A<br/>""<br/>""Quantity: 1<br/>""<br/>""Material: Durable paper<br/>""<br/>""Condition: Brand new<br/>""<br/>""Country of Manufacture: Made in the USA 🇺🇸<br/>""<br/>""🚚 Shipping<br/>""<br/>""Flat $10 shipping per case.<br/>""<br/>""Orders ship within 2 business days — most ship same or next business day.<br/>""<br/>""💼 Better Pricing Available<br/>""<br/>""Contact bagsupplyco directly for a cheaper rate — even if you are ordering just one case.<br/>""<br/>""✔ Sold as a full case only<br/>""<br/>""✔ Reliable supply for pharmacies and medical offices<br/>""<br/>""Please message with any questions.",FixedPrice,GTC,167.90,,,,,1,,United States,Flat,USPSPriority,10.00,,,2,,,ReturnsAccepted,Days_30,MoneyBack,Buyer,,,,,,,,,,,,,,,,,,,,,,,,,,
Add,MYL-PS-096,52533,,Syringe Pre-Roll Gloss Black Opaque Hang Hole,,,,,1000,bagsupplyco,,,,United States,https://www.bagsupplyco.com/images/mylar/syringe-pre-roll-gloss-black-opaque-hang-hole-plain.webp,,,"Syringe Pre-Roll Gloss Black Opaque Hang Hole<br/>""<br/>""High-quality pharmacy prescription bags featuring the classic design. Strong, dependable paper bags built for everyday pharmacy and retail use.<br/>""<br/>""📦 Product Details<br/>""<br/>""Design: MYL-PS-096<br/>""<br/>""Size: N/A<br/>""<br/>""Quantity: 1<br/>""<br/>""Material: Durable paper<br/>""<br/>""Condition: Brand new<br/>""<br/>""Country of Manufacture: Made in the USA 🇺🇸<br/>""<br/>""🚚 Shipping<br/>""<br/>""Flat $10 shipping per case.<br/>""<br/>""Orders ship within 2 business days — most ship same or next business day.<br/>""<br/>""💼 Better Pricing Available<br/>""<br/>""Contact bagsupplyco directly for a cheaper rate — even if you are ordering just one case.<br/>""<br/>""✔ Sold as a full case only<br/>""<br/>""✔ Reliable supply for pharmacies and medical offices<br/>""<br/>""Please message with any questions.",FixedPrice,GTC,167.90,,,,,1,,United States,Flat,USPSPriority,10.00,,,2,,,ReturnsAccepted,Days_30,MoneyBack,Buyer,,,,,,,,,,,,,,,,,,,,,,,,,,
Add,MYL-DP-097,52533,,1/8 oz Holographic White Mushroom Pouch,,,,,1000,bagsupplyco,,,,United States,https://www.bagsupplyco.com/images/mylar/1-8-oz-holographic-white-mushroom-pouch-designer.webp,,,"1/8 oz Holographic White Mushroom Pouch<br/>""<br/>""High-quality pharmacy prescription bags featuring the classic design. Strong, dependable paper bags built for everyday pharmacy and retail use.<br/>""<br/>""📦 Product Details<br/>""<br/>""Design: MYL-DP-097<br/>""<br/>""Size: N/A<br/>""<br/>""Quantity: 1<br/>""<br/>""Material: Durable paper<br/>""<br/>""Condition: Brand new<br/>""<br/>""Country of Manufacture: Made in the USA 🇺🇸<br/>""<br/>""🚚 Shipping<br/>""<br/>""Flat $10 shipping per case.<br/>""<br/>""Orders ship within 2 business days — most ship same or next business day.<br/>""<br/>""💼 Better Pricing Available<br/>""<br/>""Contact bagsupplyco directly for a cheaper rate — even if you are ordering just one case.<br/>""<br/>""✔ Sold as a full case only<br/>""<br/>""✔ Reliable supply for pharmacies and medical offices<br/>""<br/>""Please message with any questions.",FixedPrice,GTC,293.25,,,,,1,,United States,Flat,USPSPriority,10.00,,,2,,,ReturnsAccepted,Days_30,MoneyBack,Buyer,,,,,,,,,,,,,,,,,,,,,,,,,,
Add,MYL-DP-098,52533,,1/8 oz Burnt Copper Mushroom Pouch,,,,,1000,bagsupplyco,,,,United States,https://www.bagsupplyco.com/images/mylar/1-8-oz-holographic-burnt-copper-mushroom-pouch-designer.webp,,,"1/8 oz Burnt Copper Mushroom Pouch<br/>""<br/>""High-quality pharmacy prescription bags featuring the classic design. Strong, dependable paper bags built for everyday pharmacy and retail use.<br/>""<br/>""📦 Product Details<br/>""<br/>""Design: MYL-DP-098<br/>""<br/>""Size: N/A<br/>""<br/>""Quantity: 1<br/>""<br/>""Material: Durable paper<br/>""<br/>""Condition: Brand new<br/>""<br/>""Country of Manufacture: Made in the USA 🇺🇸<br/>""<br/>""🚚 Shipping<br/>""<br/>""Flat $10 shipping per case.<br/>""<br/>""Orders ship within 2 business days — most ship same or next business day.<br/>""<br/>""💼 Better Pricing Available<br/>""<br/>""Contact bagsupplyco directly for a cheaper rate — even if you are ordering just one case.<br/>""<br/>""✔ Sold as a full case only<br/>""<br/>""✔ Reliable supply for pharmacies and medical offices<br/>""<br/>""Please message with any questions.",FixedPrice,GTC,293.25,,,,,1,,United States,Flat,USPSPriority,10.00,,,2,,,ReturnsAccepted,Days_30,MoneyBack,Buyer,,,,,,,,,,,,,,,,,,,,,,,,,,
Add,MYL-DP-099,52533,,1/4 oz Holographic Black Mushroom Pouch,,,,,1000,bagsupplyco,,,,United States,https://www.bagsupplyco.com/images/mylar/1-4-oz-holographic-black-mushroom-pouch-designer.webp,,,"1/4 oz Holographic Black Mushroom Pouch<br/>""<br/>""High-quality pharmacy prescription bags featuring the classic design. Strong, dependable paper bags built for everyday pharmacy and retail use.<br/>""<br/>""📦 Product Details<br/>""<br/>""Design: MYL-DP-099<br/>""<br/>""Size: N/A<br/>""<br/>""Quantity: 1<br/>""<br/>""Material: Durable paper<br/>""<br/>""Condition: Brand new<br/>""<br/>""Country of Manufacture: Made in the USA 🇺🇸<br/>""<br/>""🚚 Shipping<br/>""<br/>""Flat $10 shipping per case.<br/>""<br/>""Orders ship within 2 business days — most ship same or next business day.<br/>""<br/>""💼 Better Pricing Available<br/>""<br/>""Contact bagsupplyco directly for a cheaper rate — even if you are ordering just one case.<br/>""<br/>""✔ Sold as a full case only<br/>""<br/>""✔ Reliable supply for pharmacies and medical offices<br/>""<br/>""Please message with any questions.",FixedPrice,GTC,313.95,,,,,1,,United States,Flat,USPSPriority,10.00,,,2,,,ReturnsAccepted,Days_30,MoneyBack,Buyer,,,,,,,,,,,,,,,,,,,,,,,,,,
Add,MYL-DP-100,52533,,1/8 oz Holographic Caviar Diamonds Pouch,,,,,1000,bagsupplyco,,,,United States,https://www.bagsupplyco.com/images/mylar/1-8-oz-holographic-caviar-diamonds-pouch-designer.webp,,,"1/8 oz Holographic Caviar Diamonds Pouch<br/>""<br/>""High-quality pharmacy prescription bags featuring the classic design. Strong, dependable paper bags built for everyday pharmacy and retail use.<br/>""<br/>""📦 Product Details<br/>""<br/>""Design: MYL-DP-100<br/>""<br/>""Size: N/A<br/>""<br/>""Quantity: 1<br/>""<br/>""Material: Durable paper<br/>""<br/>""Condition: Brand new<br/>""<br/>""Country of Manufacture: Made in the USA 🇺🇸<br/>""<br/>""🚚 Shipping<br/>""<br/>""Flat $10 shipping per case.<br/>""<br/>""Orders ship within 2 business days — most ship same or next business day.<br/>""<br/>""💼 Better Pricing Available<br/>""<br/>""Contact bagsupplyco directly for a cheaper rate — even if you are ordering just one case.<br/>""<br/>""✔ Sold as a full case only<br/>""<br/>""✔ Reliable supply for pharmacies and medical offices<br/>""<br/>""Please message with any questions.",FixedPrice,GTC,293.25,,,,,1,,United States,Flat,USPSPriority,10.00,,,2,,,ReturnsAccepted,Days_30,MoneyBack,Buyer,,,,,,,,,,,,,,,,,,,,,,,,,,
Add,MYL-DP-101,52533,,1/8 oz Blue Cali Caviar Holographic Pouch,,,,,1000,bagsupplyco,,,,United States,https://www.bagsupplyco.com/images/mylar/1-8-oz-blue-cali-caviar-holographic-pouch-designer.webp,,,"1/8 oz Blue Cali Caviar Holographic Pouch<br/>""<br/>""High-quality pharmacy prescription bags featuring the classic design. Strong, dependable paper bags built for everyday pharmacy and retail use.<br/>""<br/>""📦 Product Details<br/>""<br/>""Design: MYL-DP-101<br/>""<br/>""Size: N/A<br/>""<br/>""Quantity: 1<br/>""<br/>""Material: Durable paper<br/>""<br/>""Condition: Brand new<br/>""<br/>""Country of Manufacture: Made in the USA 🇺🇸<br/>""<br/>""🚚 Shipping<br/>""<br/>""Flat $10 shipping per case.<br/>""<br/>""Orders ship within 2 business days — most ship same or next business day.<br/>""<br/>""💼 Better Pricing Available<br/>""<br/>""Contact bagsupplyco directly for a cheaper rate — even if you are ordering just one case.<br/>""<br/>""✔ Sold as a full case only<br/>""<br/>""✔ Reliable supply for pharmacies and medical offices<br/>""<br/>""Please message with any questions.",FixedPrice,GTC,293.25,,,,,1,,United States,Flat,USPSPriority,10.00,,,2,,,ReturnsAccepted,Days_30,MoneyBack,Buyer,,,,,,,,,,,,,,,,,,,,,,,,,,
Add,MYL-DP-102,52533,,1/8 oz Gloss Silver/Clear + Labels,,,,,1000,bagsupplyco,,,,United States,https://www.bagsupplyco.com/images/mylar/1-8-oz-gloss-silver-clear-with-labels-designer.webp,,,"1/8 oz Gloss Silver/Clear + Labels<br/>""<br/>""High-quality pharmacy prescription bags featuring the classic design. Strong, dependable paper bags built for everyday pharmacy and retail use.<br/>""<br/>""📦 Product Details<br/>""<br/>""Design: MYL-DP-102<br/>""<br/>""Size: N/A<br/>""<br/>""Quantity: 1<br/>""<br/>""Material: Durable paper<br/>""<br/>""Condition: Brand new<br/>""<br/>""Country of Manufacture: Made in the USA 🇺🇸<br/>""<br/>""🚚 Shipping<br/>""<br/>""Flat $10 shipping per case.<br/>""<br/>""Orders ship within 2 business days — most ship same or next business day.<br/>""<br/>""💼 Better Pricing Available<br/>""<br/>""Contact bagsupplyco directly for a cheaper rate — even if you are ordering just one case.<br/>""<br/>""✔ Sold as a full case only<br/>""<br/>""✔ Reliable supply for pharmacies and medical offices<br/>""<br/>""Please message with any questions.",FixedPrice,GTC,56.35,,,,,1,,United States,Flat,USPSPriority,10.00,,,2,,,ReturnsAccepted,Days_30,MoneyBack,Buyer,,,,,,,,,,,,,,,,,,,,,,,,,,
Add,MYL-DP-103,52533,,1g Gloss Holographic/Clear + Labels,,,,,1000,bagsupplyco,,,,United States,https://www.bagsupplyco.com/images/mylar/1g-gloss-holographic-clear-with-labels-designer.webp,,,"1g Gloss Holographic/Clear + Labels<br/>""<br/>""High-quality pharmacy prescription bags featuring the classic design. Strong, dependable paper bags built for everyday pharmacy and retail use.<br/>""<br/>""📦 Product Details<br/>""<br/>""Design: MYL-DP-103<br/>""<br/>""Size: N/A<br/>""<br/>""Quantity: 1<br/>""<br/>""Material: Durable paper<br/>""<br/>""Condition: Brand new<br/>""<br/>""Country of Manufacture: Made in the USA 🇺🇸<br/>""<br/>""🚚 Shipping<br/>""<br/>""Flat $10 shipping per case.<br/>""<br/>""Orders ship within 2 business days — most ship same or next business day.<br/>""<br/>""💼 Better Pricing Available<br/>""<br/>""Contact bagsupplyco directly for a cheaper rate — even if you are ordering just one case.<br/>""<br/>""✔ Sold as a full case only<br/>""<br/>""✔ Reliable supply for pharmacies and medical offices<br/>""<br/>""Please message with any questions.",FixedPrice,GTC,46.00,,,,,1,,United States,Flat,USPSPriority,10.00,,,2,,,ReturnsAccepted,Days_30,MoneyBack,Buyer,,,,,,,,,,,,,,,,,,,,,,,,,,
Add,MYL-DP-104,52533,,1/4 oz Gloss Holographic/Clear + Labels,,,,,1000,bagsupplyco,,,,United States,https://www.bagsupplyco.com/images/mylar/1-4-oz-gloss-holographic-clear-with-labels-designer.webp,,,"1/4 oz Gloss Holographic/Clear + Labels<br/>""<br/>""High-quality pharmacy prescription bags featuring the classic design. Strong, dependable paper bags built for everyday pharmacy and retail use.<br/>""<br/>""📦 Product Details<br/>""<br/>""Design: MYL-DP-104<br/>""<br/>""Size: N/A<br/>""<br/>""Quantity: 1<br/>""<br/>""Material: Durable paper<br/>""<br/>""Condition: Brand new<br/>""<br/>""Country of Manufacture: Made in the USA 🇺🇸<br/>""<br/>""🚚 Shipping<br/>""<br/>""Flat $10 shipping per case.<br/>""<br/>""Orders ship within 2 business days — most ship same or next business day.<br/>""<br/>""💼 Better Pricing Available<br/>""<br/>""Contact bagsupplyco directly for a cheaper rate — even if you are ordering just one case.<br/>""<br/>""✔ Sold as a full case only<br/>""<br/>""✔ Reliable supply for pharmacies and medical offices<br/>""<br/>""Please message with any questions.",FixedPrice,GTC,73.60,,,,,1,,United States,Flat,USPSPriority,10.00,,,2,,,ReturnsAccepted,Days_30,MoneyBack,Buyer,,,,,,,,,,,,,,,,,,,,,,,,,,
Add,LBL-001,52533,,Generic V2 Cannabis Rx Compliant Strain Labels,,,,,1000,bagsupplyco,,,,United States,https://www.bagsupplyco.com/images/labels/generic-v2-cannabis-rx-compliant-strain-labels.webp,,,"Generic V2 Cannabis Rx Compliant Strain Labels<br/>""<br/>""High-quality pharmacy prescription bags featuring the classic design. Strong, dependable paper bags built for everyday pharmacy and retail use.<br/>""<br/>""📦 Product Details<br/>""<br/>""Design: LBL-001<br/>""<br/>""Size: N/A<br/>""<br/>""Quantity: 1<br/>""<br/>""Material: Durable paper<br/>""<br/>""Condition: Brand new<br/>""<br/>""Country of Manufacture: Made in the USA 🇺🇸<br/>""<br/>""🚚 Shipping<br/>""<br/>""Flat $10 shipping per case.<br/>""<br/>""Orders ship within 2 business days — most ship same or next business day.<br/>""<br/>""💼 Better Pricing Available<br/>""<br/>""Contact bagsupplyco directly for a cheaper rate — even if you are ordering just one case.<br/>""<br/>""✔ Sold as a full case only<br/>""<br/>""✔ Reliable supply for pharmacies and medical offices<br/>""<br/>""Please message with any questions.",FixedPrice,GTC,13.80,,,,,1,,United States,Flat,USPSPriority,10.00,,,2,,,ReturnsAccepted,Days_30,MoneyBack,Buyer,,,,,,,,,,,,,,,,,,,,,,,,,,
Add,LBL-002,52533,,California V2 Universal Symbol Rx Compliant Labels,,,,,1000,bagsupplyco,,,,United States,https://www.bagsupplyco.com/images/labels/california-v2-universal-symbol-rx-compliant-labels.webp,,,"California V2 Universal Symbol Rx Compliant Labels<br/>""<br/>""High-quality pharmacy prescription bags featuring the classic design. Strong, dependable paper bags built for everyday pharmacy and retail use.<br/>""<br/>""📦 Product Details<br/>""<br/>""Design: LBL-002<br/>""<br/>""Size: N/A<br/>""<br/>""Quantity: 1<br/>""<br/>""Material: Durable paper<br/>""<br/>""Condition: Brand new<br/>""<br/>""Country of Manufacture: Made in the USA 🇺🇸<br/>""<br/>""🚚 Shipping<br/>""<br/>""Flat $10 shipping per case.<br/>""<br/>""Orders ship within 2 business days — most ship same or next business day.<br/>""<br/>""💼 Better Pricing Available<br/>""<br/>""Contact bagsupplyco directly for a cheaper rate — even if you are ordering just one case.<br/>""<br/>""✔ Sold as a full case only<br/>""<br/>""✔ Reliable supply for pharmacies and medical offices<br/>""<br/>""Please message with any questions.",FixedPrice,GTC,13.80,,,,,1,,United States,Flat,USPSPriority,10.00,,,2,,,ReturnsAccepted,Days_30,MoneyBack,Buyer,,,,,,,,,,,,,,,,,,,,,,,,,,
Add,LBL-003,52533,,Green Tamper Evident Universal Marijuana Strain Labels,,,,,1000,bagsupplyco,,,,United States,https://www.bagsupplyco.com/images/labels/green-tamper-evident-universal-marijuana-strain-labels.webp,,,"Green Tamper Evident Universal Marijuana Strain Labels<br/>""<br/>""High-quality pharmacy prescription bags featuring the classic design. Strong, dependable paper bags built for everyday pharmacy and retail use.<br/>""<br/>""📦 Product Details<br/>""<br/>""Design: LBL-003<br/>""<br/>""Size: N/A<br/>""<br/>""Quantity: 1<br/>""<br/>""Material: Durable paper<br/>""<br/>""Condition: Brand new<br/>""<br/>""Country of Manufacture: Made in the USA 🇺🇸<br/>""<br/>""🚚 Shipping<br/>""<br/>""Flat $10 shipping per case.<br/>""<br/>""Orders ship within 2 business days — most ship same or next business day.<br/>""<br/>""💼 Better Pricing Available<br/>""<br/>""Contact bagsupplyco directly for a cheaper rate — even if you are ordering just one case.<br/>""<br/>""✔ Sold as a full case only<br/>""<br/>""✔ Reliable supply for pharmacies and medical offices<br/>""<br/>""Please message with any questions.",FixedPrice,GTC,13.80,,,,,1,,United States,Flat,USPSPriority,10.00,,,2,,,ReturnsAccepted,Days_30,MoneyBack,Buyer,,,,,,,,,,,,,,,,,,,,,,,,,,
Add,LBL-004,52533,,Red Tamper Evident Universal Marijuana Strain Labels,,,,,1000,bagsupplyco,,,,United States,https://www.bagsupplyco.com/images/labels/red-tamper-evident-universal-marijuana-strain-labels.webp,,,"Red Tamper Evident Universal Marijuana Strain Labels<br/>""<br/>""High-quality pharmacy prescription bags featuring the classic design. Strong, dependable paper bags built for everyday pharmacy and retail use.<br/>""<br/>""📦 Product Details<br/>""<br/>""Design: LBL-004<br/>""<br/>""Size: N/A<br/>""<br/>""Quantity: 1<br/>""<br/>""Material: Durable paper<br/>""<br/>""Condition: Brand new<br/>""<br/>""Country of Manufacture: Made in the USA 🇺🇸<br/>""<br/>""🚚 Shipping<br/>""<br/>""Flat $10 shipping per case.<br/>""<br/>""Orders ship within 2 business days — most ship same or next business day.<br/>""<br/>""💼 Better Pricing Available<br/>""<br/>""Contact bagsupplyco directly for a cheaper rate — even if you are ordering just one case.<br/>""<br/>""✔ Sold as a full case only<br/>""<br/>""✔ Reliable supply for pharmacies and medical offices<br/>""<br/>""Please message with any questions.",FixedPrice,GTC,13.80,,,,,1,,United States,Flat,USPSPriority,10.00,,,2,,,ReturnsAccepted,Days_30,MoneyBack,Buyer,,,,,,,,,,,,,,,,,,,,,,,,,,
Add,LBL-005,52533,,Montana THC Universal Symbol Labels,,,,,1000,bagsupplyco,,,,United States,https://www.bagsupplyco.com/images/labels/montana-thc-universal-symbol-labels.webp,,,"Montana THC Universal Symbol Labels<br/>""<br/>""High-quality pharmacy prescription bags featuring the classic design. Strong, dependable paper bags built for everyday pharmacy and retail use.<br/>""<br/>""📦 Product Details<br/>""<br/>""Design: LBL-005<br/>""<br/>""Size: N/A<br/>""<br/>""Quantity: 1<br/>""<br/>""Material: Durable paper<br/>""<br/>""Condition: Brand new<br/>""<br/>""Country of Manufacture: Made in the USA 🇺🇸<br/>""<br/>""🚚 Shipping<br/>""<br/>""Flat $10 shipping per case.<br/>""<br/>""Orders ship within 2 business days — most ship same or next business day.<br/>""<br/>""💼 Better Pricing Available<br/>""<br/>""Contact bagsupplyco directly for a cheaper rate — even if you are ordering just one case.<br/>""<br/>""✔ Sold as a full case only<br/>""<br/>""✔ Reliable supply for pharmacies and medical offices<br/>""<br/>""Please message with any questions.",FixedPrice,GTC,13.80,,,,,1,,United States,Flat,USPSPriority,10.00,,,2,,,ReturnsAccepted,Days_30,MoneyBack,Buyer,,,,,,,,,,,,,,,,,,,,,,,,,,
Add,LBL-006,52533,,Oklahoma OMMA Universal Symbol Labels,,,,,1000,bagsupplyco,,,,United States,https://www.bagsupplyco.com/images/labels/oklahoma-omma-universal-symbol-labels.webp,,,"Oklahoma OMMA Universal Symbol Labels<br/>""<br/>""High-quality pharmacy prescription bags featuring the classic design. Strong, dependable paper bags built for everyday pharmacy and retail use.<br/>""<br/>""📦 Product Details<br/>""<br/>""Design: LBL-006<br/>""<br/>""Size: N/A<br/>""<br/>""Quantity: 1<br/>""<br/>""Material: Durable paper<br/>""<br/>""Condition: Brand new<br/>""<br/>""Country of Manufacture: Made in the USA 🇺🇸<br/>""<br/>""🚚 Shipping<br/>""<br/>""Flat $10 shipping per case.<br/>""<br/>""Orders ship within 2 business days — most ship same or next business day.<br/>""<br/>""💼 Better Pricing Available<br/>""<br/>""Contact bagsupplyco directly for a cheaper rate — even if you are ordering just one case.<br/>""<br/>""✔ Sold as a full case only<br/>""<br/>""✔ Reliable supply for pharmacies and medical offices<br/>""<br/>""Please message with any questions.",FixedPrice,GTC,13.80,,,,,1,,United States,Flat,USPSPriority,10.00,,,2,,,ReturnsAccepted,Days_30,MoneyBack,Buyer,,,,,,,,,,,,,,,,,,,,,,,,,,
Add,RT-TYB,52533,,Thank You T-Shirt Bags - Large,,,,,1000,bagsupplyco,,,,United States,https://www.bagsupplyco.com/images/catalog/retail-bags/thank-you-t-shirt-bags-main.webp,,,"Thank You T-Shirt Bags - Large<br/>""<br/>""High-quality pharmacy prescription bags featuring the classic design. Strong, dependable paper bags built for everyday pharmacy and retail use.<br/>""<br/>""📦 Product Details<br/>""<br/>""Design: Thank You<br/>""<br/>""Size: N/A<br/>""<br/>""Quantity: 1<br/>""<br/>""Material: Durable paper<br/>""<br/>""Condition: Brand new<br/>""<br/>""Country of Manufacture: Made in the USA 🇺🇸<br/>""<br/>""🚚 Shipping<br/>""<br/>""Flat $10 shipping per case.<br/>""<br/>""Orders ship within 2 business days — most ship same or next business day.<br/>""<br/>""💼 Better Pricing Available<br/>""<br/>""Contact bagsupplyco directly for a cheaper rate — even if you are ordering just one case.<br/>""<br/>""✔ Sold as a full case only<br/>""<br/>""✔ Reliable supply for pharmacies and medical offices<br/>""<br/>""Please message with any questions.",FixedPrice,GTC,51.75,,,,,1,,United States,Flat,USPSPriority,10.00,,,2,,,ReturnsAccepted,Days_30,MoneyBack,Buyer,,,,,,,,,,,,,,,,,,,,,,,,,,
Add,RT-TYB,52533,,Thank You T-Shirt Bags - Small,,,,,1000,bagsupplyco,,,,United States,https://www.bagsupplyco.com/images/catalog/retail-bags/thank-you-t-shirt-bags-main.webp,,,"Thank You T-Shirt Bags - Small<br/>""<br/>""High-quality pharmacy prescription bags featuring the classic design. Strong, dependable paper bags built for everyday pharmacy and retail use.<br/>""<br/>""📦 Product Details<br/>""<br/>""Design: Thank You<br/>""<br/>""Size: N/A<br/>""<br/>""Quantity: 1<br/>""<br/>""Material: Durable paper<br/>""<br/>""Condition: Brand new<br/>""<br/>""Country of Manufacture: Made in the USA 🇺🇸<br/>""<br/>""🚚 Shipping<br/>""<br/>""Flat $10 shipping per case.<br/>""<br/>""Orders ship within 2 business days — most ship same or next business day.<br/>""<br/>""💼 Better Pricing Available<br/>""<br/>""Contact bagsupplyco directly for a cheaper rate — even if you are ordering just one case.<br/>""<br/>""✔ Sold as a full case only<br/>""<br/>""✔ Reliable supply for pharmacies and medical offices<br/>""<br/>""Please message with any questions.",FixedPrice,GTC,34.50,,,,,1,,United States,Flat,USPSPriority,10.00,,,2,,,ReturnsAccepted,Days_30,MoneyBack,Buyer,,,,,,,,,,,,,,,,,,,,,,,,,,
Add,CIG-3X10,52533,,Printed Cigar Bags - 3 x 10,,,,,1000,bagsupplyco,,,,United States,https://www.bagsupplyco.com/images/catalog/cigar-bags/cigar-bag-3x10.jpg,,,"Printed Cigar Bags - 3 x 10<br/>""<br/>""High-quality pharmacy prescription bags featuring the classic design. Strong, dependable paper bags built for everyday pharmacy and retail use.<br/>""<br/>""📦 Product Details<br/>""<br/>""Design: CIG-3X10<br/>""<br/>""Size: N/A<br/>""<br/>""Quantity: 1<br/>""<br/>""Material: Durable paper<br/>""<br/>""Condition: Brand new<br/>""<br/>""Country of Manufacture: Made in the USA 🇺🇸<br/>""<br/>""🚚 Shipping<br/>""<br/>""Flat $10 shipping per case.<br/>""<br/>""Orders ship within 2 business days — most ship same or next business day.<br/>""<br/>""💼 Better Pricing Available<br/>""<br/>""Contact bagsupplyco directly for a cheaper rate — even if you are ordering just one case.<br/>""<br/>""✔ Sold as a full case only<br/>""<br/>""✔ Reliable supply for pharmacies and medical offices<br/>""<br/>""Please message with any questions.",FixedPrice,GTC,132.25,,,,,1,,United States,Flat,USPSPriority,10.00,,,2,,,ReturnsAccepted,Days_30,MoneyBack,Buyer,,,,,,,,,,,,,,,,,,,,,,,,,,
Add,CIG-5X10,52533,,Printed Cigar Bags - 5 x 10,,,,,1000,bagsupplyco,,,,United States,https://www.bagsupplyco.com/images/catalog/cigar-bags/cigar-bag-5x10.jpg,,,"Printed Cigar Bags - 5 x 10<br/>""<br/>""High-quality pharmacy prescription bags featuring the classic design. Strong, dependable paper bags built for everyday pharmacy and retail use.<br/>""<br/>""📦 Product Details<br/>""<br/>""Design: CIG-5X10<br/>""<br/>""Size: N/A<br/>""<br/>""Quantity: 1<br/>""<br/>""Material: Durable paper<br/>""<br/>""Condition: Brand new<br/>""<br/>""Country of Manufacture: Made in the USA 🇺🇸<br/>""<br/>""🚚 Shipping<br/>""<br/>""Flat $10 shipping per case.<br/>""<br/>""Orders ship within 2 business days — most ship same or next business day.<br/>""<br/>""💼 Better Pricing Available<br/>""<br/>""Contact bagsupplyco directly for a cheaper rate — even if you are ordering just one case.<br/>""<br/>""✔ Sold as a full case only<br/>""<br/>""✔ Reliable supply for pharmacies and medical offices<br/>""<br/>""Please message with any questions.",FixedPrice,GTC,138.00,,,,,1,,United States,Flat,USPSPriority,10.00,,,2,,,ReturnsAccepted,Days_30,MoneyBack,Buyer,,,,,,,,,,,,,,,,,,,,,,,,,,
Add,CIG-8X10,52533,,Printed Cigar Bags - 8 x 10,,,,,1000,bagsupplyco,,,,United States,https://www.bagsupplyco.com/images/catalog/cigar-bags/cigar-bag-8x10.jpg,,,"Printed Cigar Bags - 8 x 10<br/>""<br/>""High-quality pharmacy prescription bags featuring the classic design. Strong, dependable paper bags built for everyday pharmacy and retail use.<br/>""<br/>""📦 Product Details<br/>""<br/>""Design: CIG-8X10<br/>""<br/>""Size: N/A<br/>""<br/>""Quantity: 1<br/>""<br/>""Material: Durable paper<br/>""<br/>""Condition: Brand new<br/>""<br/>""Country of Manufacture: Made in the USA 🇺🇸<br/>""<br/>""🚚 Shipping<br/>""<br/>""Flat $10 shipping per case.<br/>""<br/>""Orders ship within 2 business days — most ship same or next business day.<br/>""<br/>""💼 Better Pricing Available<br/>""<br/>""Contact bagsupplyco directly for a cheaper rate — even if you are ordering just one case.<br/>""<br/>""✔ Sold as a full case only<br/>""<br/>""✔ Reliable supply for pharmacies and medical offices<br/>""<br/>""Please message with any questions.",FixedPrice,GTC,155.25,,,,,1,,United States,Flat,USPSPriority,10.00,,,2,,,ReturnsAccepted,Days_30,MoneyBack,Buyer,,,,,,,,,,,,,,,,,,,,,,,,,,
Add,CIG-SLD-6.5X10,52533,,Slider Cigar Bags 4 Mil - 6.5 x 10,,,,,1000,bagsupplyco,,,,United States,https://www.bagsupplyco.com/images/catalog/cigar-bags/cigar-bag-slider-6x10.jpg,,,"Slider Cigar Bags 4 Mil - 6.5 x 10<br/>""<br/>""High-quality pharmacy prescription bags featuring the classic design. Strong, dependable paper bags built for everyday pharmacy and retail use.<br/>""<br/>""📦 Product Details<br/>""<br/>""Design: CIG-SLD-6.5X10<br/>""<br/>""Size: N/A<br/>""<br/>""Quantity: 1<br/>""<br/>""Material: Durable paper<br/>""<br/>""Condition: Brand new<br/>""<br/>""Country of Manufacture: Made in the USA 🇺🇸<br/>""<br/>""🚚 Shipping<br/>""<br/>""Flat $10 shipping per case.<br/>""<br/>""Orders ship within 2 business days — most ship same or next business day.<br/>""<br/>""💼 Better Pricing Available<br/>""<br/>""Contact bagsupplyco directly for a cheaper rate — even if you are ordering just one case.<br/>""<br/>""✔ Sold as a full case only<br/>""<br/>""✔ Reliable supply for pharmacies and medical offices<br/>""<br/>""Please message with any questions.",FixedPrice,GTC,201.25,,,,,1,,United States,Flat,USPSPriority,10.00,,,2,,,ReturnsAccepted,Days_30,MoneyBack,Buyer,,,,,,,,,,,,,,,,,,,,,,,,,,
